protocol,condition,gpu,seeds,training_hours,per_seed_training_hours,decision_latency_seconds,peak_gpu_bytes,gradient_steps,charged_calls,slurm_jobs
tmaze-passive-l32-256-v3,full_context,NVIDIA GeForce RTX 3090 -> NVIDIA A30,"42, 100, 2026",7.302803495112532,"42: 7.237, 100: 7.315, 2026: 7.356",0.010801887038784722,658797568,127872,8000000,142791
tmaze-passive-l32-256-v3,full_gru,NVIDIA GeForce RTX 3090 -> NVIDIA A30,"42, 100, 2026",6.402164705922014,"42: 6.405, 100: 6.388, 2026: 6.413",0.0012455868327783213,307524608,127872,8000000,142837
tmaze-passive-l32-256-v3,memo,NVIDIA GeForce RTX 3090 -> NVIDIA L40S -> NVIDIA A30 -> NVIDIA GeForce RTX 3090 -> NVIDIA L40S -> NVIDIA A30,100,16.96458411547666,100: 16.965,0.004700690261149091,939539456,127872,8000000,142837
tmaze-passive-l32-256-v3,memo,NVIDIA GeForce RTX 3090 -> NVIDIA L40S -> NVIDIA A30 -> NVIDIA GeForce RTX 3090 -> NVIDIA L40S -> NVIDIA RTX PRO 6000 Blackwell Server Edition,42,13.73760533936655,42: 13.738,0.004599796362227319,989516800,127872,8000000,142837
tmaze-passive-l32-256-v3,memo,NVIDIA GeForce RTX 3090 -> NVIDIA L40S -> NVIDIA A30 -> NVIDIA RTX PRO 6000 Blackwell Server Edition -> NVIDIA A30,2026,17.956162306537387,2026: 17.956,0.005797502526226332,988814336,127872,8000000,142837
tmaze-passive-l32-256-v3,memo_fixed,NVIDIA L40S -> NVIDIA RTX PRO 6000 Blackwell Server Edition,"100, 2026",9.114002826636622,"100: 9.024, 2026: 9.204",0.004336031963986211,927478784,127872,8000000,143194
tmaze-passive-l32-256-v3,memo_fixed,NVIDIA RTX PRO 6000 Blackwell Server Edition -> NVIDIA L40S,42,9.397616912413827,42: 9.398,0.00454797326902958,879700480,127872,8000000,143194
tmaze-passive-l32-256-v3,raw_segment,NVIDIA L40S -> NVIDIA RTX PRO 6000 Blackwell Server Edition -> NVIDIA GeForce RTX 3090,42,14.28620120882178,42: 14.286,0.006590776579561138,770673664,127872,8000000,143105
tmaze-passive-l32-256-v3,raw_segment,NVIDIA RTX PRO 6000 Blackwell Server Edition -> NVIDIA L40S -> NVIDIA A30 -> NVIDIA L40S,100,11.956187147189533,100: 11.956,0.004106562252866617,763974656,127872,8000000,143105
tmaze-passive-l32-256-v3,raw_segment,NVIDIA RTX PRO 6000 Blackwell Server Edition -> NVIDIA L40S -> NVIDIA A30 -> NVIDIA RTX PRO 6000 Blackwell Server Edition -> NVIDIA L40S,2026,12.193293681151324,2026: 12.193,0.004072531714827855,763763712,127872,8000000,143105
tmaze-passive-l32-256-v3,raw_summary,NVIDIA L40S -> NVIDIA RTX PRO 6000 Blackwell Server Edition -> NVIDIA L40S -> NVIDIA RTX PRO 6000 Blackwell Server Edition,42,9.071857651443679,42: 9.072,0.0041747742247076735,814238208,127872,8000000,143105
tmaze-passive-l32-256-v3,raw_summary,NVIDIA RTX PRO 6000 Blackwell Server Edition -> NVIDIA L40S,"100, 2026",9.35310070534782,"100: 9.180, 2026: 9.526",0.005123304891475779,765166592,127872,8000000,143105
tmaze-passive-l32-256-v3,raw_summary_residual,NVIDIA GeForce RTX 3090 -> NVIDIA A30 -> NVIDIA GeForce RTX 3090 -> NVIDIA L40S,"42, 100",16.8620620656919,"42: 16.406, 100: 17.319",0.005971702817636886,765172224,127872,8000000,142791
tmaze-passive-l32-256-v3,raw_summary_residual,NVIDIA GeForce RTX 3090 -> NVIDIA A30 -> NVIDIA GeForce RTX 3090 -> NVIDIA RTX PRO 6000 Blackwell Server Edition,2026,16.55364086963146,2026: 16.554,0.005430418851373467,814237184,127872,8000000,142791
