cell,segment,norm
raw_summary,1,43.059177079127515
raw_summary,2,43.64721280007459
raw_summary,3,44.332503573712245
raw_summary,4,44.7469399253487
raw_summary,5,44.78347296506797
raw_summary,6,45.24368091866876
raw_summary,7,44.87405332486915
raw_summary,8,45.09250713444829
raw_summary,9,45.01111731352312
raw_summary,10,44.96032232284941
raw_summary,11,44.84912011488573
raw_summary,12,45.01976658817345
raw_summary,13,44.79945034006471
raw_summary,14,45.10317946139497
raw_summary,15,45.018243245694045
raw_summary,16,43.28381883689156
raw_summary,17,43.311976798795314
raw_summary,18,44.091895324769155
raw_summary,19,43.74481237531831
raw_summary,20,44.560267824939025
raw_summary,21,44.24858512252981
raw_summary,22,44.30083344297577
raw_summary,23,44.89207888701338
raw_summary,24,44.48556453567727
raw_summary,25,44.49606209486584
raw_summary,26,44.797909618852145
raw_summary,27,44.65280778872556
raw_summary,28,44.828356565605596
raw_summary,29,44.535510262324344
raw_summary,30,44.68837665883066
raw_summary,31,44.79548570155303
raw_summary,32,43.51004439873055
raw_summary,33,43.25825857186245
raw_summary,34,43.62171048454502
raw_summary,35,44.15852367432867
raw_summary,36,44.395269696545675
raw_summary,37,44.0789142540022
raw_summary,38,44.806352204351974
raw_summary,39,44.45206334239223
raw_summary,40,44.5581589164485
raw_summary,41,44.908536475359405
raw_summary,42,44.639746949792745
raw_summary,43,45.04267156871711
raw_summary,44,44.82406533935406
raw_summary,45,44.615601827845175
raw_summary,46,44.63878611124048
raw_summary,47,44.06542022719108
raw_summary,48,43.5030587700729
raw_summary,49,43.63392309777737
raw_summary,50,44.37598277948379
raw_summary,51,44.41727990547873
raw_summary,52,44.522741366277465
raw_summary,53,44.81239154147681
raw_summary,54,44.42269552933043
raw_summary,55,44.826385045137044
raw_summary,56,44.49909440220704
raw_summary,57,44.27860967443593
raw_summary,58,45.02315423315631
raw_summary,59,44.774108676011565
raw_summary,60,44.59278731462815
raw_summary,61,44.559071708567615
raw_summary,62,44.62428427655218
raw_summary,63,43.14790097105191
raw_summary,64,43.25093574382666
raw_summary,65,43.9537153474864
raw_summary,66,44.241195759284324
raw_summary,67,44.18668067924543
raw_summary,68,44.50138846024058
raw_summary,69,44.098621847234064
raw_summary,70,44.35494935934224
raw_summary,71,44.33468678572434
raw_summary,72,44.12154663659766
raw_summary,73,44.12666909327984
raw_summary,74,44.320368150294534
raw_summary,75,44.235808905011815
raw_summary,76,44.30202014487971
raw_summary,77,43.68039665714761
raw_summary,78,44.338647418244115
raw_summary,79,42.78423681434946
raw_summary,80,43.70055948813745
raw_summary,81,43.88396964502618
raw_summary,82,44.13340333363907
raw_summary,83,44.53285606577618
raw_summary,84,44.32169600358136
raw_summary,85,44.36376543616267
raw_summary,86,44.71025196713848
raw_summary,87,44.46176742686324
raw_summary,88,44.69370906950977
raw_summary,89,44.40037681369091
raw_summary,90,44.321575039870304
raw_summary,91,44.55764770168333
raw_summary,92,44.4100211521185
raw_summary,93,44.02938084271338
raw_summary,94,43.70488187061533
raw_summary,95,43.117590721080965
raw_summary,96,43.75422808633277
raw_summary,97,43.764517226245175
raw_summary,98,44.62135272949877
raw_summary,99,43.995990049999044
raw_summary,100,44.32110317891665
raw_summary,101,44.50041842715296
raw_summary,102,44.438561009027076
raw_summary,103,44.478038200540425
raw_summary,104,44.57195764265666
raw_summary,105,44.3870746824517
raw_summary,106,44.62634701635937
raw_summary,107,44.49117205334907
raw_summary,108,44.62234696442457
raw_summary,109,44.150362156358135
raw_summary,110,43.47950835059885
raw_summary,111,43.58828004177672
raw_summary,112,43.742610707411195
raw_summary,113,44.3710281406421
raw_summary,114,44.043075844235496
raw_summary,115,44.47268045107929
raw_summary,116,44.82509144159771
raw_summary,117,44.07419413749949
raw_summary,118,44.73042565137283
raw_summary,119,44.24038910256573
raw_summary,120,44.2989604207233
raw_summary,121,44.33573709453872
raw_summary,122,44.65103042951194
raw_summary,123,44.66601077124051
raw_summary,124,44.23158821755848
raw_summary_residual,1,2006.3842722183017
raw_summary_residual,2,2002.1982585009173
raw_summary_residual,3,1998.304334627587
raw_summary_residual,4,1993.571669075882
raw_summary_residual,5,1988.850445282724
raw_summary_residual,6,1983.7916599221196
raw_summary_residual,7,1978.0110615086571
raw_summary_residual,8,1971.6421965621341
raw_summary_residual,9,1964.2274824438107
raw_summary_residual,10,1955.048984144456
raw_summary_residual,11,1943.1068160665982
raw_summary_residual,12,1927.466095290213
raw_summary_residual,13,1906.0416978381847
raw_summary_residual,14,1878.5195602575059
raw_summary_residual,15,1846.0264367392172
raw_summary_residual,16,1811.1471193082923
raw_summary_residual,17,1775.2316227268868
raw_summary_residual,18,1738.2854141144362
raw_summary_residual,19,1701.3688144613745
raw_summary_residual,20,1664.9228142997374
raw_summary_residual,21,1628.7015229078077
raw_summary_residual,22,1592.891234882981
raw_summary_residual,23,1557.5334274999998
raw_summary_residual,24,1522.4526080379017
raw_summary_residual,25,1487.748204337601
raw_summary_residual,26,1453.3435847810306
raw_summary_residual,27,1419.5502155719385
raw_summary_residual,28,1386.0259603672603
raw_summary_residual,29,1353.2067002102929
raw_summary_residual,30,1320.7090827196537
raw_summary_residual,31,1288.8033515891784
raw_summary_residual,32,1257.020559006556
raw_summary_residual,33,1225.5274482826396
raw_summary_residual,34,1194.343465721525
raw_summary_residual,35,1163.8508807223322
raw_summary_residual,36,1133.9132096708784
raw_summary_residual,37,1104.6823554308312
raw_summary_residual,38,1075.9470059416465
raw_summary_residual,39,1048.150640666587
raw_summary_residual,40,1020.7896174413945
raw_summary_residual,41,994.3685485526097
raw_summary_residual,42,968.7765205579481
raw_summary_residual,43,944.2522031851967
raw_summary_residual,44,920.4715039573263
raw_summary_residual,45,898.0122002101602
raw_summary_residual,46,876.018632053464
raw_summary_residual,47,855.6305727308776
raw_summary_residual,48,836.1547008465885
raw_summary_residual,49,818.1023942193365
raw_summary_residual,50,801.3532777175077
raw_summary_residual,51,786.4744799250234
raw_summary_residual,52,772.9256797629463
raw_summary_residual,53,761.4525641583247
raw_summary_residual,54,751.6445539753772
raw_summary_residual,55,744.0701008349147
raw_summary_residual,56,738.2401101003856
raw_summary_residual,57,734.5533675153671
raw_summary_residual,58,733.0518786023694
raw_summary_residual,59,733.9327432327327
raw_summary_residual,60,736.778937470575
raw_summary_residual,61,742.1703506201447
raw_summary_residual,62,749.7841346562395
raw_summary_residual,63,759.2315109455759
raw_summary_residual,64,770.9266900154804
raw_summary_residual,65,784.5908951204136
raw_summary_residual,66,800.1689442825455
raw_summary_residual,67,817.8066272071304
raw_summary_residual,68,836.7746553684104
raw_summary_residual,69,857.2590079022021
raw_summary_residual,70,879.3504799755547
raw_summary_residual,71,902.7785084303604
raw_summary_residual,72,927.4877582615027
raw_summary_residual,73,953.1490697650155
raw_summary_residual,74,980.0177748135162
raw_summary_residual,75,1007.6306253764956
raw_summary_residual,76,1036.033570253937
raw_summary_residual,77,1065.2043033155053
raw_summary_residual,78,1095.1449378885354
raw_summary_residual,79,1125.340464656205
raw_summary_residual,80,1156.2233937928393
raw_summary_residual,81,1187.741390323015
raw_summary_residual,82,1219.7835614876262
raw_summary_residual,83,1252.337145141156
raw_summary_residual,84,1285.1088256869482
raw_summary_residual,85,1318.2333042260252
raw_summary_residual,86,1351.8000798044852
raw_summary_residual,87,1385.8283712028672
raw_summary_residual,88,1420.1269605537402
raw_summary_residual,89,1454.7308148113436
raw_summary_residual,90,1489.5371415375591
raw_summary_residual,91,1524.8168253264328
raw_summary_residual,92,1560.2311962012216
raw_summary_residual,93,1595.903153412265
raw_summary_residual,94,1631.4624273317625
raw_summary_residual,95,1667.0329000821687
raw_summary_residual,96,1702.9128779672653
raw_summary_residual,97,1739.2351172053075
raw_summary_residual,98,1775.597620993477
raw_summary_residual,99,1812.0262866818873
raw_summary_residual,100,1848.4684268941826
raw_summary_residual,101,1885.1140829883307
raw_summary_residual,102,1921.8786550251998
raw_summary_residual,103,1958.8881207531706
raw_summary_residual,104,1995.8720226077219
raw_summary_residual,105,2032.9907855003992
raw_summary_residual,106,2070.298159184054
raw_summary_residual,107,2107.6492024176564
raw_summary_residual,108,2145.045954101402
raw_summary_residual,109,2182.55277112741
raw_summary_residual,110,2219.8655005929754
raw_summary_residual,111,2257.370013795637
raw_summary_residual,112,2294.7902510540735
raw_summary_residual,113,2332.537045905025
raw_summary_residual,114,2370.283493887578
raw_summary_residual,115,2408.073586237548
raw_summary_residual,116,2445.985156558043
raw_summary_residual,117,2484.024718744504
raw_summary_residual,118,2522.0132653665755
raw_summary_residual,119,2559.9333620017187
raw_summary_residual,120,2598.0056388767985
raw_summary_residual,121,2636.3343064356686
raw_summary_residual,122,2674.5810562953166
raw_summary_residual,123,2712.9343420583427
raw_summary_residual,124,2751.297004307829
