condition,segment,position,query,estimate,lower,upper,streams,seeds,per_seed,history,split
full_gru,1,1,1,1.0,1.0,1.0,256,3,"{'42': 1.0, '100': 1.0, '2026': 1.0}",retained,confirmation
full_gru,1,2,2,1.0,1.0,1.0,256,3,"{'42': 1.0, '100': 1.0, '2026': 1.0}",retained,confirmation
full_gru,1,3,3,1.0,1.0,1.0,256,3,"{'42': 1.0, '100': 1.0, '2026': 1.0}",retained,confirmation
full_gru,1,4,4,1.0,1.0,1.0,256,3,"{'42': 1.0, '100': 1.0, '2026': 1.0}",retained,confirmation
full_gru,1,5,5,0.9973958333333334,0.9895833333333334,1.0,256,3,"{'42': 1.0, '100': 1.0, '2026': 0.992188}",retained,confirmation
full_gru,1,6,6,0.98828125,0.9609375,1.0,256,3,"{'42': 1.0, '100': 1.0, '2026': 0.964844}",retained,confirmation
full_gru,1,7,7,0.9791666666666666,0.9453125,1.0,256,3,"{'42': 1.0, '100': 0.992188, '2026': 0.945312}",retained,confirmation
full_gru,1,8,8,0.9700520833333334,0.9192708333333334,1.0,256,3,"{'42': 1.0, '100': 0.992188, '2026': 0.917969}",retained,confirmation
full_gru,1,9,9,0.953125,0.8984375,1.0,256,3,"{'42': 1.0, '100': 0.964844, '2026': 0.894531}",retained,confirmation
full_gru,1,10,10,0.9270833333333334,0.8397786458333335,1.0,256,3,"{'42': 1.0, '100': 0.957031, '2026': 0.824219}",retained,confirmation
full_gru,1,11,11,0.9114583333333334,0.8359375,1.0,256,3,"{'42': 1.0, '100': 0.886719, '2026': 0.847656}",retained,confirmation
full_gru,1,12,12,0.9140625,0.8450195312500001,1.0,256,3,"{'42': 1.0, '100': 0.886719, '2026': 0.855469}",retained,confirmation
full_gru,1,13,13,0.8776041666666666,0.78125,1.0,256,3,"{'42': 1.0, '100': 0.847656, '2026': 0.785156}",retained,confirmation
full_gru,1,14,14,0.8697916666666666,0.74609375,1.0,256,3,"{'42': 1.0, '100': 0.867188, '2026': 0.742188}",retained,confirmation
full_gru,1,15,15,0.8567708333333334,0.7421875,1.0,256,3,"{'42': 1.0, '100': 0.832031, '2026': 0.738281}",retained,confirmation
full_gru,1,16,16,0.8619791666666666,0.7421875,1.0,256,3,"{'42': 1.0, '100': 0.847656, '2026': 0.738281}",retained,confirmation
full_gru,1,17,17,0.86328125,0.7604166666666666,1.0,256,3,"{'42': 1.0, '100': 0.828125, '2026': 0.761719}",retained,confirmation
full_gru,1,18,18,0.86328125,0.7682291666666666,1.0,256,3,"{'42': 1.0, '100': 0.804688, '2026': 0.785156}",retained,confirmation
full_gru,1,19,19,0.8411458333333334,0.7343424479166667,1.0,256,3,"{'42': 1.0, '100': 0.769531, '2026': 0.753906}",retained,confirmation
full_gru,1,20,20,0.8763020833333334,0.7916666666666666,1.0,256,3,"{'42': 1.0, '100': 0.820312, '2026': 0.808594}",retained,confirmation
full_gru,1,21,21,0.87890625,0.7890625,1.0,256,3,"{'42': 1.0, '100': 0.792969, '2026': 0.84375}",retained,confirmation
full_gru,1,22,22,0.8567708333333334,0.7395507812500001,1.0,256,3,"{'42': 1.0, '100': 0.734375, '2026': 0.835938}",retained,confirmation
full_gru,1,23,23,0.8893229166666666,0.8072916666666666,1.0,256,3,"{'42': 1.0, '100': 0.8125, '2026': 0.855469}",retained,confirmation
full_gru,1,24,24,0.8736979166666666,0.7864583333333334,1.0,256,3,"{'42': 1.0, '100': 0.800781, '2026': 0.820312}",retained,confirmation
full_gru,1,25,25,0.8763020833333334,0.7747395833333334,1.0,256,3,"{'42': 1.0, '100': 0.773438, '2026': 0.855469}",retained,confirmation
full_gru,1,26,26,0.875,0.78125,1.0,256,3,"{'42': 1.0, '100': 0.789062, '2026': 0.835938}",retained,confirmation
full_gru,1,27,27,0.9010416666666666,0.8268229166666666,1.0,256,3,"{'42': 1.0, '100': 0.839844, '2026': 0.863281}",retained,confirmation
full_gru,1,28,28,0.9114583333333334,0.84375,1.0,256,3,"{'42': 1.0, '100': 0.871094, '2026': 0.863281}",retained,confirmation
full_gru,1,29,29,0.90234375,0.8306966145833333,1.0,256,3,"{'42': 1.0, '100': 0.84375, '2026': 0.863281}",retained,confirmation
full_gru,1,30,30,0.9127604166666666,0.8411458333333334,1.0,256,3,"{'42': 1.0, '100': 0.886719, '2026': 0.851562}",retained,confirmation
full_gru,1,31,31,0.9244791666666666,0.8580729166666666,1.0,256,3,"{'42': 1.0, '100': 0.910156, '2026': 0.863281}",retained,confirmation
full_gru,1,32,32,0.93359375,0.8553710937500002,1.0,256,3,"{'42': 1.0, '100': 0.949219, '2026': 0.851562}",retained,confirmation
full_gru,2,1,33,0.9205729166666666,0.84375,1.0,256,3,"{'42': 1.0, '100': 0.917969, '2026': 0.84375}",retained,confirmation
full_gru,2,2,34,0.9270833333333334,0.8267578125000001,1.0,256,3,"{'42': 1.0, '100': 0.957031, '2026': 0.824219}",retained,confirmation
full_gru,2,3,35,0.9388020833333334,0.86328125,1.0,256,3,"{'42': 1.0, '100': 0.960938, '2026': 0.855469}",retained,confirmation
full_gru,2,4,36,0.9361979166666666,0.8306640625000001,1.0,256,3,"{'42': 1.0, '100': 0.980469, '2026': 0.828125}",retained,confirmation
full_gru,2,5,37,0.9231770833333334,0.8176757812500001,1.0,256,3,"{'42': 1.0, '100': 0.964844, '2026': 0.804688}",retained,confirmation
full_gru,2,6,38,0.9244791666666666,0.8203125,1.0,256,3,"{'42': 1.0, '100': 0.96875, '2026': 0.804688}",retained,confirmation
full_gru,2,7,39,0.9427083333333334,0.8514973958333335,1.0,256,3,"{'42': 1.0, '100': 0.992188, '2026': 0.835938}",retained,confirmation
full_gru,2,8,40,0.9270833333333334,0.8046875,1.0,256,3,"{'42': 1.0, '100': 0.988281, '2026': 0.792969}",retained,confirmation
full_gru,2,9,41,0.9283854166666666,0.8006835937500002,1.0,256,3,"{'42': 1.0, '100': 0.996094, '2026': 0.789062}",retained,confirmation
full_gru,2,10,42,0.9322916666666666,0.8125,1.0,256,3,"{'42': 1.0, '100': 1.0, '2026': 0.796875}",retained,confirmation
full_gru,2,11,43,0.9440104166666666,0.84765625,1.0,256,3,"{'42': 1.0, '100': 0.996094, '2026': 0.835938}",retained,confirmation
full_gru,2,12,44,0.94140625,0.8515625,1.0,256,3,"{'42': 1.0, '100': 0.988281, '2026': 0.835938}",retained,confirmation
full_gru,2,13,45,0.94140625,0.8397460937500002,1.0,256,3,"{'42': 1.0, '100': 0.988281, '2026': 0.835938}",retained,confirmation
full_gru,2,14,46,0.9453125,0.8645507812500001,1.0,256,3,"{'42': 1.0, '100': 0.984375, '2026': 0.851562}",retained,confirmation
full_gru,2,15,47,0.9557291666666666,0.8828125,1.0,256,3,"{'42': 1.0, '100': 0.992188, '2026': 0.875}",retained,confirmation
full_gru,2,16,48,0.9583333333333334,0.88671875,1.0,256,3,"{'42': 1.0, '100': 0.992188, '2026': 0.882812}",retained,confirmation
full_gru,2,17,49,0.9557291666666666,0.8854166666666666,1.0,256,3,"{'42': 1.0, '100': 0.992188, '2026': 0.875}",retained,confirmation
full_gru,2,18,50,0.9609375,0.890625,1.0,256,3,"{'42': 1.0, '100': 0.996094, '2026': 0.886719}",retained,confirmation
full_gru,2,19,51,0.9700520833333334,0.9166666666666666,1.0,256,3,"{'42': 1.0, '100': 1.0, '2026': 0.910156}",retained,confirmation
full_gru,2,20,52,0.96875,0.9140299479166667,1.0,256,3,"{'42': 1.0, '100': 0.996094, '2026': 0.910156}",retained,confirmation
full_gru,2,21,53,0.9635416666666666,0.9088541666666666,1.0,256,3,"{'42': 1.0, '100': 0.988281, '2026': 0.902344}",retained,confirmation
full_gru,2,22,54,0.9830729166666666,0.9518229166666666,1.0,256,3,"{'42': 1.0, '100': 0.996094, '2026': 0.953125}",retained,confirmation
full_gru,2,23,55,0.9791666666666666,0.9401041666666666,1.0,256,3,"{'42': 1.0, '100': 0.996094, '2026': 0.941406}",retained,confirmation
full_gru,2,24,56,0.9856770833333334,0.96875,1.0,256,3,"{'42': 1.0, '100': 0.976562, '2026': 0.980469}",retained,confirmation
full_gru,2,25,57,0.9895833333333334,0.9687174479166667,1.0,256,3,"{'42': 1.0, '100': 0.972656, '2026': 0.996094}",retained,confirmation
full_gru,2,26,58,0.9869791666666666,0.9661458333333334,1.0,256,3,"{'42': 1.0, '100': 0.972656, '2026': 0.988281}",retained,confirmation
full_gru,2,27,59,0.9778645833333334,0.953125,1.0,256,3,"{'42': 1.0, '100': 0.96875, '2026': 0.964844}",retained,confirmation
full_gru,2,28,60,0.9713541666666666,0.94140625,1.0,256,3,"{'42': 1.0, '100': 0.949219, '2026': 0.964844}",retained,confirmation
full_gru,2,29,61,0.984375,0.9583333333333334,1.0,256,3,"{'42': 1.0, '100': 0.960938, '2026': 0.992188}",retained,confirmation
full_gru,2,30,62,0.9791666666666666,0.9375,1.0,256,3,"{'42': 1.0, '100': 0.9375, '2026': 1.0}",retained,confirmation
full_gru,2,31,63,0.98046875,0.9413736979166667,1.0,256,3,"{'42': 1.0, '100': 0.941406, '2026': 1.0}",retained,confirmation
full_gru,2,32,64,0.96484375,0.9114257812500001,1.0,256,3,"{'42': 1.0, '100': 0.914062, '2026': 0.980469}",retained,confirmation
full_gru,3,1,65,0.97265625,0.921875,1.0,256,3,"{'42': 1.0, '100': 0.921875, '2026': 0.996094}",retained,confirmation
full_gru,3,2,66,0.9752604166666666,0.9296223958333335,1.0,256,3,"{'42': 1.0, '100': 0.925781, '2026': 1.0}",retained,confirmation
full_gru,3,3,67,0.96875,0.9140625,1.0,256,3,"{'42': 1.0, '100': 0.910156, '2026': 0.996094}",retained,confirmation
full_gru,3,4,68,0.9661458333333334,0.9075520833333334,1.0,256,3,"{'42': 1.0, '100': 0.90625, '2026': 0.992188}",retained,confirmation
full_gru,3,5,69,0.9622395833333334,0.890625,1.0,256,3,"{'42': 1.0, '100': 0.886719, '2026': 1.0}",retained,confirmation
full_gru,3,6,70,0.953125,0.875,1.0,256,3,"{'42': 1.0, '100': 0.859375, '2026': 1.0}",retained,confirmation
full_gru,3,7,71,0.93359375,0.8163085937500002,1.0,256,3,"{'42': 1.0, '100': 0.804688, '2026': 0.996094}",retained,confirmation
full_gru,3,8,72,0.9427083333333334,0.84375,1.0,256,3,"{'42': 1.0, '100': 0.828125, '2026': 1.0}",retained,confirmation
full_gru,3,9,73,0.9361979166666666,0.8163085937500002,1.0,256,3,"{'42': 1.0, '100': 0.808594, '2026': 1.0}",retained,confirmation
full_gru,3,10,74,0.93359375,0.8306640625000001,1.0,256,3,"{'42': 1.0, '100': 0.800781, '2026': 1.0}",retained,confirmation
full_gru,3,11,75,0.9479166666666666,0.8553710937500002,1.0,256,3,"{'42': 1.0, '100': 0.84375, '2026': 1.0}",retained,confirmation
full_gru,3,12,76,0.9375,0.82421875,1.0,256,3,"{'42': 1.0, '100': 0.8125, '2026': 1.0}",retained,confirmation
full_gru,3,13,77,0.9375,0.82421875,1.0,256,3,"{'42': 1.0, '100': 0.8125, '2026': 1.0}",retained,confirmation
full_gru,3,14,78,0.9296875,0.80078125,1.0,256,3,"{'42': 1.0, '100': 0.789062, '2026': 1.0}",retained,confirmation
full_gru,3,15,79,0.9309895833333334,0.8084960937500002,1.0,256,3,"{'42': 1.0, '100': 0.792969, '2026': 1.0}",retained,confirmation
full_gru,3,16,80,0.93359375,0.8125,1.0,256,3,"{'42': 1.0, '100': 0.800781, '2026': 1.0}",retained,confirmation
full_gru,3,17,81,0.94921875,0.8619791666666666,1.0,256,3,"{'42': 1.0, '100': 0.847656, '2026': 1.0}",retained,confirmation
full_gru,3,18,82,0.9596354166666666,0.8932291666666666,1.0,256,3,"{'42': 1.0, '100': 0.878906, '2026': 1.0}",retained,confirmation
full_gru,3,19,83,0.94921875,0.8619791666666666,1.0,256,3,"{'42': 1.0, '100': 0.851562, '2026': 0.996094}",retained,confirmation
full_gru,3,20,84,0.9661458333333334,0.8984375,1.0,256,3,"{'42': 1.0, '100': 0.898438, '2026': 1.0}",retained,confirmation
full_gru,3,21,85,0.9700520833333334,0.921875,1.0,256,3,"{'42': 0.996094, '100': 0.917969, '2026': 0.996094}",retained,confirmation
full_gru,3,22,86,0.97265625,0.93359375,1.0,256,3,"{'42': 0.996094, '100': 0.933594, '2026': 0.988281}",retained,confirmation
full_gru,3,23,87,0.9791666666666666,0.9479166666666666,1.0,256,3,"{'42': 0.996094, '100': 0.945312, '2026': 0.996094}",retained,confirmation
full_gru,3,24,88,0.9791666666666666,0.94921875,1.0,256,3,"{'42': 0.992188, '100': 0.953125, '2026': 0.992188}",retained,confirmation
full_gru,3,25,89,0.9869791666666666,0.9739583333333334,0.9973958333333334,256,3,"{'42': 0.992188, '100': 0.980469, '2026': 0.988281}",retained,confirmation
full_gru,3,26,90,0.9895833333333334,0.9765625,1.0,256,3,"{'42': 0.992188, '100': 0.984375, '2026': 0.992188}",retained,confirmation
full_gru,3,27,91,0.984375,0.96875,0.99609375,256,3,"{'42': 0.988281, '100': 0.976562, '2026': 0.988281}",retained,confirmation
full_gru,3,28,92,0.984375,0.9661458333333334,0.9973958333333334,256,3,"{'42': 0.976562, '100': 0.996094, '2026': 0.980469}",retained,confirmation
full_gru,3,29,93,0.98046875,0.95703125,0.99609375,256,3,"{'42': 0.972656, '100': 0.996094, '2026': 0.972656}",retained,confirmation
full_gru,3,30,94,0.9700520833333334,0.9361979166666666,1.0,256,3,"{'42': 0.953125, '100': 1.0, '2026': 0.957031}",retained,confirmation
full_gru,3,31,95,0.9401041666666666,0.88671875,1.0,256,3,"{'42': 0.910156, '100': 1.0, '2026': 0.910156}",retained,confirmation
full_gru,3,32,96,0.9192708333333334,0.8515625,1.0,256,3,"{'42': 0.878906, '100': 1.0, '2026': 0.878906}",retained,confirmation
full_gru,4,1,97,0.9270833333333334,0.86328125,1.0,256,3,"{'42': 0.890625, '100': 1.0, '2026': 0.890625}",retained,confirmation
full_gru,4,2,98,0.8776041666666666,0.78125,1.0,256,3,"{'42': 0.816406, '100': 1.0, '2026': 0.816406}",retained,confirmation
full_gru,4,3,99,0.8385416666666666,0.7225585937500002,1.0,256,3,"{'42': 0.757812, '100': 1.0, '2026': 0.757812}",retained,confirmation
full_gru,4,4,100,0.7708333333333334,0.61328125,1.0,256,3,"{'42': 0.65625, '100': 1.0, '2026': 0.65625}",retained,confirmation
full_gru,4,5,101,0.7395833333333334,0.56640625,1.0,256,3,"{'42': 0.609375, '100': 1.0, '2026': 0.609375}",retained,confirmation
full_gru,4,6,102,0.6002604166666666,0.35546875,1.0,256,3,"{'42': 0.402344, '100': 1.0, '2026': 0.398438}",retained,confirmation
full_gru,4,7,103,0.5338541666666666,0.26171875,1.0,256,3,"{'42': 0.300781, '100': 1.0, '2026': 0.300781}",retained,confirmation
memo,1,1,1,1.0,1.0,1.0,256,3,"{'42': 1.0, '100': 1.0, '2026': 1.0}",retained,confirmation
memo,1,2,2,1.0,1.0,1.0,256,3,"{'42': 1.0, '100': 1.0, '2026': 1.0}",retained,confirmation
memo,1,3,3,1.0,1.0,1.0,256,3,"{'42': 1.0, '100': 1.0, '2026': 1.0}",retained,confirmation
memo,1,4,4,1.0,1.0,1.0,256,3,"{'42': 1.0, '100': 1.0, '2026': 1.0}",retained,confirmation
memo,1,5,5,1.0,1.0,1.0,256,3,"{'42': 1.0, '100': 1.0, '2026': 1.0}",retained,confirmation
memo,1,6,6,1.0,1.0,1.0,256,3,"{'42': 1.0, '100': 1.0, '2026': 1.0}",retained,confirmation
memo,1,7,7,1.0,1.0,1.0,256,3,"{'42': 1.0, '100': 1.0, '2026': 1.0}",retained,confirmation
memo,1,8,8,1.0,1.0,1.0,256,3,"{'42': 1.0, '100': 1.0, '2026': 1.0}",retained,confirmation
memo,1,9,9,1.0,1.0,1.0,256,3,"{'42': 1.0, '100': 1.0, '2026': 1.0}",retained,confirmation
memo,1,10,10,1.0,1.0,1.0,256,3,"{'42': 1.0, '100': 1.0, '2026': 1.0}",retained,confirmation
memo,1,11,11,1.0,1.0,1.0,256,3,"{'42': 1.0, '100': 1.0, '2026': 1.0}",retained,confirmation
memo,1,12,12,1.0,1.0,1.0,256,3,"{'42': 1.0, '100': 1.0, '2026': 1.0}",retained,confirmation
memo,1,13,13,0.9986979166666666,0.9921875,1.0,256,3,"{'42': 0.996094, '100': 1.0, '2026': 1.0}",retained,confirmation
memo,1,14,14,0.9986979166666666,0.9947916666666666,1.0,256,3,"{'42': 0.996094, '100': 1.0, '2026': 1.0}",retained,confirmation
memo,1,15,15,0.9973958333333334,0.9895833333333334,1.0,256,3,"{'42': 0.996094, '100': 0.996094, '2026': 1.0}",retained,confirmation
memo,1,16,16,0.9986979166666666,0.9921875,1.0,256,3,"{'42': 0.996094, '100': 1.0, '2026': 1.0}",retained,confirmation
memo,1,17,17,1.0,1.0,1.0,256,3,"{'42': 1.0, '100': 1.0, '2026': 1.0}",retained,confirmation
memo,1,18,18,1.0,1.0,1.0,256,3,"{'42': 1.0, '100': 1.0, '2026': 1.0}",retained,confirmation
memo,1,19,19,0.9921875,0.97265625,1.0,256,3,"{'42': 0.976562, '100': 1.0, '2026': 1.0}",retained,confirmation
memo,1,20,20,0.99609375,0.984375,1.0,256,3,"{'42': 0.988281, '100': 1.0, '2026': 1.0}",retained,confirmation
memo,1,21,21,0.9947916666666666,0.98046875,1.0,256,3,"{'42': 0.984375, '100': 1.0, '2026': 1.0}",retained,confirmation
memo,1,22,22,0.9947916666666666,0.98046875,1.0,256,3,"{'42': 0.984375, '100': 1.0, '2026': 1.0}",retained,confirmation
memo,1,23,23,0.9934895833333334,0.9765625,1.0,256,3,"{'42': 0.980469, '100': 1.0, '2026': 1.0}",retained,confirmation
memo,1,24,24,0.99609375,0.98828125,1.0,256,3,"{'42': 0.992188, '100': 1.0, '2026': 0.996094}",retained,confirmation
memo,1,25,25,0.9947916666666666,0.984375,1.0,256,3,"{'42': 0.988281, '100': 1.0, '2026': 0.996094}",retained,confirmation
memo,1,26,26,0.9947916666666666,0.984375,1.0,256,3,"{'42': 0.988281, '100': 1.0, '2026': 0.996094}",retained,confirmation
memo,1,27,27,0.9921875,0.9804361979166667,1.0,256,3,"{'42': 0.988281, '100': 1.0, '2026': 0.988281}",retained,confirmation
memo,1,28,28,0.9908854166666666,0.9765625,1.0,256,3,"{'42': 0.992188, '100': 1.0, '2026': 0.980469}",retained,confirmation
memo,1,29,29,0.98828125,0.97265625,1.0,256,3,"{'42': 0.984375, '100': 1.0, '2026': 0.980469}",retained,confirmation
memo,1,30,30,0.9752604166666666,0.9453125,1.0,256,3,"{'42': 0.972656, '100': 1.0, '2026': 0.953125}",retained,confirmation
memo,1,31,31,0.96875,0.9375,1.0,256,3,"{'42': 0.953125, '100': 1.0, '2026': 0.953125}",retained,confirmation
memo,1,32,32,0.9596354166666666,0.9192708333333334,1.0,256,3,"{'42': 0.9375, '100': 1.0, '2026': 0.941406}",retained,confirmation
memo,2,1,33,0.97265625,0.953125,0.98828125,256,3,"{'42': 0.96875, '100': 0.984375, '2026': 0.964844}",retained,confirmation
memo,2,2,34,0.9713541666666666,0.9296875,0.9973958333333334,256,3,"{'42': 0.933594, '100': 0.996094, '2026': 0.984375}",retained,confirmation
memo,2,3,35,0.9713541666666666,0.93359375,0.99609375,256,3,"{'42': 0.933594, '100': 0.992188, '2026': 0.988281}",retained,confirmation
memo,2,4,36,0.9778645833333334,0.9453125,1.0,256,3,"{'42': 0.949219, '100': 1.0, '2026': 0.984375}",retained,confirmation
memo,2,5,37,0.9713541666666666,0.9453125,0.9908854166666666,256,3,"{'42': 0.949219, '100': 0.976562, '2026': 0.988281}",retained,confirmation
memo,2,6,38,0.98046875,0.9478841145833333,1.0,256,3,"{'42': 0.949219, '100': 1.0, '2026': 0.992188}",retained,confirmation
memo,2,7,39,0.9895833333333334,0.9739583333333334,1.0,256,3,"{'42': 0.984375, '100': 1.0, '2026': 0.984375}",retained,confirmation
memo,2,8,40,0.9921875,0.9817708333333334,1.0,256,3,"{'42': 0.988281, '100': 0.996094, '2026': 0.992188}",retained,confirmation
memo,2,9,41,0.9895833333333334,0.97265625,1.0,256,3,"{'42': 0.976562, '100': 1.0, '2026': 0.992188}",retained,confirmation
memo,2,10,42,0.99609375,0.9869791666666666,1.0,256,3,"{'42': 0.992188, '100': 1.0, '2026': 0.996094}",retained,confirmation
memo,2,11,43,0.9921875,0.984375,1.0,256,3,"{'42': 0.992188, '100': 0.992188, '2026': 0.992188}",retained,confirmation
memo,2,12,44,0.9973958333333334,0.9895833333333334,1.0,256,3,"{'42': 1.0, '100': 1.0, '2026': 0.992188}",retained,confirmation
memo,2,13,45,0.9986979166666666,0.9921875,1.0,256,3,"{'42': 0.996094, '100': 1.0, '2026': 1.0}",retained,confirmation
memo,2,14,46,0.9947916666666666,0.9869791666666666,1.0,256,3,"{'42': 0.996094, '100': 0.992188, '2026': 0.996094}",retained,confirmation
memo,2,15,47,0.9908854166666666,0.9791666666666666,1.0,256,3,"{'42': 0.984375, '100': 0.992188, '2026': 0.996094}",retained,confirmation
memo,2,16,48,0.99609375,0.9869791666666666,1.0,256,3,"{'42': 0.996094, '100': 0.992188, '2026': 1.0}",retained,confirmation
memo,2,17,49,0.9934895833333334,0.9843424479166667,1.0,256,3,"{'42': 0.988281, '100': 0.996094, '2026': 0.996094}",retained,confirmation
memo,2,18,50,0.9973958333333334,0.98828125,1.0,256,3,"{'42': 1.0, '100': 1.0, '2026': 0.992188}",retained,confirmation
memo,2,19,51,0.9921875,0.9817708333333334,1.0,256,3,"{'42': 0.988281, '100': 0.996094, '2026': 0.992188}",retained,confirmation
memo,2,20,52,0.9934895833333334,0.98046875,1.0,256,3,"{'42': 0.984375, '100': 0.996094, '2026': 1.0}",retained,confirmation
memo,2,21,53,0.9908854166666666,0.9765625,1.0,256,3,"{'42': 0.980469, '100': 1.0, '2026': 0.992188}",retained,confirmation
memo,2,22,54,0.9817708333333334,0.94921875,1.0,256,3,"{'42': 0.953125, '100': 0.996094, '2026': 0.996094}",retained,confirmation
memo,2,23,55,0.9934895833333334,0.984375,1.0,256,3,"{'42': 0.992188, '100': 0.992188, '2026': 0.996094}",retained,confirmation
memo,2,24,56,0.9791666666666666,0.94921875,0.9973958333333334,256,3,"{'42': 0.953125, '100': 0.992188, '2026': 0.992188}",retained,confirmation
memo,2,25,57,0.9830729166666666,0.9557291666666666,0.9986979166666666,256,3,"{'42': 0.960938, '100': 0.996094, '2026': 0.992188}",retained,confirmation
memo,2,26,58,0.9674479166666666,0.91796875,1.0,256,3,"{'42': 0.914062, '100': 0.992188, '2026': 0.996094}",retained,confirmation
memo,2,27,59,0.97265625,0.9270507812500001,1.0,256,3,"{'42': 0.925781, '100': 0.996094, '2026': 0.996094}",retained,confirmation
memo,2,28,60,0.9700520833333334,0.9192708333333334,1.0,256,3,"{'42': 0.917969, '100': 0.996094, '2026': 0.996094}",retained,confirmation
memo,2,29,61,0.97265625,0.93359375,1.0,256,3,"{'42': 0.933594, '100': 1.0, '2026': 0.984375}",retained,confirmation
memo,2,30,62,0.96484375,0.9010416666666666,1.0,256,3,"{'42': 0.894531, '100': 1.0, '2026': 1.0}",retained,confirmation
memo,2,31,63,0.9622395833333334,0.91015625,0.9973958333333334,256,3,"{'42': 0.90625, '100': 0.992188, '2026': 0.988281}",retained,confirmation
memo,2,32,64,0.9440104166666666,0.87109375,0.9921875,256,3,"{'42': 0.863281, '100': 0.984375, '2026': 0.984375}",retained,confirmation
memo,3,1,65,0.9700520833333334,0.9387695312500001,0.9921875,256,3,"{'42': 0.945312, '100': 0.976562, '2026': 0.988281}",retained,confirmation
memo,3,2,66,0.9713541666666666,0.9479166666666666,0.9908854166666666,256,3,"{'42': 0.957031, '100': 0.96875, '2026': 0.988281}",retained,confirmation
memo,3,3,67,0.9739583333333334,0.9453125,0.99609375,256,3,"{'42': 0.949219, '100': 0.976562, '2026': 0.996094}",retained,confirmation
memo,3,4,68,0.98046875,0.9583333333333334,0.99609375,256,3,"{'42': 0.964844, '100': 0.984375, '2026': 0.992188}",retained,confirmation
memo,3,5,69,0.9856770833333334,0.9661132812500001,1.0,256,3,"{'42': 0.972656, '100': 0.984375, '2026': 1.0}",retained,confirmation
memo,3,6,70,0.9817708333333334,0.9583333333333334,1.0,256,3,"{'42': 0.964844, '100': 0.980469, '2026': 1.0}",retained,confirmation
memo,3,7,71,0.984375,0.9674479166666666,0.9973958333333334,256,3,"{'42': 0.972656, '100': 0.984375, '2026': 0.996094}",retained,confirmation
memo,3,8,72,0.9817708333333334,0.95703125,1.0,256,3,"{'42': 0.980469, '100': 0.964844, '2026': 1.0}",retained,confirmation
memo,3,9,73,0.9830729166666666,0.9635091145833333,0.9973958333333334,256,3,"{'42': 0.96875, '100': 0.988281, '2026': 0.992188}",retained,confirmation
memo,3,10,74,0.9817708333333334,0.9609375,0.99609375,256,3,"{'42': 0.988281, '100': 0.964844, '2026': 0.992188}",retained,confirmation
memo,3,11,75,0.9817708333333334,0.9609375,1.0,256,3,"{'42': 0.972656, '100': 0.972656, '2026': 1.0}",retained,confirmation
memo,3,12,76,0.9791666666666666,0.94921875,1.0,256,3,"{'42': 0.992188, '100': 0.949219, '2026': 0.996094}",retained,confirmation
memo,3,13,77,0.9778645833333334,0.9453125,1.0,256,3,"{'42': 0.996094, '100': 0.945312, '2026': 0.992188}",retained,confirmation
memo,3,14,78,0.9713541666666666,0.9439778645833333,0.99609375,256,3,"{'42': 0.964844, '100': 0.953125, '2026': 0.996094}",retained,confirmation
memo,3,15,79,0.9700520833333334,0.93359375,1.0,256,3,"{'42': 0.972656, '100': 0.9375, '2026': 1.0}",retained,confirmation
memo,3,16,80,0.9674479166666666,0.9218424479166667,1.0,256,3,"{'42': 0.980469, '100': 0.921875, '2026': 1.0}",retained,confirmation
memo,3,17,81,0.9609375,0.9192708333333334,1.0,256,3,"{'42': 0.960938, '100': 0.921875, '2026': 1.0}",retained,confirmation
memo,3,18,82,0.95703125,0.8944986979166667,0.99609375,256,3,"{'42': 0.980469, '100': 0.894531, '2026': 0.996094}",retained,confirmation
memo,3,19,83,0.9505208333333334,0.875,1.0,256,3,"{'42': 0.976562, '100': 0.875, '2026': 1.0}",retained,confirmation
memo,3,20,84,0.94140625,0.87109375,1.0,256,3,"{'42': 0.960938, '100': 0.863281, '2026': 1.0}",retained,confirmation
memo,3,21,85,0.9388020833333334,0.8554361979166667,0.99609375,256,3,"{'42': 0.96875, '100': 0.851562, '2026': 0.996094}",retained,confirmation
memo,3,22,86,0.9322916666666666,0.8476236979166667,0.99609375,256,3,"{'42': 0.972656, '100': 0.828125, '2026': 0.996094}",retained,confirmation
memo,3,23,87,0.91796875,0.8046549479166667,0.99609375,256,3,"{'42': 0.960938, '100': 0.796875, '2026': 0.996094}",retained,confirmation
memo,3,24,88,0.9166666666666666,0.81640625,0.9921875,256,3,"{'42': 0.953125, '100': 0.804688, '2026': 0.992188}",retained,confirmation
memo,3,25,89,0.90625,0.80078125,0.98828125,256,3,"{'42': 0.949219, '100': 0.78125, '2026': 0.988281}",retained,confirmation
memo,3,26,90,0.9036458333333334,0.7760091145833333,0.9921875,256,3,"{'42': 0.960938, '100': 0.757812, '2026': 0.992188}",retained,confirmation
memo,3,27,91,0.9036458333333334,0.7708007812500001,0.9921875,256,3,"{'42': 0.96875, '100': 0.753906, '2026': 0.988281}",retained,confirmation
memo,3,28,92,0.8723958333333334,0.70703125,0.9778971354166666,256,3,"{'42': 0.941406, '100': 0.699219, '2026': 0.976562}",retained,confirmation
memo,3,29,93,0.859375,0.66015625,0.9765625,256,3,"{'42': 0.957031, '100': 0.65625, '2026': 0.964844}",retained,confirmation
memo,3,30,94,0.87109375,0.73828125,0.9674479166666666,256,3,"{'42': 0.941406, '100': 0.71875, '2026': 0.953125}",retained,confirmation
memo,3,31,95,0.8502604166666666,0.76171875,0.9231770833333334,256,3,"{'42': 0.890625, '100': 0.757812, '2026': 0.902344}",retained,confirmation
memo,3,32,96,0.8411458333333334,0.7851236979166667,0.89453125,256,3,"{'42': 0.859375, '100': 0.789062, '2026': 0.875}",retained,confirmation
memo,4,1,97,0.8333333333333334,0.77734375,0.8984375,256,3,"{'42': 0.820312, '100': 0.789062, '2026': 0.890625}",retained,confirmation
memo,4,2,98,0.8151041666666666,0.73828125,0.88671875,256,3,"{'42': 0.75, '100': 0.882812, '2026': 0.8125}",retained,confirmation
memo,4,3,99,0.7890625,0.6900716145833333,0.88671875,256,3,"{'42': 0.707031, '100': 0.902344, '2026': 0.757812}",retained,confirmation
memo,4,4,100,0.7421875,0.5963541666666666,0.94140625,256,3,"{'42': 0.625, '100': 0.949219, '2026': 0.652344}",retained,confirmation
memo,4,5,101,0.734375,0.56640625,0.984375,256,3,"{'42': 0.605469, '100': 0.988281, '2026': 0.609375}",retained,confirmation
memo,4,6,102,0.6002604166666666,0.35540364583333345,1.0,256,3,"{'42': 0.398438, '100': 1.0, '2026': 0.402344}",retained,confirmation
memo,4,7,103,0.5338541666666666,0.26171875,1.0,256,3,"{'42': 0.300781, '100': 1.0, '2026': 0.300781}",retained,confirmation
memo_fixed,1,1,1,1.0,1.0,1.0,256,3,"{'42': 1.0, '100': 1.0, '2026': 1.0}",retained,confirmation
memo_fixed,1,2,2,1.0,1.0,1.0,256,3,"{'42': 1.0, '100': 1.0, '2026': 1.0}",retained,confirmation
memo_fixed,1,3,3,1.0,1.0,1.0,256,3,"{'42': 1.0, '100': 1.0, '2026': 1.0}",retained,confirmation
memo_fixed,1,4,4,1.0,1.0,1.0,256,3,"{'42': 1.0, '100': 1.0, '2026': 1.0}",retained,confirmation
memo_fixed,1,5,5,1.0,1.0,1.0,256,3,"{'42': 1.0, '100': 1.0, '2026': 1.0}",retained,confirmation
memo_fixed,1,6,6,1.0,1.0,1.0,256,3,"{'42': 1.0, '100': 1.0, '2026': 1.0}",retained,confirmation
memo_fixed,1,7,7,1.0,1.0,1.0,256,3,"{'42': 1.0, '100': 1.0, '2026': 1.0}",retained,confirmation
memo_fixed,1,8,8,1.0,1.0,1.0,256,3,"{'42': 1.0, '100': 1.0, '2026': 1.0}",retained,confirmation
memo_fixed,1,9,9,1.0,1.0,1.0,256,3,"{'42': 1.0, '100': 1.0, '2026': 1.0}",retained,confirmation
memo_fixed,1,10,10,1.0,1.0,1.0,256,3,"{'42': 1.0, '100': 1.0, '2026': 1.0}",retained,confirmation
memo_fixed,1,11,11,0.9986979166666666,0.9921875,1.0,256,3,"{'42': 1.0, '100': 1.0, '2026': 0.996094}",retained,confirmation
memo_fixed,1,12,12,0.9986979166666666,0.9921875,1.0,256,3,"{'42': 1.0, '100': 1.0, '2026': 0.996094}",retained,confirmation
memo_fixed,1,13,13,0.9947916666666666,0.98046875,1.0,256,3,"{'42': 1.0, '100': 1.0, '2026': 0.984375}",retained,confirmation
memo_fixed,1,14,14,0.9934895833333334,0.9765625,1.0,256,3,"{'42': 1.0, '100': 1.0, '2026': 0.980469}",retained,confirmation
memo_fixed,1,15,15,0.9934895833333334,0.9765625,1.0,256,3,"{'42': 1.0, '100': 1.0, '2026': 0.980469}",retained,confirmation
memo_fixed,1,16,16,0.98046875,0.9413736979166667,1.0,256,3,"{'42': 1.0, '100': 1.0, '2026': 0.941406}",retained,confirmation
memo_fixed,1,17,17,0.9778645833333334,0.9375,1.0,256,3,"{'42': 1.0, '100': 1.0, '2026': 0.933594}",retained,confirmation
memo_fixed,1,18,18,0.9635416666666666,0.89453125,1.0,256,3,"{'42': 1.0, '100': 1.0, '2026': 0.890625}",retained,confirmation
memo_fixed,1,19,19,0.9661458333333334,0.90625,1.0,256,3,"{'42': 1.0, '100': 1.0, '2026': 0.898438}",retained,confirmation
memo_fixed,1,20,20,0.9635416666666666,0.8984375,1.0,256,3,"{'42': 1.0, '100': 0.996094, '2026': 0.894531}",retained,confirmation
memo_fixed,1,21,21,0.9453125,0.8359375,1.0,256,3,"{'42': 1.0, '100': 1.0, '2026': 0.835938}",retained,confirmation
memo_fixed,1,22,22,0.9544270833333334,0.8775390625000001,1.0,256,3,"{'42': 1.0, '100': 1.0, '2026': 0.863281}",retained,confirmation
memo_fixed,1,23,23,0.9661458333333334,0.90234375,1.0,256,3,"{'42': 1.0, '100': 1.0, '2026': 0.898438}",retained,confirmation
memo_fixed,1,24,24,0.9479166666666666,0.8645507812500001,1.0,256,3,"{'42': 0.996094, '100': 0.996094, '2026': 0.851562}",retained,confirmation
memo_fixed,1,25,25,0.9427083333333334,0.84765625,1.0,256,3,"{'42': 0.996094, '100': 0.996094, '2026': 0.835938}",retained,confirmation
memo_fixed,1,26,26,0.9479166666666666,0.8592773437500002,1.0,256,3,"{'42': 0.996094, '100': 0.996094, '2026': 0.851562}",retained,confirmation
memo_fixed,1,27,27,0.9309895833333334,0.828125,0.99609375,256,3,"{'42': 0.988281, '100': 0.988281, '2026': 0.816406}",retained,confirmation
memo_fixed,1,28,28,0.9192708333333334,0.8137695312500001,0.9921875,256,3,"{'42': 0.980469, '100': 0.980469, '2026': 0.796875}",retained,confirmation
memo_fixed,1,29,29,0.9283854166666666,0.828125,0.99609375,256,3,"{'42': 0.984375, '100': 0.984375, '2026': 0.816406}",retained,confirmation
memo_fixed,1,30,30,0.8997395833333334,0.80859375,0.97265625,256,3,"{'42': 0.953125, '100': 0.953125, '2026': 0.792969}",retained,confirmation
memo_fixed,1,31,31,0.9075520833333334,0.81640625,0.97265625,256,3,"{'42': 0.953125, '100': 0.953125, '2026': 0.816406}",retained,confirmation
memo_fixed,1,32,32,0.8854166666666666,0.7850585937500002,0.9596354166666666,256,3,"{'42': 0.9375, '100': 0.941406, '2026': 0.777344}",retained,confirmation
memo_fixed,2,1,33,0.9231770833333334,0.82421875,0.99609375,256,3,"{'42': 0.996094, '100': 0.964844, '2026': 0.808594}",retained,confirmation
memo_fixed,2,2,34,0.9466145833333334,0.8671549479166667,0.9973958333333334,256,3,"{'42': 0.996094, '100': 0.980469, '2026': 0.863281}",retained,confirmation
memo_fixed,2,3,35,0.94140625,0.83984375,1.0,256,3,"{'42': 1.0, '100': 0.996094, '2026': 0.828125}",retained,confirmation
memo_fixed,2,4,36,0.9440104166666666,0.86328125,0.9973958333333334,256,3,"{'42': 0.996094, '100': 0.984375, '2026': 0.851562}",retained,confirmation
memo_fixed,2,5,37,0.95703125,0.8919270833333334,0.9973958333333334,256,3,"{'42': 0.996094, '100': 0.984375, '2026': 0.890625}",retained,confirmation
memo_fixed,2,6,38,0.96484375,0.90625,1.0,256,3,"{'42': 0.996094, '100': 0.992188, '2026': 0.90625}",retained,confirmation
memo_fixed,2,7,39,0.9674479166666666,0.9140625,1.0,256,3,"{'42': 0.992188, '100': 0.992188, '2026': 0.917969}",retained,confirmation
memo_fixed,2,8,40,0.9700520833333334,0.91796875,1.0,256,3,"{'42': 0.996094, '100': 0.996094, '2026': 0.917969}",retained,confirmation
memo_fixed,2,9,41,0.97265625,0.93359375,0.9986979166666666,256,3,"{'42': 0.996094, '100': 0.988281, '2026': 0.933594}",retained,confirmation
memo_fixed,2,10,42,0.98046875,0.9505208333333334,1.0,256,3,"{'42': 0.996094, '100': 0.992188, '2026': 0.953125}",retained,confirmation
memo_fixed,2,11,43,0.97265625,0.9296875,1.0,256,3,"{'42': 0.996094, '100': 0.992188, '2026': 0.929688}",retained,confirmation
memo_fixed,2,12,44,0.9765625,0.9375,1.0,256,3,"{'42': 1.0, '100': 0.988281, '2026': 0.941406}",retained,confirmation
memo_fixed,2,13,45,0.9895833333333334,0.96875,1.0,256,3,"{'42': 0.996094, '100': 1.0, '2026': 0.972656}",retained,confirmation
memo_fixed,2,14,46,0.9830729166666666,0.9674479166666666,0.99609375,256,3,"{'42': 0.980469, '100': 0.992188, '2026': 0.976562}",retained,confirmation
memo_fixed,2,15,47,0.9947916666666666,0.984375,1.0,256,3,"{'42': 0.992188, '100': 1.0, '2026': 0.992188}",retained,confirmation
memo_fixed,2,16,48,0.9869791666666666,0.96484375,1.0,256,3,"{'42': 0.992188, '100': 1.0, '2026': 0.96875}",retained,confirmation
memo_fixed,2,17,49,0.9752604166666666,0.9479166666666666,1.0,256,3,"{'42': 0.96875, '100': 1.0, '2026': 0.957031}",retained,confirmation
memo_fixed,2,18,50,0.9869791666666666,0.9752604166666666,0.99609375,256,3,"{'42': 0.984375, '100': 0.988281, '2026': 0.988281}",retained,confirmation
memo_fixed,2,19,51,0.984375,0.9674153645833333,0.99609375,256,3,"{'42': 0.980469, '100': 0.996094, '2026': 0.976562}",retained,confirmation
memo_fixed,2,20,52,0.98828125,0.97265625,1.0,256,3,"{'42': 0.976562, '100': 0.996094, '2026': 0.992188}",retained,confirmation
memo_fixed,2,21,53,0.9817708333333334,0.9661458333333334,0.9934895833333334,256,3,"{'42': 0.976562, '100': 0.988281, '2026': 0.980469}",retained,confirmation
memo_fixed,2,22,54,0.9817708333333334,0.9661458333333334,0.9934895833333334,256,3,"{'42': 0.988281, '100': 0.980469, '2026': 0.976562}",retained,confirmation
memo_fixed,2,23,55,0.98046875,0.9635416666666666,0.9934895833333334,256,3,"{'42': 0.976562, '100': 0.984375, '2026': 0.980469}",retained,confirmation
memo_fixed,2,24,56,0.9778645833333334,0.9505208333333334,0.99609375,256,3,"{'42': 0.992188, '100': 0.984375, '2026': 0.957031}",retained,confirmation
memo_fixed,2,25,57,0.9661458333333334,0.9388020833333334,0.9856770833333334,256,3,"{'42': 0.976562, '100': 0.972656, '2026': 0.949219}",retained,confirmation
memo_fixed,2,26,58,0.9661458333333334,0.9401041666666666,0.9869791666666666,256,3,"{'42': 0.972656, '100': 0.976562, '2026': 0.949219}",retained,confirmation
memo_fixed,2,27,59,0.9713541666666666,0.9478841145833333,0.9908854166666666,256,3,"{'42': 0.96875, '100': 0.988281, '2026': 0.957031}",retained,confirmation
memo_fixed,2,28,60,0.9518229166666666,0.9140625,0.9791666666666666,256,3,"{'42': 0.960938, '100': 0.972656, '2026': 0.921875}",retained,confirmation
memo_fixed,2,29,61,0.9231770833333334,0.8879882812500001,0.9583333333333334,256,3,"{'42': 0.902344, '100': 0.953125, '2026': 0.914062}",retained,confirmation
memo_fixed,2,30,62,0.9283854166666666,0.8788736979166667,0.96484375,256,3,"{'42': 0.945312, '100': 0.953125, '2026': 0.886719}",retained,confirmation
memo_fixed,2,31,63,0.9205729166666666,0.87109375,0.9622395833333334,256,3,"{'42': 0.953125, '100': 0.933594, '2026': 0.875}",retained,confirmation
memo_fixed,2,32,64,0.9088541666666666,0.85546875,0.953125,256,3,"{'42': 0.925781, '100': 0.941406, '2026': 0.859375}",retained,confirmation
memo_fixed,3,1,65,0.94921875,0.9140299479166667,0.98046875,256,3,"{'42': 0.925781, '100': 0.941406, '2026': 0.980469}",retained,confirmation
memo_fixed,3,2,66,0.9453125,0.8984049479166667,0.984375,256,3,"{'42': 0.90625, '100': 0.945312, '2026': 0.984375}",retained,confirmation
memo_fixed,3,3,67,0.9635416666666666,0.93359375,0.98828125,256,3,"{'42': 0.9375, '100': 0.96875, '2026': 0.984375}",retained,confirmation
memo_fixed,3,4,68,0.9609375,0.9296875,0.9856770833333334,256,3,"{'42': 0.9375, '100': 0.964844, '2026': 0.980469}",retained,confirmation
memo_fixed,3,5,69,0.97265625,0.9452799479166667,0.99609375,256,3,"{'42': 0.949219, '100': 0.972656, '2026': 0.996094}",retained,confirmation
memo_fixed,3,6,70,0.98828125,0.97265625,1.0,256,3,"{'42': 0.976562, '100': 0.992188, '2026': 0.996094}",retained,confirmation
memo_fixed,3,7,71,0.9557291666666666,0.90234375,0.9896158854166666,256,3,"{'42': 0.90625, '100': 0.984375, '2026': 0.976562}",retained,confirmation
memo_fixed,3,8,72,0.9596354166666666,0.90625,0.99609375,256,3,"{'42': 0.902344, '100': 0.984375, '2026': 0.992188}",retained,confirmation
memo_fixed,3,9,73,0.9518229166666666,0.8814778645833333,0.9986979166666666,256,3,"{'42': 0.871094, '100': 0.988281, '2026': 0.996094}",retained,confirmation
memo_fixed,3,10,74,0.9361979166666666,0.8515625,0.99609375,256,3,"{'42': 0.847656, '100': 0.964844, '2026': 0.996094}",retained,confirmation
memo_fixed,3,11,75,0.9505208333333334,0.890625,0.9908854166666666,256,3,"{'42': 0.886719, '100': 0.980469, '2026': 0.984375}",retained,confirmation
memo_fixed,3,12,76,0.94140625,0.87109375,0.99609375,256,3,"{'42': 0.863281, '100': 0.964844, '2026': 0.996094}",retained,confirmation
memo_fixed,3,13,77,0.9479166666666666,0.89453125,0.9921875,256,3,"{'42': 0.898438, '100': 0.953125, '2026': 0.992188}",retained,confirmation
memo_fixed,3,14,78,0.9244791666666666,0.83984375,0.98828125,256,3,"{'42': 0.832031, '100': 0.953125, '2026': 0.988281}",retained,confirmation
memo_fixed,3,15,79,0.9231770833333334,0.8359375,0.98828125,256,3,"{'42': 0.828125, '100': 0.953125, '2026': 0.988281}",retained,confirmation
memo_fixed,3,16,80,0.9010416666666666,0.7825195312500001,0.9921875,256,3,"{'42': 0.78125, '100': 0.929688, '2026': 0.992188}",retained,confirmation
memo_fixed,3,17,81,0.9153645833333334,0.8398111979166667,0.9883789062499995,256,3,"{'42': 0.835938, '100': 0.917969, '2026': 0.992188}",retained,confirmation
memo_fixed,3,18,82,0.8880208333333334,0.7734375,0.99609375,256,3,"{'42': 0.769531, '100': 0.898438, '2026': 0.996094}",retained,confirmation
memo_fixed,3,19,83,0.8932291666666666,0.8059895833333334,1.0,256,3,"{'42': 0.808594, '100': 0.871094, '2026': 1.0}",retained,confirmation
memo_fixed,3,20,84,0.8880208333333334,0.80859375,0.984375,256,3,"{'42': 0.820312, '100': 0.855469, '2026': 0.988281}",retained,confirmation
memo_fixed,3,21,85,0.8932291666666666,0.8151041666666666,0.9921875,256,3,"{'42': 0.832031, '100': 0.851562, '2026': 0.996094}",retained,confirmation
memo_fixed,3,22,86,0.875,0.7876953125000001,0.99609375,256,3,"{'42': 0.808594, '100': 0.820312, '2026': 0.996094}",retained,confirmation
memo_fixed,3,23,87,0.8541666666666666,0.7552083333333334,0.99609375,256,3,"{'42': 0.773438, '100': 0.792969, '2026': 0.996094}",retained,confirmation
memo_fixed,3,24,88,0.86328125,0.76953125,0.99609375,256,3,"{'42': 0.789062, '100': 0.804688, '2026': 0.996094}",retained,confirmation
memo_fixed,3,25,89,0.8671875,0.7734049479166667,0.99609375,256,3,"{'42': 0.820312, '100': 0.785156, '2026': 0.996094}",retained,confirmation
memo_fixed,3,26,90,0.859375,0.75390625,1.0,256,3,"{'42': 0.816406, '100': 0.761719, '2026': 1.0}",retained,confirmation
memo_fixed,3,27,91,0.83984375,0.734375,0.99609375,256,3,"{'42': 0.769531, '100': 0.753906, '2026': 0.996094}",retained,confirmation
memo_fixed,3,28,92,0.83203125,0.7017903645833333,1.0,256,3,"{'42': 0.796875, '100': 0.699219, '2026': 1.0}",retained,confirmation
memo_fixed,3,29,93,0.8151041666666666,0.6640299479166667,1.0,256,3,"{'42': 0.785156, '100': 0.660156, '2026': 1.0}",retained,confirmation
memo_fixed,3,30,94,0.828125,0.70703125,1.0,256,3,"{'42': 0.757812, '100': 0.726562, '2026': 1.0}",retained,confirmation
memo_fixed,3,31,95,0.8450520833333334,0.7356770833333334,1.0,256,3,"{'42': 0.773438, '100': 0.761719, '2026': 1.0}",retained,confirmation
memo_fixed,3,32,96,0.859375,0.7604166666666666,1.0,256,3,"{'42': 0.800781, '100': 0.777344, '2026': 1.0}",retained,confirmation
memo_fixed,4,1,97,0.8658854166666666,0.765625,0.9922851562499995,256,3,"{'42': 0.820312, '100': 0.78125, '2026': 0.996094}",retained,confirmation
memo_fixed,4,2,98,0.8932291666666666,0.796875,0.9921875,256,3,"{'42': 0.804688, '100': 0.878906, '2026': 0.996094}",retained,confirmation
memo_fixed,4,3,99,0.9140625,0.84375,0.9921875,256,3,"{'42': 0.847656, '100': 0.902344, '2026': 0.992188}",retained,confirmation
memo_fixed,4,4,100,0.9309895833333334,0.8554361979166667,0.99609375,256,3,"{'42': 0.847656, '100': 0.949219, '2026': 0.996094}",retained,confirmation
memo_fixed,4,5,101,0.9322916666666666,0.8241210937500002,0.9986979166666666,256,3,"{'42': 0.8125, '100': 0.988281, '2026': 0.996094}",retained,confirmation
memo_fixed,4,6,102,0.92578125,0.80078125,1.0,256,3,"{'42': 0.78125, '100': 1.0, '2026': 0.996094}",retained,confirmation
memo_fixed,4,7,103,0.90625,0.73828125,1.0,256,3,"{'42': 0.722656, '100': 1.0, '2026': 0.996094}",retained,confirmation
raw_segment,1,1,1,1.0,1.0,1.0,256,3,"{'42': 1.0, '100': 1.0, '2026': 1.0}",retained,confirmation
raw_segment,1,2,2,1.0,1.0,1.0,256,3,"{'42': 1.0, '100': 1.0, '2026': 1.0}",retained,confirmation
raw_segment,1,3,3,1.0,1.0,1.0,256,3,"{'42': 1.0, '100': 1.0, '2026': 1.0}",retained,confirmation
raw_segment,1,4,4,1.0,1.0,1.0,256,3,"{'42': 1.0, '100': 1.0, '2026': 1.0}",retained,confirmation
raw_segment,1,5,5,1.0,1.0,1.0,256,3,"{'42': 1.0, '100': 1.0, '2026': 1.0}",retained,confirmation
raw_segment,1,6,6,1.0,1.0,1.0,256,3,"{'42': 1.0, '100': 1.0, '2026': 1.0}",retained,confirmation
raw_segment,1,7,7,1.0,1.0,1.0,256,3,"{'42': 1.0, '100': 1.0, '2026': 1.0}",retained,confirmation
raw_segment,1,8,8,1.0,1.0,1.0,256,3,"{'42': 1.0, '100': 1.0, '2026': 1.0}",retained,confirmation
raw_segment,1,9,9,1.0,1.0,1.0,256,3,"{'42': 1.0, '100': 1.0, '2026': 1.0}",retained,confirmation
raw_segment,1,10,10,1.0,1.0,1.0,256,3,"{'42': 1.0, '100': 1.0, '2026': 1.0}",retained,confirmation
raw_segment,1,11,11,0.9986979166666666,0.9921875,1.0,256,3,"{'42': 1.0, '100': 1.0, '2026': 0.996094}",retained,confirmation
raw_segment,1,12,12,1.0,1.0,1.0,256,3,"{'42': 1.0, '100': 1.0, '2026': 1.0}",retained,confirmation
raw_segment,1,13,13,1.0,1.0,1.0,256,3,"{'42': 1.0, '100': 1.0, '2026': 1.0}",retained,confirmation
raw_segment,1,14,14,1.0,1.0,1.0,256,3,"{'42': 1.0, '100': 1.0, '2026': 1.0}",retained,confirmation
raw_segment,1,15,15,1.0,1.0,1.0,256,3,"{'42': 1.0, '100': 1.0, '2026': 1.0}",retained,confirmation
raw_segment,1,16,16,0.9986979166666666,0.9921875,1.0,256,3,"{'42': 1.0, '100': 0.996094, '2026': 1.0}",retained,confirmation
raw_segment,1,17,17,0.9986979166666666,0.9947591145833333,1.0,256,3,"{'42': 0.996094, '100': 1.0, '2026': 1.0}",retained,confirmation
raw_segment,1,18,18,0.9973958333333334,0.9921875,1.0,256,3,"{'42': 0.996094, '100': 0.996094, '2026': 1.0}",retained,confirmation
raw_segment,1,19,19,0.9986979166666666,0.9921875,1.0,256,3,"{'42': 0.996094, '100': 1.0, '2026': 1.0}",retained,confirmation
raw_segment,1,20,20,1.0,1.0,1.0,256,3,"{'42': 1.0, '100': 1.0, '2026': 1.0}",retained,confirmation
raw_segment,1,21,21,0.9973958333333334,0.9908854166666666,1.0,256,3,"{'42': 1.0, '100': 0.996094, '2026': 0.996094}",retained,confirmation
raw_segment,1,22,22,0.9986979166666666,0.9921875,1.0,256,3,"{'42': 1.0, '100': 1.0, '2026': 0.996094}",retained,confirmation
raw_segment,1,23,23,0.9986979166666666,0.9921875,1.0,256,3,"{'42': 1.0, '100': 1.0, '2026': 0.996094}",retained,confirmation
raw_segment,1,24,24,0.99609375,0.9869791666666666,1.0,256,3,"{'42': 1.0, '100': 0.996094, '2026': 0.992188}",retained,confirmation
raw_segment,1,25,25,0.9973958333333334,0.98828125,1.0,256,3,"{'42': 1.0, '100': 0.996094, '2026': 0.996094}",retained,confirmation
raw_segment,1,26,26,0.99609375,0.9856770833333334,1.0,256,3,"{'42': 1.0, '100': 0.996094, '2026': 0.992188}",retained,confirmation
raw_segment,1,27,27,0.9934895833333334,0.98046875,1.0,256,3,"{'42': 1.0, '100': 0.992188, '2026': 0.988281}",retained,confirmation
raw_segment,1,28,28,0.9869791666666666,0.9674479166666666,1.0,256,3,"{'42': 1.0, '100': 0.980469, '2026': 0.980469}",retained,confirmation
raw_segment,1,29,29,0.9895833333333334,0.9726236979166667,1.0,256,3,"{'42': 1.0, '100': 0.988281, '2026': 0.980469}",retained,confirmation
raw_segment,1,30,30,0.9674479166666666,0.9375,0.9895833333333334,256,3,"{'42': 0.988281, '100': 0.960938, '2026': 0.953125}",retained,confirmation
raw_segment,1,31,31,0.9557291666666666,0.92578125,0.98046875,256,3,"{'42': 0.972656, '100': 0.941406, '2026': 0.953125}",retained,confirmation
raw_segment,1,32,32,0.91015625,0.8736979166666666,0.9427083333333334,256,3,"{'42': 0.898438, '100': 0.90625, '2026': 0.925781}",retained,confirmation
raw_segment,2,1,33,0.3046875,0.24739583333333334,0.3606770833333333,256,3,"{'42': 0.296875, '100': 0.292969, '2026': 0.324219}",retained,confirmation
raw_segment,2,2,34,0.2994791666666667,0.24739583333333334,0.34765625,256,3,"{'42': 0.3125, '100': 0.292969, '2026': 0.292969}",retained,confirmation
raw_segment,2,3,35,0.3072916666666667,0.2578125,0.3541666666666667,256,3,"{'42': 0.308594, '100': 0.300781, '2026': 0.3125}",retained,confirmation
raw_segment,2,4,36,0.3515625,0.3033528645833334,0.4010416666666667,256,3,"{'42': 0.347656, '100': 0.347656, '2026': 0.359375}",retained,confirmation
raw_segment,2,5,37,0.3489583333333333,0.27734375,0.4231770833333333,256,3,"{'42': 0.414062, '100': 0.328125, '2026': 0.304688}",retained,confirmation
raw_segment,2,6,38,0.4088541666666667,0.34375,0.4739583333333333,256,3,"{'42': 0.417969, '100': 0.363281, '2026': 0.445312}",retained,confirmation
raw_segment,2,7,39,0.4114583333333333,0.359375,0.4635742187499998,256,3,"{'42': 0.425781, '100': 0.410156, '2026': 0.398438}",retained,confirmation
raw_segment,2,8,40,0.4088541666666667,0.3502604166666667,0.4713867187499998,256,3,"{'42': 0.449219, '100': 0.382812, '2026': 0.394531}",retained,confirmation
raw_segment,2,9,41,0.4322916666666667,0.3567708333333333,0.5,256,3,"{'42': 0.449219, '100': 0.375, '2026': 0.472656}",retained,confirmation
raw_segment,2,10,42,0.4361979166666667,0.33984375,0.5234375,256,3,"{'42': 0.496094, '100': 0.335938, '2026': 0.476562}",retained,confirmation
raw_segment,2,11,43,0.4791666666666667,0.4140625,0.54296875,256,3,"{'42': 0.519531, '100': 0.433594, '2026': 0.484375}",retained,confirmation
raw_segment,2,12,44,0.4791666666666667,0.38671875,0.56640625,256,3,"{'42': 0.546875, '100': 0.390625, '2026': 0.5}",retained,confirmation
raw_segment,2,13,45,0.5078125,0.4296875,0.5846354166666666,256,3,"{'42': 0.566406, '100': 0.445312, '2026': 0.511719}",retained,confirmation
raw_segment,2,14,46,0.51953125,0.42578125,0.59375,256,3,"{'42': 0.578125, '100': 0.4375, '2026': 0.542969}",retained,confirmation
raw_segment,2,15,47,0.5364583333333334,0.4296875,0.62890625,256,3,"{'42': 0.621094, '100': 0.433594, '2026': 0.554688}",retained,confirmation
raw_segment,2,16,48,0.5169270833333334,0.44137369791666675,0.5898763020833332,256,3,"{'42': 0.582031, '100': 0.460938, '2026': 0.507812}",retained,confirmation
raw_segment,2,17,49,0.5416666666666666,0.44140625,0.6328450520833332,256,3,"{'42': 0.59375, '100': 0.4375, '2026': 0.59375}",retained,confirmation
raw_segment,2,18,50,0.609375,0.5403645833333334,0.67578125,256,3,"{'42': 0.667969, '100': 0.558594, '2026': 0.601562}",retained,confirmation
raw_segment,2,19,51,0.57421875,0.4895833333333333,0.6497395833333334,256,3,"{'42': 0.621094, '100': 0.492188, '2026': 0.609375}",retained,confirmation
raw_segment,2,20,52,0.6106770833333334,0.5234375,0.69140625,256,3,"{'42': 0.667969, '100': 0.519531, '2026': 0.644531}",retained,confirmation
raw_segment,2,21,53,0.6171875,0.5546875,0.6783854166666666,256,3,"{'42': 0.636719, '100': 0.574219, '2026': 0.640625}",retained,confirmation
raw_segment,2,22,54,0.6549479166666666,0.59375,0.71875,256,3,"{'42': 0.632812, '100': 0.625, '2026': 0.707031}",retained,confirmation
raw_segment,2,23,55,0.6276041666666666,0.5638020833333334,0.6875,256,3,"{'42': 0.640625, '100': 0.578125, '2026': 0.664062}",retained,confirmation
raw_segment,2,24,56,0.67578125,0.6106770833333334,0.7421875,256,3,"{'42': 0.675781, '100': 0.628906, '2026': 0.722656}",retained,confirmation
raw_segment,2,25,57,0.67578125,0.6080729166666666,0.75,256,3,"{'42': 0.640625, '100': 0.648438, '2026': 0.738281}",retained,confirmation
raw_segment,2,26,58,0.6614583333333334,0.59765625,0.72265625,256,3,"{'42': 0.613281, '100': 0.675781, '2026': 0.695312}",retained,confirmation
raw_segment,2,27,59,0.66015625,0.5950195312500001,0.7291666666666666,256,3,"{'42': 0.609375, '100': 0.710938, '2026': 0.660156}",retained,confirmation
raw_segment,2,28,60,0.6510416666666666,0.5677083333333334,0.72265625,256,3,"{'42': 0.574219, '100': 0.699219, '2026': 0.679688}",retained,confirmation
raw_segment,2,29,61,0.6471354166666666,0.52734375,0.7396158854166666,256,3,"{'42': 0.523438, '100': 0.71875, '2026': 0.699219}",retained,confirmation
raw_segment,2,30,62,0.64453125,0.53515625,0.73828125,256,3,"{'42': 0.535156, '100': 0.699219, '2026': 0.699219}",retained,confirmation
raw_segment,2,31,63,0.6002604166666666,0.4947916666666667,0.6888020833333334,256,3,"{'42': 0.496094, '100': 0.664062, '2026': 0.640625}",retained,confirmation
raw_segment,2,32,64,0.5377604166666666,0.42578125,0.6484375,256,3,"{'42': 0.417969, '100': 0.644531, '2026': 0.550781}",retained,confirmation
raw_segment,3,1,65,0.19401041666666666,0.13671875,0.2526041666666667,256,3,"{'42': 0.144531, '100': 0.234375, '2026': 0.203125}",retained,confirmation
raw_segment,3,2,66,0.23697916666666666,0.17838541666666666,0.30078125,256,3,"{'42': 0.195312, '100': 0.289062, '2026': 0.226562}",retained,confirmation
raw_segment,3,3,67,0.23177083333333334,0.171875,0.2903645833333333,256,3,"{'42': 0.183594, '100': 0.285156, '2026': 0.226562}",retained,confirmation
raw_segment,3,4,68,0.2825520833333333,0.22265625,0.33984375,256,3,"{'42': 0.253906, '100': 0.332031, '2026': 0.261719}",retained,confirmation
raw_segment,3,5,69,0.2799479166666667,0.19401041666666666,0.3737304687499998,256,3,"{'42': 0.222656, '100': 0.382812, '2026': 0.234375}",retained,confirmation
raw_segment,3,6,70,0.2747395833333333,0.20439453125000007,0.34375,256,3,"{'42': 0.269531, '100': 0.339844, '2026': 0.214844}",retained,confirmation
raw_segment,3,7,71,0.3372395833333333,0.2903645833333333,0.38414713541666645,256,3,"{'42': 0.335938, '100': 0.335938, '2026': 0.339844}",retained,confirmation
raw_segment,3,8,72,0.3346354166666667,0.2838541666666667,0.3854492187499998,256,3,"{'42': 0.316406, '100': 0.363281, '2026': 0.324219}",retained,confirmation
raw_segment,3,9,73,0.4192708333333333,0.36715494791666675,0.4765625,256,3,"{'42': 0.386719, '100': 0.425781, '2026': 0.445312}",retained,confirmation
raw_segment,3,10,74,0.3723958333333333,0.3125,0.43362630208333314,256,3,"{'42': 0.382812, '100': 0.328125, '2026': 0.40625}",retained,confirmation
raw_segment,3,11,75,0.4036458333333333,0.3528645833333333,0.453125,256,3,"{'42': 0.382812, '100': 0.414062, '2026': 0.414062}",retained,confirmation
raw_segment,3,12,76,0.4622395833333333,0.41402994791666675,0.5104492187499998,256,3,"{'42': 0.460938, '100': 0.464844, '2026': 0.460938}",retained,confirmation
raw_segment,3,13,77,0.5052083333333334,0.45703125,0.5559895833333334,256,3,"{'42': 0.511719, '100': 0.496094, '2026': 0.507812}",retained,confirmation
raw_segment,3,14,78,0.51171875,0.4453125,0.578125,256,3,"{'42': 0.554688, '100': 0.46875, '2026': 0.511719}",retained,confirmation
raw_segment,3,15,79,0.5390625,0.4856770833333333,0.5950846354166666,256,3,"{'42': 0.566406, '100': 0.515625, '2026': 0.535156}",retained,confirmation
raw_segment,3,16,80,0.5846354166666666,0.49996744791666675,0.6588867187499998,256,3,"{'42': 0.625, '100': 0.507812, '2026': 0.621094}",retained,confirmation
raw_segment,3,17,81,0.6119791666666666,0.5611979166666666,0.6640625,256,3,"{'42': 0.628906, '100': 0.597656, '2026': 0.609375}",retained,confirmation
raw_segment,3,18,82,0.5924479166666666,0.5325520833333334,0.6471679687499998,256,3,"{'42': 0.621094, '100': 0.59375, '2026': 0.5625}",retained,confirmation
raw_segment,3,19,83,0.6276041666666666,0.5624674479166667,0.6888020833333334,256,3,"{'42': 0.671875, '100': 0.625, '2026': 0.585938}",retained,confirmation
raw_segment,3,20,84,0.6888020833333334,0.6276041666666666,0.7486979166666666,256,3,"{'42': 0.726562, '100': 0.699219, '2026': 0.640625}",retained,confirmation
raw_segment,3,21,85,0.6770833333333334,0.6015625,0.7448242187499998,256,3,"{'42': 0.71875, '100': 0.703125, '2026': 0.609375}",retained,confirmation
raw_segment,3,22,86,0.7057291666666666,0.62890625,0.7786783854166666,256,3,"{'42': 0.773438, '100': 0.707031, '2026': 0.636719}",retained,confirmation
raw_segment,3,23,87,0.7044270833333334,0.6067382812500001,0.7890625,256,3,"{'42': 0.746094, '100': 0.765625, '2026': 0.601562}",retained,confirmation
raw_segment,3,24,88,0.73828125,0.6575520833333334,0.8020833333333334,256,3,"{'42': 0.78125, '100': 0.765625, '2026': 0.667969}",retained,confirmation
raw_segment,3,25,89,0.7552083333333334,0.64453125,0.8438151041666663,256,3,"{'42': 0.816406, '100': 0.816406, '2026': 0.632812}",retained,confirmation
raw_segment,3,26,90,0.7526041666666666,0.6353841145833333,0.8450520833333334,256,3,"{'42': 0.800781, '100': 0.832031, '2026': 0.625}",retained,confirmation
raw_segment,3,27,91,0.7669270833333334,0.60546875,0.875,256,3,"{'42': 0.839844, '100': 0.859375, '2026': 0.601562}",retained,confirmation
raw_segment,3,28,92,0.7434895833333334,0.6119140625000001,0.8489583333333334,256,3,"{'42': 0.796875, '100': 0.839844, '2026': 0.59375}",retained,confirmation
raw_segment,3,29,93,0.7669270833333334,0.5975585937500002,0.88671875,256,3,"{'42': 0.859375, '100': 0.859375, '2026': 0.582031}",retained,confirmation
raw_segment,3,30,94,0.78515625,0.6053710937500002,0.9010416666666666,256,3,"{'42': 0.867188, '100': 0.886719, '2026': 0.601562}",retained,confirmation
raw_segment,3,31,95,0.7916666666666666,0.63671875,0.90625,256,3,"{'42': 0.871094, '100': 0.886719, '2026': 0.617188}",retained,confirmation
raw_segment,3,32,96,0.8059895833333334,0.609375,0.92578125,256,3,"{'42': 0.886719, '100': 0.917969, '2026': 0.613281}",retained,confirmation
raw_segment,4,1,97,0.40625,0.34765625,0.46484375,256,3,"{'42': 0.390625, '100': 0.425781, '2026': 0.402344}",retained,confirmation
raw_segment,4,2,98,0.4635416666666667,0.40621744791666675,0.5208658854166666,256,3,"{'42': 0.480469, '100': 0.449219, '2026': 0.460938}",retained,confirmation
raw_segment,4,3,99,0.52734375,0.4635416666666667,0.58984375,256,3,"{'42': 0.542969, '100': 0.550781, '2026': 0.488281}",retained,confirmation
raw_segment,4,4,100,0.5703125,0.46871744791666675,0.6601888020833332,256,3,"{'42': 0.628906, '100': 0.613281, '2026': 0.46875}",retained,confirmation
raw_segment,4,5,101,0.6380208333333334,0.48828125,0.75,256,3,"{'42': 0.714844, '100': 0.714844, '2026': 0.484375}",retained,confirmation
raw_segment,4,6,102,0.69921875,0.40234375,0.87890625,256,3,"{'42': 0.859375, '100': 0.839844, '2026': 0.398438}",retained,confirmation
raw_segment,4,7,103,0.6927083333333334,0.3202148437500002,0.9140625,256,3,"{'42': 0.882812, '100': 0.894531, '2026': 0.300781}",retained,confirmation
raw_summary,1,1,1,1.0,1.0,1.0,256,3,"{'42': 1.0, '100': 1.0, '2026': 1.0}",retained,confirmation
raw_summary,1,2,2,1.0,1.0,1.0,256,3,"{'42': 1.0, '100': 1.0, '2026': 1.0}",retained,confirmation
raw_summary,1,3,3,1.0,1.0,1.0,256,3,"{'42': 1.0, '100': 1.0, '2026': 1.0}",retained,confirmation
raw_summary,1,4,4,1.0,1.0,1.0,256,3,"{'42': 1.0, '100': 1.0, '2026': 1.0}",retained,confirmation
raw_summary,1,5,5,1.0,1.0,1.0,256,3,"{'42': 1.0, '100': 1.0, '2026': 1.0}",retained,confirmation
raw_summary,1,6,6,1.0,1.0,1.0,256,3,"{'42': 1.0, '100': 1.0, '2026': 1.0}",retained,confirmation
raw_summary,1,7,7,1.0,1.0,1.0,256,3,"{'42': 1.0, '100': 1.0, '2026': 1.0}",retained,confirmation
raw_summary,1,8,8,1.0,1.0,1.0,256,3,"{'42': 1.0, '100': 1.0, '2026': 1.0}",retained,confirmation
raw_summary,1,9,9,1.0,1.0,1.0,256,3,"{'42': 1.0, '100': 1.0, '2026': 1.0}",retained,confirmation
raw_summary,1,10,10,1.0,1.0,1.0,256,3,"{'42': 1.0, '100': 1.0, '2026': 1.0}",retained,confirmation
raw_summary,1,11,11,1.0,1.0,1.0,256,3,"{'42': 1.0, '100': 1.0, '2026': 1.0}",retained,confirmation
raw_summary,1,12,12,1.0,1.0,1.0,256,3,"{'42': 1.0, '100': 1.0, '2026': 1.0}",retained,confirmation
raw_summary,1,13,13,1.0,1.0,1.0,256,3,"{'42': 1.0, '100': 1.0, '2026': 1.0}",retained,confirmation
raw_summary,1,14,14,1.0,1.0,1.0,256,3,"{'42': 1.0, '100': 1.0, '2026': 1.0}",retained,confirmation
raw_summary,1,15,15,1.0,1.0,1.0,256,3,"{'42': 1.0, '100': 1.0, '2026': 1.0}",retained,confirmation
raw_summary,1,16,16,1.0,1.0,1.0,256,3,"{'42': 1.0, '100': 1.0, '2026': 1.0}",retained,confirmation
raw_summary,1,17,17,1.0,1.0,1.0,256,3,"{'42': 1.0, '100': 1.0, '2026': 1.0}",retained,confirmation
raw_summary,1,18,18,1.0,1.0,1.0,256,3,"{'42': 1.0, '100': 1.0, '2026': 1.0}",retained,confirmation
raw_summary,1,19,19,1.0,1.0,1.0,256,3,"{'42': 1.0, '100': 1.0, '2026': 1.0}",retained,confirmation
raw_summary,1,20,20,1.0,1.0,1.0,256,3,"{'42': 1.0, '100': 1.0, '2026': 1.0}",retained,confirmation
raw_summary,1,21,21,1.0,1.0,1.0,256,3,"{'42': 1.0, '100': 1.0, '2026': 1.0}",retained,confirmation
raw_summary,1,22,22,1.0,1.0,1.0,256,3,"{'42': 1.0, '100': 1.0, '2026': 1.0}",retained,confirmation
raw_summary,1,23,23,1.0,1.0,1.0,256,3,"{'42': 1.0, '100': 1.0, '2026': 1.0}",retained,confirmation
raw_summary,1,24,24,0.9986979166666666,0.9947916666666666,1.0,256,3,"{'42': 1.0, '100': 1.0, '2026': 0.996094}",retained,confirmation
raw_summary,1,25,25,0.9986979166666666,0.9921875,1.0,256,3,"{'42': 1.0, '100': 1.0, '2026': 0.996094}",retained,confirmation
raw_summary,1,26,26,0.9973958333333334,0.9908854166666666,1.0,256,3,"{'42': 0.996094, '100': 1.0, '2026': 0.996094}",retained,confirmation
raw_summary,1,27,27,0.9921875,0.98046875,1.0,256,3,"{'42': 0.992188, '100': 0.996094, '2026': 0.988281}",retained,confirmation
raw_summary,1,28,28,0.9869791666666666,0.9713541666666666,0.9974283854166666,256,3,"{'42': 0.984375, '100': 0.996094, '2026': 0.980469}",retained,confirmation
raw_summary,1,29,29,0.9895833333333334,0.9752604166666666,1.0,256,3,"{'42': 0.988281, '100': 0.996094, '2026': 0.984375}",retained,confirmation
raw_summary,1,30,30,0.97265625,0.9466145833333334,0.9934895833333334,256,3,"{'42': 0.976562, '100': 0.988281, '2026': 0.953125}",retained,confirmation
raw_summary,1,31,31,0.9752604166666666,0.9466145833333334,0.99609375,256,3,"{'42': 0.988281, '100': 0.984375, '2026': 0.953125}",retained,confirmation
raw_summary,1,32,32,0.9622395833333334,0.9322916666666666,0.98828125,256,3,"{'42': 0.972656, '100': 0.972656, '2026': 0.941406}",retained,confirmation
raw_summary,2,1,33,0.96484375,0.9401041666666666,0.9856770833333334,256,3,"{'42': 0.960938, '100': 0.96875, '2026': 0.964844}",retained,confirmation
raw_summary,2,2,34,0.9817708333333334,0.9635416666666666,0.99609375,256,3,"{'42': 0.984375, '100': 0.980469, '2026': 0.980469}",retained,confirmation
raw_summary,2,3,35,0.99609375,0.98828125,1.0,256,3,"{'42': 0.996094, '100': 0.996094, '2026': 0.996094}",retained,confirmation
raw_summary,2,4,36,0.9830729166666666,0.9674479166666666,0.99609375,256,3,"{'42': 0.984375, '100': 0.984375, '2026': 0.980469}",retained,confirmation
raw_summary,2,5,37,0.9869791666666666,0.97265625,0.9986979166666666,256,3,"{'42': 0.984375, '100': 0.988281, '2026': 0.988281}",retained,confirmation
raw_summary,2,6,38,0.98828125,0.9739583333333334,1.0,256,3,"{'42': 0.992188, '100': 0.984375, '2026': 0.988281}",retained,confirmation
raw_summary,2,7,39,0.9895833333333334,0.9765625,1.0,256,3,"{'42': 0.988281, '100': 0.992188, '2026': 0.988281}",retained,confirmation
raw_summary,2,8,40,0.99609375,0.98828125,1.0,256,3,"{'42': 0.996094, '100': 0.996094, '2026': 0.996094}",retained,confirmation
raw_summary,2,9,41,0.9908854166666666,0.9765625,1.0,256,3,"{'42': 0.988281, '100': 0.992188, '2026': 0.992188}",retained,confirmation
raw_summary,2,10,42,0.9934895833333334,0.9830729166666666,1.0,256,3,"{'42': 0.992188, '100': 0.996094, '2026': 0.992188}",retained,confirmation
raw_summary,2,11,43,0.9908854166666666,0.9778645833333334,1.0,256,3,"{'42': 0.992188, '100': 0.992188, '2026': 0.988281}",retained,confirmation
raw_summary,2,12,44,0.9895833333333334,0.9765625,1.0,256,3,"{'42': 0.988281, '100': 0.992188, '2026': 0.988281}",retained,confirmation
raw_summary,2,13,45,0.9986979166666666,0.9947916666666666,1.0,256,3,"{'42': 0.996094, '100': 1.0, '2026': 1.0}",retained,confirmation
raw_summary,2,14,46,0.9947916666666666,0.984375,1.0,256,3,"{'42': 0.992188, '100': 0.996094, '2026': 0.996094}",retained,confirmation
raw_summary,2,15,47,0.9947916666666666,0.9869466145833333,1.0,256,3,"{'42': 0.992188, '100': 0.996094, '2026': 0.996094}",retained,confirmation
raw_summary,2,16,48,0.9934895833333334,0.984375,1.0,256,3,"{'42': 0.996094, '100': 0.992188, '2026': 0.992188}",retained,confirmation
raw_summary,2,17,49,0.99609375,0.9895833333333334,1.0,256,3,"{'42': 0.996094, '100': 0.996094, '2026': 0.996094}",retained,confirmation
raw_summary,2,18,50,0.99609375,0.9869791666666666,1.0,256,3,"{'42': 0.996094, '100': 1.0, '2026': 0.992188}",retained,confirmation
raw_summary,2,19,51,0.9934895833333334,0.984375,1.0,256,3,"{'42': 0.992188, '100': 0.996094, '2026': 0.992188}",retained,confirmation
raw_summary,2,20,52,0.9921875,0.9817708333333334,1.0,256,3,"{'42': 0.996094, '100': 0.992188, '2026': 0.988281}",retained,confirmation
raw_summary,2,21,53,0.9947916666666666,0.984375,1.0,256,3,"{'42': 1.0, '100': 0.992188, '2026': 0.992188}",retained,confirmation
raw_summary,2,22,54,0.9973958333333334,0.9908854166666666,1.0,256,3,"{'42': 1.0, '100': 0.996094, '2026': 0.996094}",retained,confirmation
raw_summary,2,23,55,0.9908854166666666,0.9778645833333334,1.0,256,3,"{'42': 0.996094, '100': 0.992188, '2026': 0.984375}",retained,confirmation
raw_summary,2,24,56,0.98828125,0.9752604166666666,0.9973958333333334,256,3,"{'42': 0.988281, '100': 0.992188, '2026': 0.984375}",retained,confirmation
raw_summary,2,25,57,0.9856770833333334,0.9700520833333334,0.9974283854166666,256,3,"{'42': 0.976562, '100': 0.996094, '2026': 0.984375}",retained,confirmation
raw_summary,2,26,58,0.984375,0.96875,0.9973958333333334,256,3,"{'42': 0.980469, '100': 0.992188, '2026': 0.980469}",retained,confirmation
raw_summary,2,27,59,0.9856770833333334,0.9700520833333334,0.9973958333333334,256,3,"{'42': 0.980469, '100': 0.984375, '2026': 0.992188}",retained,confirmation
raw_summary,2,28,60,0.9817708333333334,0.9661458333333334,0.9934895833333334,256,3,"{'42': 0.976562, '100': 0.988281, '2026': 0.980469}",retained,confirmation
raw_summary,2,29,61,0.95703125,0.92578125,0.984375,256,3,"{'42': 0.933594, '100': 0.980469, '2026': 0.957031}",retained,confirmation
raw_summary,2,30,62,0.9635416666666666,0.9348958333333334,0.9895833333333334,256,3,"{'42': 0.949219, '100': 0.988281, '2026': 0.953125}",retained,confirmation
raw_summary,2,31,63,0.94921875,0.9140625,0.98046875,256,3,"{'42': 0.933594, '100': 0.980469, '2026': 0.933594}",retained,confirmation
raw_summary,2,32,64,0.9583333333333334,0.9348958333333334,0.9778645833333334,256,3,"{'42': 0.960938, '100': 0.964844, '2026': 0.949219}",retained,confirmation
raw_summary,3,1,65,0.9609375,0.9296875,0.9856770833333334,256,3,"{'42': 0.949219, '100': 0.949219, '2026': 0.984375}",retained,confirmation
raw_summary,3,2,66,0.9635416666666666,0.9309895833333334,0.9895833333333334,256,3,"{'42': 0.949219, '100': 0.953125, '2026': 0.988281}",retained,confirmation
raw_summary,3,3,67,0.9765625,0.95703125,0.9921875,256,3,"{'42': 0.972656, '100': 0.972656, '2026': 0.984375}",retained,confirmation
raw_summary,3,4,68,0.97265625,0.9479166666666666,0.9921875,256,3,"{'42': 0.964844, '100': 0.964844, '2026': 0.988281}",retained,confirmation
raw_summary,3,5,69,0.984375,0.96484375,1.0,256,3,"{'42': 0.976562, '100': 0.976562, '2026': 1.0}",retained,confirmation
raw_summary,3,6,70,0.9895833333333334,0.9765625,0.9986979166666666,256,3,"{'42': 0.992188, '100': 0.984375, '2026': 0.992188}",retained,confirmation
raw_summary,3,7,71,0.984375,0.9674479166666666,0.9973958333333334,256,3,"{'42': 0.992188, '100': 0.984375, '2026': 0.976562}",retained,confirmation
raw_summary,3,8,72,0.9895833333333334,0.96875,1.0,256,3,"{'42': 0.996094, '100': 0.972656, '2026': 1.0}",retained,confirmation
raw_summary,3,9,73,0.9921875,0.9791341145833333,1.0,256,3,"{'42': 0.984375, '100': 0.992188, '2026': 1.0}",retained,confirmation
raw_summary,3,10,74,0.9856770833333334,0.96875,0.9973958333333334,256,3,"{'42': 0.984375, '100': 0.976562, '2026': 0.996094}",retained,confirmation
raw_summary,3,11,75,0.9934895833333334,0.984375,1.0,256,3,"{'42': 0.988281, '100': 0.996094, '2026': 0.996094}",retained,confirmation
raw_summary,3,12,76,0.9791666666666666,0.95703125,0.99609375,256,3,"{'42': 0.96875, '100': 0.972656, '2026': 0.996094}",retained,confirmation
raw_summary,3,13,77,0.9895833333333334,0.9752604166666666,1.0,256,3,"{'42': 0.980469, '100': 0.988281, '2026': 1.0}",retained,confirmation
raw_summary,3,14,78,0.9830729166666666,0.9661458333333334,0.99609375,256,3,"{'42': 0.980469, '100': 0.976562, '2026': 0.992188}",retained,confirmation
raw_summary,3,15,79,0.9869791666666666,0.9752604166666666,0.99609375,256,3,"{'42': 0.984375, '100': 0.984375, '2026': 0.992188}",retained,confirmation
raw_summary,3,16,80,0.984375,0.9609375,1.0,256,3,"{'42': 0.992188, '100': 0.964844, '2026': 0.996094}",retained,confirmation
raw_summary,3,17,81,0.9856770833333334,0.96875,0.9973958333333334,256,3,"{'42': 0.996094, '100': 0.976562, '2026': 0.984375}",retained,confirmation
raw_summary,3,18,82,0.9817708333333334,0.9635416666666666,0.99609375,256,3,"{'42': 0.988281, '100': 0.96875, '2026': 0.988281}",retained,confirmation
raw_summary,3,19,83,0.984375,0.9622395833333334,1.0,256,3,"{'42': 1.0, '100': 0.96875, '2026': 0.984375}",retained,confirmation
raw_summary,3,20,84,0.9921875,0.98046875,1.0,256,3,"{'42': 0.996094, '100': 0.984375, '2026': 0.996094}",retained,confirmation
raw_summary,3,21,85,0.9921875,0.9791666666666666,1.0,256,3,"{'42': 0.992188, '100': 0.984375, '2026': 1.0}",retained,confirmation
raw_summary,3,22,86,0.9908854166666666,0.98046875,0.9986979166666666,256,3,"{'42': 0.988281, '100': 0.992188, '2026': 0.992188}",retained,confirmation
raw_summary,3,23,87,0.9869791666666666,0.9739583333333334,0.99609375,256,3,"{'42': 0.984375, '100': 0.988281, '2026': 0.988281}",retained,confirmation
raw_summary,3,24,88,0.9856770833333334,0.97265625,0.99609375,256,3,"{'42': 0.988281, '100': 0.980469, '2026': 0.988281}",retained,confirmation
raw_summary,3,25,89,0.9869791666666666,0.9713541666666666,1.0,256,3,"{'42': 0.980469, '100': 0.980469, '2026': 1.0}",retained,confirmation
raw_summary,3,26,90,0.9856770833333334,0.96875,0.9973958333333334,256,3,"{'42': 0.984375, '100': 0.976562, '2026': 0.996094}",retained,confirmation
raw_summary,3,27,91,0.9856770833333334,0.9700520833333334,0.9973958333333334,256,3,"{'42': 0.980469, '100': 0.980469, '2026': 0.996094}",retained,confirmation
raw_summary,3,28,92,0.9869791666666666,0.97265625,0.99609375,256,3,"{'42': 0.980469, '100': 0.988281, '2026': 0.992188}",retained,confirmation
raw_summary,3,29,93,0.9869791666666666,0.96484375,1.0,256,3,"{'42': 0.96875, '100': 0.992188, '2026': 1.0}",retained,confirmation
raw_summary,3,30,94,0.984375,0.96484375,0.9973958333333334,256,3,"{'42': 0.96875, '100': 0.992188, '2026': 0.992188}",retained,confirmation
raw_summary,3,31,95,0.9869791666666666,0.9700520833333334,1.0,256,3,"{'42': 0.980469, '100': 0.980469, '2026': 1.0}",retained,confirmation
raw_summary,3,32,96,0.98828125,0.9752604166666666,0.9986979166666666,256,3,"{'42': 0.988281, '100': 0.980469, '2026': 0.996094}",retained,confirmation
raw_summary,4,1,97,0.984375,0.96875,0.99609375,256,3,"{'42': 0.992188, '100': 0.976562, '2026': 0.984375}",retained,confirmation
raw_summary,4,2,98,0.9921875,0.9791666666666666,1.0,256,3,"{'42': 0.996094, '100': 0.984375, '2026': 0.996094}",retained,confirmation
raw_summary,4,3,99,0.9947916666666666,0.984375,1.0,256,3,"{'42': 1.0, '100': 0.988281, '2026': 0.996094}",retained,confirmation
raw_summary,4,4,100,0.9895833333333334,0.9752604166666666,1.0,256,3,"{'42': 1.0, '100': 0.980469, '2026': 0.988281}",retained,confirmation
raw_summary,4,5,101,0.9986979166666666,0.9947916666666666,1.0,256,3,"{'42': 1.0, '100': 1.0, '2026': 0.996094}",retained,confirmation
raw_summary,4,6,102,0.9895833333333334,0.9765625,1.0,256,3,"{'42': 0.992188, '100': 0.980469, '2026': 0.996094}",retained,confirmation
raw_summary,4,7,103,0.99609375,0.98828125,1.0,256,3,"{'42': 0.996094, '100': 0.992188, '2026': 1.0}",retained,confirmation
raw_summary,1,1,1,1.0,1.0,1.0,256,3,"{'42': 1.0, '100': 1.0, '2026': 1.0}",summary-cleared,confirmation
raw_summary,1,2,2,1.0,1.0,1.0,256,3,"{'42': 1.0, '100': 1.0, '2026': 1.0}",summary-cleared,confirmation
raw_summary,1,3,3,1.0,1.0,1.0,256,3,"{'42': 1.0, '100': 1.0, '2026': 1.0}",summary-cleared,confirmation
raw_summary,1,4,4,1.0,1.0,1.0,256,3,"{'42': 1.0, '100': 1.0, '2026': 1.0}",summary-cleared,confirmation
raw_summary,1,5,5,1.0,1.0,1.0,256,3,"{'42': 1.0, '100': 1.0, '2026': 1.0}",summary-cleared,confirmation
raw_summary,1,6,6,1.0,1.0,1.0,256,3,"{'42': 1.0, '100': 1.0, '2026': 1.0}",summary-cleared,confirmation
raw_summary,1,7,7,1.0,1.0,1.0,256,3,"{'42': 1.0, '100': 1.0, '2026': 1.0}",summary-cleared,confirmation
raw_summary,1,8,8,1.0,1.0,1.0,256,3,"{'42': 1.0, '100': 1.0, '2026': 1.0}",summary-cleared,confirmation
raw_summary,1,9,9,1.0,1.0,1.0,256,3,"{'42': 1.0, '100': 1.0, '2026': 1.0}",summary-cleared,confirmation
raw_summary,1,10,10,1.0,1.0,1.0,256,3,"{'42': 1.0, '100': 1.0, '2026': 1.0}",summary-cleared,confirmation
raw_summary,1,11,11,1.0,1.0,1.0,256,3,"{'42': 1.0, '100': 1.0, '2026': 1.0}",summary-cleared,confirmation
raw_summary,1,12,12,1.0,1.0,1.0,256,3,"{'42': 1.0, '100': 1.0, '2026': 1.0}",summary-cleared,confirmation
raw_summary,1,13,13,1.0,1.0,1.0,256,3,"{'42': 1.0, '100': 1.0, '2026': 1.0}",summary-cleared,confirmation
raw_summary,1,14,14,1.0,1.0,1.0,256,3,"{'42': 1.0, '100': 1.0, '2026': 1.0}",summary-cleared,confirmation
raw_summary,1,15,15,1.0,1.0,1.0,256,3,"{'42': 1.0, '100': 1.0, '2026': 1.0}",summary-cleared,confirmation
raw_summary,1,16,16,1.0,1.0,1.0,256,3,"{'42': 1.0, '100': 1.0, '2026': 1.0}",summary-cleared,confirmation
raw_summary,1,17,17,1.0,1.0,1.0,256,3,"{'42': 1.0, '100': 1.0, '2026': 1.0}",summary-cleared,confirmation
raw_summary,1,18,18,1.0,1.0,1.0,256,3,"{'42': 1.0, '100': 1.0, '2026': 1.0}",summary-cleared,confirmation
raw_summary,1,19,19,1.0,1.0,1.0,256,3,"{'42': 1.0, '100': 1.0, '2026': 1.0}",summary-cleared,confirmation
raw_summary,1,20,20,1.0,1.0,1.0,256,3,"{'42': 1.0, '100': 1.0, '2026': 1.0}",summary-cleared,confirmation
raw_summary,1,21,21,1.0,1.0,1.0,256,3,"{'42': 1.0, '100': 1.0, '2026': 1.0}",summary-cleared,confirmation
raw_summary,1,22,22,1.0,1.0,1.0,256,3,"{'42': 1.0, '100': 1.0, '2026': 1.0}",summary-cleared,confirmation
raw_summary,1,23,23,1.0,1.0,1.0,256,3,"{'42': 1.0, '100': 1.0, '2026': 1.0}",summary-cleared,confirmation
raw_summary,1,24,24,0.9986979166666666,0.9921875,1.0,256,3,"{'42': 1.0, '100': 1.0, '2026': 0.996094}",summary-cleared,confirmation
raw_summary,1,25,25,0.9986979166666666,0.9921875,1.0,256,3,"{'42': 1.0, '100': 1.0, '2026': 0.996094}",summary-cleared,confirmation
raw_summary,1,26,26,0.9973958333333334,0.9908854166666666,1.0,256,3,"{'42': 0.996094, '100': 1.0, '2026': 0.996094}",summary-cleared,confirmation
raw_summary,1,27,27,0.9921875,0.98046875,1.0,256,3,"{'42': 0.992188, '100': 0.996094, '2026': 0.988281}",summary-cleared,confirmation
raw_summary,1,28,28,0.9869791666666666,0.97265625,0.9986979166666666,256,3,"{'42': 0.984375, '100': 0.996094, '2026': 0.980469}",summary-cleared,confirmation
raw_summary,1,29,29,0.9895833333333334,0.9765625,1.0,256,3,"{'42': 0.988281, '100': 0.996094, '2026': 0.984375}",summary-cleared,confirmation
raw_summary,1,30,30,0.97265625,0.9453125,0.9934895833333334,256,3,"{'42': 0.976562, '100': 0.988281, '2026': 0.953125}",summary-cleared,confirmation
raw_summary,1,31,31,0.9752604166666666,0.9453125,0.99609375,256,3,"{'42': 0.988281, '100': 0.984375, '2026': 0.953125}",summary-cleared,confirmation
raw_summary,1,32,32,0.9622395833333334,0.9335611979166667,0.98828125,256,3,"{'42': 0.972656, '100': 0.972656, '2026': 0.941406}",summary-cleared,confirmation
raw_summary,2,1,33,0.0,0.0,0.0,256,3,"{'42': 0.0, '100': 0.0, '2026': 0.0}",summary-cleared,confirmation
raw_summary,2,2,34,0.0,0.0,0.0,256,3,"{'42': 0.0, '100': 0.0, '2026': 0.0}",summary-cleared,confirmation
raw_summary,2,3,35,0.0,0.0,0.0,256,3,"{'42': 0.0, '100': 0.0, '2026': 0.0}",summary-cleared,confirmation
raw_summary,2,4,36,0.0,0.0,0.0,256,3,"{'42': 0.0, '100': 0.0, '2026': 0.0}",summary-cleared,confirmation
raw_summary,2,5,37,0.0,0.0,0.0,256,3,"{'42': 0.0, '100': 0.0, '2026': 0.0}",summary-cleared,confirmation
raw_summary,2,6,38,0.0,0.0,0.0,256,3,"{'42': 0.0, '100': 0.0, '2026': 0.0}",summary-cleared,confirmation
raw_summary,2,7,39,0.0,0.0,0.0,256,3,"{'42': 0.0, '100': 0.0, '2026': 0.0}",summary-cleared,confirmation
raw_summary,2,8,40,0.0,0.0,0.0,256,3,"{'42': 0.0, '100': 0.0, '2026': 0.0}",summary-cleared,confirmation
raw_summary,2,9,41,0.0,0.0,0.0,256,3,"{'42': 0.0, '100': 0.0, '2026': 0.0}",summary-cleared,confirmation
raw_summary,2,10,42,0.0,0.0,0.0,256,3,"{'42': 0.0, '100': 0.0, '2026': 0.0}",summary-cleared,confirmation
raw_summary,2,11,43,0.0,0.0,0.0,256,3,"{'42': 0.0, '100': 0.0, '2026': 0.0}",summary-cleared,confirmation
raw_summary,2,12,44,0.0,0.0,0.0,256,3,"{'42': 0.0, '100': 0.0, '2026': 0.0}",summary-cleared,confirmation
raw_summary,2,13,45,0.0,0.0,0.0,256,3,"{'42': 0.0, '100': 0.0, '2026': 0.0}",summary-cleared,confirmation
raw_summary,2,14,46,0.0,0.0,0.0,256,3,"{'42': 0.0, '100': 0.0, '2026': 0.0}",summary-cleared,confirmation
raw_summary,2,15,47,0.0,0.0,0.0,256,3,"{'42': 0.0, '100': 0.0, '2026': 0.0}",summary-cleared,confirmation
raw_summary,2,16,48,0.0,0.0,0.0,256,3,"{'42': 0.0, '100': 0.0, '2026': 0.0}",summary-cleared,confirmation
raw_summary,2,17,49,0.0,0.0,0.0,256,3,"{'42': 0.0, '100': 0.0, '2026': 0.0}",summary-cleared,confirmation
raw_summary,2,18,50,0.0,0.0,0.0,256,3,"{'42': 0.0, '100': 0.0, '2026': 0.0}",summary-cleared,confirmation
raw_summary,2,19,51,0.0,0.0,0.0,256,3,"{'42': 0.0, '100': 0.0, '2026': 0.0}",summary-cleared,confirmation
raw_summary,2,20,52,0.0,0.0,0.0,256,3,"{'42': 0.0, '100': 0.0, '2026': 0.0}",summary-cleared,confirmation
raw_summary,2,21,53,0.0,0.0,0.0,256,3,"{'42': 0.0, '100': 0.0, '2026': 0.0}",summary-cleared,confirmation
raw_summary,2,22,54,0.0,0.0,0.0,256,3,"{'42': 0.0, '100': 0.0, '2026': 0.0}",summary-cleared,confirmation
raw_summary,2,23,55,0.0,0.0,0.0,256,3,"{'42': 0.0, '100': 0.0, '2026': 0.0}",summary-cleared,confirmation
raw_summary,2,24,56,0.0,0.0,0.0,256,3,"{'42': 0.0, '100': 0.0, '2026': 0.0}",summary-cleared,confirmation
raw_summary,2,25,57,0.0,0.0,0.0,256,3,"{'42': 0.0, '100': 0.0, '2026': 0.0}",summary-cleared,confirmation
raw_summary,2,26,58,0.0,0.0,0.0,256,3,"{'42': 0.0, '100': 0.0, '2026': 0.0}",summary-cleared,confirmation
raw_summary,2,27,59,0.0,0.0,0.0,256,3,"{'42': 0.0, '100': 0.0, '2026': 0.0}",summary-cleared,confirmation
raw_summary,2,28,60,0.0,0.0,0.0,256,3,"{'42': 0.0, '100': 0.0, '2026': 0.0}",summary-cleared,confirmation
raw_summary,2,29,61,0.0,0.0,0.0,256,3,"{'42': 0.0, '100': 0.0, '2026': 0.0}",summary-cleared,confirmation
raw_summary,2,30,62,0.0,0.0,0.0,256,3,"{'42': 0.0, '100': 0.0, '2026': 0.0}",summary-cleared,confirmation
raw_summary,2,31,63,0.0,0.0,0.0,256,3,"{'42': 0.0, '100': 0.0, '2026': 0.0}",summary-cleared,confirmation
raw_summary,2,32,64,0.0,0.0,0.0,256,3,"{'42': 0.0, '100': 0.0, '2026': 0.0}",summary-cleared,confirmation
raw_summary,3,1,65,0.0,0.0,0.0,256,3,"{'42': 0.0, '100': 0.0, '2026': 0.0}",summary-cleared,confirmation
raw_summary,3,2,66,0.0,0.0,0.0,256,3,"{'42': 0.0, '100': 0.0, '2026': 0.0}",summary-cleared,confirmation
raw_summary,3,3,67,0.0,0.0,0.0,256,3,"{'42': 0.0, '100': 0.0, '2026': 0.0}",summary-cleared,confirmation
raw_summary,3,4,68,0.0,0.0,0.0,256,3,"{'42': 0.0, '100': 0.0, '2026': 0.0}",summary-cleared,confirmation
raw_summary,3,5,69,0.0,0.0,0.0,256,3,"{'42': 0.0, '100': 0.0, '2026': 0.0}",summary-cleared,confirmation
raw_summary,3,6,70,0.0,0.0,0.0,256,3,"{'42': 0.0, '100': 0.0, '2026': 0.0}",summary-cleared,confirmation
raw_summary,3,7,71,0.0,0.0,0.0,256,3,"{'42': 0.0, '100': 0.0, '2026': 0.0}",summary-cleared,confirmation
raw_summary,3,8,72,0.0,0.0,0.0,256,3,"{'42': 0.0, '100': 0.0, '2026': 0.0}",summary-cleared,confirmation
raw_summary,3,9,73,0.0,0.0,0.0,256,3,"{'42': 0.0, '100': 0.0, '2026': 0.0}",summary-cleared,confirmation
raw_summary,3,10,74,0.0,0.0,0.0,256,3,"{'42': 0.0, '100': 0.0, '2026': 0.0}",summary-cleared,confirmation
raw_summary,3,11,75,0.0,0.0,0.0,256,3,"{'42': 0.0, '100': 0.0, '2026': 0.0}",summary-cleared,confirmation
raw_summary,3,12,76,0.0,0.0,0.0,256,3,"{'42': 0.0, '100': 0.0, '2026': 0.0}",summary-cleared,confirmation
raw_summary,3,13,77,0.0,0.0,0.0,256,3,"{'42': 0.0, '100': 0.0, '2026': 0.0}",summary-cleared,confirmation
raw_summary,3,14,78,0.0,0.0,0.0,256,3,"{'42': 0.0, '100': 0.0, '2026': 0.0}",summary-cleared,confirmation
raw_summary,3,15,79,0.0,0.0,0.0,256,3,"{'42': 0.0, '100': 0.0, '2026': 0.0}",summary-cleared,confirmation
raw_summary,3,16,80,0.0,0.0,0.0,256,3,"{'42': 0.0, '100': 0.0, '2026': 0.0}",summary-cleared,confirmation
raw_summary,3,17,81,0.0,0.0,0.0,256,3,"{'42': 0.0, '100': 0.0, '2026': 0.0}",summary-cleared,confirmation
raw_summary,3,18,82,0.0,0.0,0.0,256,3,"{'42': 0.0, '100': 0.0, '2026': 0.0}",summary-cleared,confirmation
raw_summary,3,19,83,0.0,0.0,0.0,256,3,"{'42': 0.0, '100': 0.0, '2026': 0.0}",summary-cleared,confirmation
raw_summary,3,20,84,0.0,0.0,0.0,256,3,"{'42': 0.0, '100': 0.0, '2026': 0.0}",summary-cleared,confirmation
raw_summary,3,21,85,0.0,0.0,0.0,256,3,"{'42': 0.0, '100': 0.0, '2026': 0.0}",summary-cleared,confirmation
raw_summary,3,22,86,0.0,0.0,0.0,256,3,"{'42': 0.0, '100': 0.0, '2026': 0.0}",summary-cleared,confirmation
raw_summary,3,23,87,0.0,0.0,0.0,256,3,"{'42': 0.0, '100': 0.0, '2026': 0.0}",summary-cleared,confirmation
raw_summary,3,24,88,0.0,0.0,0.0,256,3,"{'42': 0.0, '100': 0.0, '2026': 0.0}",summary-cleared,confirmation
raw_summary,3,25,89,0.0,0.0,0.0,256,3,"{'42': 0.0, '100': 0.0, '2026': 0.0}",summary-cleared,confirmation
raw_summary,3,26,90,0.0,0.0,0.0,256,3,"{'42': 0.0, '100': 0.0, '2026': 0.0}",summary-cleared,confirmation
raw_summary,3,27,91,0.0,0.0,0.0,256,3,"{'42': 0.0, '100': 0.0, '2026': 0.0}",summary-cleared,confirmation
raw_summary,3,28,92,0.0,0.0,0.0,256,3,"{'42': 0.0, '100': 0.0, '2026': 0.0}",summary-cleared,confirmation
raw_summary,3,29,93,0.0,0.0,0.0,256,3,"{'42': 0.0, '100': 0.0, '2026': 0.0}",summary-cleared,confirmation
raw_summary,3,30,94,0.0,0.0,0.0,256,3,"{'42': 0.0, '100': 0.0, '2026': 0.0}",summary-cleared,confirmation
raw_summary,3,31,95,0.0,0.0,0.0,256,3,"{'42': 0.0, '100': 0.0, '2026': 0.0}",summary-cleared,confirmation
raw_summary,3,32,96,0.0,0.0,0.0,256,3,"{'42': 0.0, '100': 0.0, '2026': 0.0}",summary-cleared,confirmation
raw_summary,4,1,97,0.0,0.0,0.0,256,3,"{'42': 0.0, '100': 0.0, '2026': 0.0}",summary-cleared,confirmation
raw_summary,4,2,98,0.0,0.0,0.0,256,3,"{'42': 0.0, '100': 0.0, '2026': 0.0}",summary-cleared,confirmation
raw_summary,4,3,99,0.0,0.0,0.0,256,3,"{'42': 0.0, '100': 0.0, '2026': 0.0}",summary-cleared,confirmation
raw_summary,4,4,100,0.0,0.0,0.0,256,3,"{'42': 0.0, '100': 0.0, '2026': 0.0}",summary-cleared,confirmation
raw_summary,4,5,101,0.0,0.0,0.0,256,3,"{'42': 0.0, '100': 0.0, '2026': 0.0}",summary-cleared,confirmation
raw_summary,4,6,102,0.0,0.0,0.0,256,3,"{'42': 0.0, '100': 0.0, '2026': 0.0}",summary-cleared,confirmation
raw_summary,4,7,103,0.0,0.0,0.0,256,3,"{'42': 0.0, '100': 0.0, '2026': 0.0}",summary-cleared,confirmation
