condition,history,stratum,estimate,lower,upper,seed_42,seed_100,seed_2026,queries,queries_per_seed
raw_summary,retained,0,0.9956583488842549,0.9922261813999574,0.9983089667343595,0.9965143075191296,0.9977384985110311,0.9927222406226041,22341,7447
raw_summary,retained,1,0.9858805338541666,0.9807942708333334,0.9907633463541666,0.9837646484375,0.989990234375,0.98388671875,24576,8192
raw_summary,retained,2,0.984619140625,0.9762776692708334,0.9929209391276042,0.98193359375,0.9788818359375,0.9930419921875,24576,8192
raw_summary,retained,3,0.9921875,0.9838169642857144,0.9977678571428572,0.9966517857142858,0.9860491071428571,0.9938616071428571,5376,1792
raw_summary_residual,retained,0,0.9941508811552472,0.9898433964511673,0.9981908318892466,0.9982501960585248,0.9919033838679457,0.9922990635392708,22341,7447
raw_summary_residual,retained,1,0.9903157552083334,0.98583984375,0.9942220052083334,0.9898681640625,0.994140625,0.9869384765625,24576,8192
raw_summary_residual,retained,2,0.9841715494791666,0.9682586669921875,0.9971923828125,0.965087890625,0.989990234375,0.9974365234375,24576,8192
raw_summary_residual,retained,3,0.9986979166666666,0.9964657738095238,1.0,0.9977678571428572,0.9983258928571428,1.0,5376,1792
full_context,retained,0,0.9988212819729241,0.9975378307161848,0.9997306034482758,0.9979643140126986,0.9987737391105075,0.9997257927955665,22341,7447
full_context,retained,1,0.997314453125,0.9949137369791666,0.9991455078125,0.9962158203125,0.9991455078125,0.99658203125,24576,8192
full_context,retained,2,0.9984537760416666,0.9971110026041666,0.9995930989583334,0.9989013671875,0.99853515625,0.9979248046875,24576,8192
full_context,retained,3,1.0,1.0,1.0,1.0,1.0,1.0,5376,1792
full_gru,retained,0,0.9065467522019782,0.8487660300529676,1.0,1.0,0.872407760031367,0.847232496574568,22341,7447
full_gru,retained,1,0.9558919270833334,0.8946533203125,1.0,1.0,0.975830078125,0.891845703125,24576,8192
full_gru,retained,2,0.9575602213541666,0.8979370117187501,0.9906005859375,0.9888916015625,0.895751953125,0.988037109375,24576,8192
full_gru,retained,3,0.7553943452380952,0.6192243303571429,1.0,0.6333705357142856,1.0,0.6328125,5376,1792
memo,retained,0,0.9940102119593419,0.9888345410673296,0.9992802372685184,0.9895832795146812,0.9998553240740741,0.9925920322892707,22341,7447
memo,retained,1,0.9825439453125,0.9621551513671875,0.9952799479166666,0.9608154296875,0.9949951171875,0.9918212890625,24576,8192
memo,retained,2,0.9426676432291666,0.8828125,0.98486328125,0.9608154296875,0.88134765625,0.98583984375,24576,8192
memo,retained,3,0.7211681547619048,0.5967215401785713,0.9291294642857143,0.6010044642857143,0.9302455357142858,0.6322544642857142,5376,1792
memo_fixed,retained,0,0.9657324140357894,0.914103451987876,0.9943488941912971,0.992587542346742,0.9925962325580879,0.9120134672025384,22341,7447
memo_fixed,retained,1,0.9645182291666666,0.9329803466796875,0.98446044921875,0.980224609375,0.98291015625,0.930419921875,24576,8192
memo_fixed,retained,2,0.9058837890625,0.84375,0.9929229736328125,0.843994140625,0.880615234375,0.9930419921875,24576,8192
memo_fixed,retained,3,0.9097842261904763,0.8113699776785713,0.9938755580357143,0.8052455357142857,0.9285714285714286,0.9955357142857143,5376,1792
raw_summary,summary-cleared,0,0.9956583488842549,0.9923284110310896,0.9983268680572471,0.9965143075191296,0.9977384985110311,0.9927222406226041,22341,7447
raw_summary,summary-cleared,1,0.0,0.0,0.0,0.0,0.0,0.0,24576,8192
raw_summary,summary-cleared,2,0.0,0.0,0.0,0.0,0.0,0.0,24576,8192
raw_summary,summary-cleared,3,0.0,0.0,0.0,0.0,0.0,0.0,5376,1792
