condition,window,centre,estimate,lower,upper,seed_42,seed_100,seed_2026
raw_summary,1,250.0,25.04296875,21.855403645833334,28.261881510416664,25.02734375,23.58984375,26.51171875
raw_summary,2,750.0,26.21484375,22.794140625,30.019791666666666,26.05859375,24.87890625,27.70703125
raw_summary,3,1250.0,21.578125,18.728125000000002,24.27932942708333,21.96875,20.1328125,22.6328125
raw_summary,4,1750.0,23.790364583333332,20.90859375,26.753124999999997,24.46875,22.2578125,24.64453125
raw_summary,5,2250.0,20.639322916666668,18.351529947916667,23.190234375,20.3203125,20.3046875,21.29296875
raw_summary,6,2750.0,23.084635416666668,20.247233072916664,25.93251953125,22.58203125,22.6484375,24.0234375
raw_summary,7,3250.0,20.934895833333332,18.39912109375,23.589062499999997,21.5390625,19.25,22.015625
raw_summary,8,3750.0,22.529947916666668,19.933528645833334,25.067773437499998,22.91796875,21.53515625,23.13671875
raw_summary_residual,1,250.0,20.796875,17.16787109375,24.31923828125,22.56640625,21.875,17.94921875
raw_summary_residual,2,750.0,15.432291666666666,12.746061197916667,18.165787760416663,15.76953125,16.13671875,14.390625
raw_summary_residual,3,1250.0,3.1380208333333335,1.9101236979166667,4.696940104166664,4.0234375,2.65234375,2.73828125
raw_summary_residual,4,1750.0,2.0651041666666665,0.9556640625000001,3.5394205729166646,3.109375,1.44921875,1.63671875
raw_summary_residual,5,2250.0,0.6471354166666666,0.3580729166666667,1.1237955729166662,0.875,0.62109375,0.4453125
raw_summary_residual,6,2750.0,0.5546875,0.1875,1.070345052083333,0.78125,0.69140625,0.19140625
raw_summary_residual,7,3250.0,0.2903645833333333,0.13671875,0.5872395833333334,0.1640625,0.40234375,0.3046875
raw_summary_residual,8,3750.0,0.33203125,0.07939453125000005,0.903776041666666,0.08984375,0.78125,0.125
full_context,1,250.0,8.358072916666666,6.476399739583334,10.478222656249999,6.70703125,9.94921875,8.41796875
full_context,2,750.0,4.33203125,3.1153971354166674,5.6133789062499995,4.8125,4.6015625,3.58203125
full_context,3,1250.0,1.3802083333333333,0.6444335937500002,2.1525065104166656,1.703125,1.8515625,0.5859375
full_context,4,1750.0,1.15234375,0.5403320312500001,1.9571289062499995,1.7421875,1.18359375,0.53125
full_context,5,2250.0,1.0299479166666667,0.6508463541666669,1.4700520833333333,1.10546875,1.1796875,0.8046875
full_context,6,2750.0,0.7825520833333334,0.4596028645833334,1.1706380208333331,0.6171875,0.80859375,0.921875
full_context,7,3250.0,0.4361979166666667,0.27080078125000007,0.6497395833333334,0.46484375,0.453125,0.390625
full_context,8,3750.0,0.3697916666666667,0.2265625,0.52734375,0.45703125,0.41015625,0.2421875
full_gru,1,250.0,17.5703125,14.823893229166668,20.211165364583334,17.15625,17.1640625,18.390625
full_gru,2,750.0,18.557291666666668,15.899218750000001,21.30911458333333,18.0234375,18.5078125,19.140625
full_gru,3,1250.0,14.783854166666666,12.5962890625,17.078613281249996,14.19140625,15.86328125,14.296875
full_gru,4,1750.0,15.653645833333334,13.284765625,18.017122395833333,15.125,16.9375,14.8984375
full_gru,5,2250.0,14.057291666666666,11.976432291666667,16.28138020833333,13.140625,15.14453125,13.88671875
full_gru,6,2750.0,16.256510416666668,13.687174479166668,18.893945312499998,14.9140625,17.734375,16.12109375
full_gru,7,3250.0,14.033854166666666,12.15625,16.099316406249997,13.6171875,14.02734375,14.45703125
full_gru,8,3750.0,16.170572916666668,13.953059895833334,18.448404947916664,15.77734375,16.09765625,16.63671875
memo,1,250.0,19.46484375,16.440527343750002,22.498763020833323,17.59375,21.19140625,19.609375
memo,2,750.0,5.505208333333333,3.34765625,8.212044270833328,4.05859375,8.2890625,4.16796875
memo,3,1250.0,2.3932291666666665,1.2421549479166667,3.7982421874999996,2.015625,3.7578125,1.40625
memo,4,1750.0,2.6197916666666665,1.1171875,4.324348958333332,2.6328125,4.16015625,1.06640625
memo,5,2250.0,2.1106770833333335,0.8424153645833333,3.7618815104166656,1.640625,3.75,0.94140625
memo,6,2750.0,2.2526041666666665,0.6248046875000004,4.449283854166667,1.640625,4.359375,0.7578125
memo,7,3250.0,1.703125,0.5113281250000007,3.0976888020833333,1.5859375,3.06640625,0.45703125
memo,8,3750.0,1.7994791666666667,0.34375,3.5821614583333328,1.54296875,3.53125,0.32421875
memo_fixed,1,250.0,18.466145833333332,15.2330078125,22.470214843749996,22.16796875,17.01171875,16.21875
memo_fixed,2,750.0,10.977864583333334,9.057259114583333,13.027408854166666,11.62890625,9.9921875,11.3125
memo_fixed,3,1250.0,6.473958333333333,5.3228515625,7.785221354166667,6.234375,6.828125,6.359375
memo_fixed,4,1750.0,4.838541666666667,3.330696614583333,6.693391927083329,6.25390625,4.734375,3.52734375
memo_fixed,5,2250.0,3.8346354166666665,2.95693359375,4.816764322916665,3.92578125,4.0234375,3.5546875
memo_fixed,6,2750.0,4.061197916666667,2.46083984375,6.1838541666666655,3.84375,5.6953125,2.64453125
memo_fixed,7,3250.0,2.78515625,1.941276041666667,3.9649414062499995,3.03125,3.4140625,1.91015625
memo_fixed,8,3750.0,2.4596354166666665,1.5625,3.777539062499999,2.06640625,3.58203125,1.73046875
raw_segment,1,250.0,18.381510416666668,15.542578125000004,21.316601562499997,20.46484375,16.89453125,17.78515625
raw_segment,2,750.0,18.813802083333332,15.998307291666666,21.75569661458333,20.98046875,17.4765625,17.984375
raw_segment,3,1250.0,15.654947916666666,12.88662109375,18.73447265625,18.32421875,15.2265625,13.4140625
raw_segment,4,1750.0,17.076822916666668,13.976302083333334,20.266796874999994,19.8359375,16.57421875,14.8203125
raw_segment,5,2250.0,15.927083333333334,13.23818359375,18.845279947916666,18.47265625,15.2890625,14.01953125
raw_segment,6,2750.0,17.87109375,14.575976562500001,21.297558593749997,20.89453125,17.453125,15.265625
raw_segment,7,3250.0,15.990885416666666,13.468522135416666,18.67880859375,18.05078125,15.58203125,14.33984375
raw_segment,8,3750.0,17.697916666666668,14.973958333333334,20.746484374999998,20.015625,16.97265625,16.10546875
