condition,window,first_call,last_call,centre,estimate,lower,upper,seed_42,seed_100,seed_2026,cumulative_estimate,cumulative_lower,cumulative_upper,cumulative_seed_42,cumulative_seed_100,cumulative_seed_2026
raw_summary,1,1,500,250.0,29.053385416666668,26.21728515625,32.09817708333333,28.14453125,31.4453125,27.5703125,29.053385416666668,26.16787109375,32.07044270833333,28.14453125,31.4453125,27.5703125
raw_summary,2,501,1000,750.0,43.826822916666664,40.53352864583333,47.15546875,41.87890625,46.00390625,43.59765625,72.88020833333333,67.11712239583333,78.92067057291668,70.0234375,77.44921875,71.16796875
raw_summary,3,1001,1500,1250.0,44.829427083333336,41.78619791666667,47.8650390625,43.1015625,46.52734375,44.859375,117.70963541666667,109.078125,126.51985677083333,113.125,123.9765625,116.02734375
raw_summary,4,1501,2000,1750.0,45.40234375,42.584049479166666,48.17591145833333,43.921875,46.68359375,45.6015625,163.11197916666666,152.12229817708334,174.69576822916667,157.046875,170.66015625,161.62890625
raw_summary,5,2001,2500,2250.0,45.734375,43.054361979166664,48.52600911458333,44.76953125,46.81640625,45.6171875,208.84635416666666,194.80869140625,223.242578125,201.81640625,217.4765625,207.24609375
raw_summary,6,2501,3000,2750.0,45.893229166666664,43.29033203125,48.68404947916667,44.78515625,46.9921875,45.90234375,254.73958333333334,238.40986328125,271.30263671874997,246.6015625,264.46875,253.1484375
raw_summary,7,3001,3500,3250.0,46.006510416666664,43.40234375,48.84814453125,45.07421875,46.92578125,46.01953125,300.74609375,282.2180989583333,321.25263671875,291.67578125,311.39453125,299.16796875
raw_summary,8,3501,4000,3750.0,45.950520833333336,43.469824218750006,48.82714843749999,45.046875,46.9765625,45.828125,346.6966145833333,325.24169921875,369.7099609375,336.72265625,358.37109375,344.99609375
raw_summary_residual,1,1,500,250.0,29.845052083333332,27.128678385416666,32.525,30.55078125,27.7734375,31.2109375,29.845052083333332,27.025911458333336,32.5763671875,30.55078125,27.7734375,31.2109375
raw_summary_residual,2,501,1000,750.0,44.29296875,41.62203776041667,47.125065104166666,44.953125,44.625,43.30078125,74.13802083333333,69.23590494791667,79.25139973958333,75.50390625,72.3984375,74.51171875
raw_summary_residual,3,1001,1500,1250.0,44.895833333333336,42.098567708333334,47.677311197916666,45.3359375,46.015625,43.3359375,119.03385416666667,112.09986979166668,126.41969401041666,120.83984375,118.4140625,117.84765625
raw_summary_residual,4,1501,2000,1750.0,45.0703125,42.442089843750004,47.7201171875,45.2578125,46.2578125,43.6953125,164.10416666666666,155.01627604166669,173.59401041666666,166.09765625,164.671875,161.54296875
raw_summary_residual,5,2001,2500,2250.0,45.139322916666664,42.36041666666667,48.00169270833334,45.26953125,46.328125,43.8203125,209.24348958333334,197.45791015625002,221.16650390625,211.3671875,211.0,205.36328125
raw_summary_residual,6,2501,3000,2750.0,45.21875,42.481770833333336,47.961328124999994,45.40234375,46.31640625,43.9375,254.46223958333334,240.511328125,269.6064127604167,256.76953125,257.31640625,249.30078125
raw_summary_residual,7,3001,3500,3250.0,45.220052083333336,42.55442708333334,47.88623046874999,45.39453125,46.2890625,43.9765625,299.6822916666667,282.28583984375,317.96044921875,302.1640625,303.60546875,293.27734375
raw_summary_residual,8,3501,4000,3750.0,45.221354166666664,42.71585286458333,47.95445963541667,45.35546875,46.28125,44.02734375,344.9036458333333,324.88880208333336,365.27770182291664,347.51953125,349.88671875,337.3046875
full_context,1,1,500,250.0,27.42578125,24.915234375,29.748828125,28.69140625,27.6484375,25.9375,27.42578125,25.033723958333336,29.89856770833333,28.69140625,27.6484375,25.9375
full_context,2,501,1000,750.0,40.451822916666664,37.269205729166664,43.546940104166666,41.46484375,38.109375,41.78125,67.87760416666667,62.91360677083333,72.7068359375,70.15625,65.7578125,67.71875
full_context,3,1001,1500,1250.0,37.751302083333336,34.515234375,41.26448567708333,35.171875,40.03515625,38.046875,105.62890625,98.98154296874999,112.50130208333333,105.328125,105.79296875,105.765625
full_context,4,1501,2000,1750.0,30.059895833333332,25.760286458333336,35.109765624999994,27.37890625,35.5234375,27.27734375,135.68880208333334,126.22939453125001,145.66529947916666,132.70703125,141.31640625,133.04296875
full_context,5,2001,2500,2250.0,26.436197916666668,21.8447265625,30.659733072916662,27.20703125,21.91796875,30.18359375,162.125,151.79951171875,173.39736328125,159.9140625,163.234375,163.2265625
full_context,6,2501,3000,2750.0,31.782552083333332,28.624934895833334,34.94404296875,30.703125,34.32421875,30.3203125,193.90755208333334,181.12838541666667,208.04365234374998,190.6171875,197.55859375,193.546875
full_context,7,3001,3500,3250.0,27.079427083333332,23.47265625,31.066569010416664,24.25390625,26.73046875,30.25390625,220.98697916666666,204.97044270833334,237.6772786458333,214.87109375,224.2890625,223.80078125
full_context,8,3501,4000,3750.0,28.154947916666668,23.581575520833333,33.07822265625,24.265625,27.16015625,33.0390625,249.14192708333334,229.5720703125,268.28818359375,239.13671875,251.44921875,256.83984375
full_gru,1,1,500,250.0,29.59765625,24.79918619791667,33.651171874999996,33.0390625,31.00390625,24.75,29.59765625,24.917740885416666,33.754199218749996,33.0390625,31.00390625,24.75
full_gru,2,501,1000,750.0,40.37890625,36.288736979166664,44.29837239583333,43.796875,40.1015625,37.23828125,69.9765625,61.22239583333334,77.92242838541667,76.8359375,71.10546875,61.98828125
full_gru,3,1001,1500,1250.0,40.434895833333336,36.7564453125,44.10182291666666,43.33203125,40.14453125,37.828125,110.41145833333333,98.17324218750001,121.71927083333333,120.16796875,111.25,99.81640625
full_gru,4,1501,2000,1750.0,40.510416666666664,36.86328125,44.32044270833333,43.41015625,40.140625,37.98046875,150.921875,135.25517578125002,166.32119140625,163.578125,151.390625,137.796875
full_gru,5,2001,2500,2250.0,40.575520833333336,37.10673828125,44.24677734375,43.41796875,40.1875,38.12109375,191.49739583333334,171.77213541666666,210.42229817708332,206.99609375,191.578125,175.91796875
full_gru,6,2501,3000,2750.0,40.559895833333336,36.980305989583336,44.090266927083334,43.37890625,40.1328125,38.16796875,232.05729166666666,208.83118489583336,254.99635416666666,250.375,231.7109375,214.0859375
full_gru,7,3001,3500,3250.0,40.584635416666664,36.9958984375,44.13291015625,43.359375,40.203125,38.19140625,272.6419270833333,245.14534505208334,298.41982421874997,293.734375,271.9140625,252.27734375
full_gru,8,3501,4000,3750.0,40.58203125,36.998730468750004,44.12633463541667,43.41015625,40.16796875,38.16796875,313.2239583333333,282.68782552083337,342.93606770833327,337.14453125,312.08203125,290.4453125
memo,1,1,500,250.0,29.58203125,26.63268229166667,32.70996093749999,27.6171875,31.71875,29.41015625,29.58203125,26.47327473958334,32.6697265625,27.6171875,31.71875,29.41015625
memo,2,501,1000,750.0,14.7578125,11.469270833333335,18.461490885416662,18.03515625,13.60546875,12.6328125,44.33984375,39.71220703125,49.41165364583333,45.65234375,45.32421875,42.04296875
memo,3,1001,1500,1250.0,15.520833333333334,9.631184895833334,21.6333984375,15.08203125,21.74609375,9.734375,59.860677083333336,50.594335937500006,69.76839192708334,60.734375,67.0703125,51.77734375
memo,4,1501,2000,1750.0,17.462239583333332,7.194628906250001,26.297265624999998,19.35546875,25.9609375,7.0703125,77.32291666666667,58.06767578125,95.42294921874999,80.08984375,93.03125,58.84765625
memo,5,2001,2500,2250.0,14.8515625,6.495800781250001,22.39609375,16.18359375,22.40234375,5.96875,92.17447916666667,65.60419921875,116.67607421875,96.2734375,115.43359375,64.81640625
memo,6,2501,3000,2750.0,9.43359375,5.4764648437500005,13.722851562499999,13.51953125,9.05859375,5.72265625,101.60807291666667,71.57646484375,128.48505859374998,109.79296875,124.4921875,70.5390625
memo,7,3001,3500,3250.0,11.0859375,6.184798177083334,16.636783854166666,10.5078125,16.74609375,6.00390625,112.69401041666667,76.67724609375,143.88457031250002,120.30078125,141.23828125,76.54296875
memo,8,3501,4000,3750.0,10.59765625,3.582910156250001,20.24570312499998,7.14453125,21.0078125,3.640625,123.29166666666667,82.23544921875,164.70244140625,127.4453125,162.24609375,80.18359375
memo_fixed,1,1,500,250.0,26.765625,23.33955078125,30.233658854166663,29.23828125,27.55859375,23.5,26.765625,23.2099609375,30.055664062499993,29.23828125,27.55859375,23.5
memo_fixed,2,501,1000,750.0,40.33984375,36.862890625,43.75537109375,41.61328125,42.03515625,37.37109375,67.10546875,60.498339843749996,73.71510416666666,70.8515625,69.59375,60.87109375
memo_fixed,3,1001,1500,1250.0,39.446614583333336,34.43567708333333,43.89462890625,41.90625,42.10546875,34.328125,106.55208333333333,95.05751953125001,116.906640625,112.7578125,111.69921875,95.19921875
memo_fixed,4,1501,2000,1750.0,37.989583333333336,33.96334635416667,41.7267578125,38.5390625,41.1328125,34.296875,144.54166666666666,129.49677734375,158.50569661458331,151.296875,152.83203125,129.49609375
memo_fixed,5,2001,2500,2250.0,36.697916666666664,32.593424479166664,41.218912760416664,36.140625,40.90234375,33.05078125,181.23958333333334,162.23525390625,199.61611328125,187.4375,193.734375,162.546875
memo_fixed,6,2501,3000,2750.0,36.6796875,33.00110677083334,40.238346354166666,39.796875,36.796875,33.4453125,217.91927083333334,196.0311197916667,238.41292317708331,227.234375,230.53125,195.9921875
memo_fixed,7,3001,3500,3250.0,34.283854166666664,30.63111979166667,37.68919270833334,34.48046875,37.1796875,31.19140625,252.203125,226.05322265625,277.26048177083334,261.71484375,267.7109375,227.18359375
memo_fixed,8,3501,4000,3750.0,31.352864583333332,26.82099609375,36.930566406249994,27.609375,37.015625,29.43359375,283.5559895833333,254.68564453125,309.88447265624995,289.32421875,304.7265625,256.6171875
