condition,map,estimate,lower,upper,seed_42,seed_100,seed_2026
raw_summary,1,26.601073803358435,23.046432095459707,30.288199932290667,26.428758748944418,25.139417352487904,28.235045308642988
raw_summary,2,23.86635166128165,20.885379704601707,26.829160716322242,24.515156027306304,22.28378930947597,24.80010964706268
raw_summary,3,23.29669453369387,20.404977243757926,26.207002898639654,22.684400525659683,23.060982914300762,24.144700161121172
raw_summary,4,22.9886928502669,20.29909232315763,25.954726012033262,23.681787371606354,21.613135363064696,23.67115581612964
raw_summary_residual,1,17.101527342674828,14.142403644505336,20.00793854633629,18.30702401396478,17.749853979396505,15.247704034663197
raw_summary_residual,2,2.507418701360447,1.237597827032599,4.116920171748959,3.6326026748795948,1.8246362121716602,2.0650172170300864
raw_summary_residual,3,0.5931523934834916,0.24602060132753278,1.1077387441649715,0.7399225439115233,0.7661758502325156,0.27335878630643573
raw_summary_residual,4,0.3569429376856885,0.12016657515626746,0.8377971610375737,0.12771363235273708,0.7073542642163991,0.2357609164879293
full_context,1,5.764824617812809,4.565500049403524,7.109172179561706,5.387550531005608,6.690195569267567,5.216727753165253
full_context,2,1.1698677561849207,0.5883386055237794,1.8823782700366014,1.597499342473701,1.3764374377288597,0.5356664883522015
full_context,3,0.8530436086347292,0.5526798520369824,1.2476592259120718,0.8492807738712848,0.8701396770163118,0.8397103750165913
full_context,4,0.42090884233705217,0.2926173834173688,0.6028997105974996,0.45444246641071573,0.4686415825691743,0.3396424780312665
full_gru,1,18.7489360007753,16.022966608084307,21.647920423948943,18.26020173922328,18.491271535259756,19.49533472784286
full_gru,2,15.630904717119035,13.198745674210265,17.995477957730476,15.002710044875993,16.8972584526983,14.992745653782807
full_gru,3,16.12675187823474,13.477782799679877,18.77906434561548,14.690088476611288,17.630413565968496,16.05975359212443
full_gru,4,16.057794714385864,13.900588410393054,18.45746725019519,15.743289871281519,15.901738487701103,16.528355784174977
memo,1,11.162406173788662,8.914784889112813,13.840038582506613,9.687801919620938,13.495235777221529,10.304180824523517
memo,2,2.5907133948130325,1.1549176730520478,4.316051274510058,2.389778762584178,4.272953538083321,1.1094078837715988
memo,3,2.3642770393034724,0.8041026807783516,4.443627877445801,1.8537926422147406,4.377594944507598,0.861443531188079
memo,4,1.973422517071261,0.3851410764865311,3.7807956660951567,1.7513215789477332,3.7583731679300527,0.4105728043359977
memo_fixed,1,14.126001128789255,11.634892631056234,17.00325939692995,16.366705160764283,12.79286533161169,13.218432893991794
memo_fixed,2,5.6093454709744455,4.266826712343158,7.078616561618315,6.40354273032365,5.781136650632197,4.64335703196749
memo_fixed,3,4.3455955118621645,2.822848672381628,6.4601410222392905,3.9910580158065923,5.908929635748196,3.1367988840317045
memo_fixed,4,2.9473990248721478,1.970682073161664,4.253345658080587,2.8149950153286882,3.9336244866487595,2.093577572638996
raw_segment,1,19.16406779924578,16.175425075875136,22.194581483176606,21.38870186252299,17.61900482216823,18.484496713046116
raw_segment,2,17.017099124624337,14.078349570035849,20.471021895159065,19.778314345651054,16.542991690311503,14.729991337910452
raw_segment,3,17.97874806278524,14.750309193980469,21.53632943541162,20.88797393275116,17.55251148655773,15.495758769046835
raw_segment,4,17.892920251055866,15.10750067063037,20.625235554905796,20.082005458460294,17.205856713350798,16.390898581356502
