condition,attempt,estimate,lower,upper,risk_set,shown,split
full_context,1,0.11067708333333333,0.07942708333333333,0.140625,768,True,confirmation
full_context,2,0.3046875,0.23697916666666666,0.390625,768,True,confirmation
full_context,3,0.4505208333333333,0.40625,0.4973958333333333,768,True,confirmation
full_context,4,0.5611979166666666,0.515625,0.60546875,768,True,confirmation
full_context,5,0.6536458333333334,0.59375,0.7122721354166666,768,True,confirmation
full_context,6,0.7278645833333334,0.6653320312500001,0.796875,768,True,confirmation
full_context,7,0.7708333333333334,0.7083333333333334,0.8450520833333334,768,True,confirmation
full_context,8,0.8216145833333334,0.76953125,0.8828125,768,True,confirmation
full_context,9,0.859375,0.81640625,0.9036458333333334,768,True,confirmation
full_context,10,0.9985315712187959,0.9939372992598798,1.0,681,False,confirmation
full_context,11,1.0,1.0,1.0,674,False,confirmation
full_context,12,1.0,1.0,1.0,664,False,confirmation
full_context,13,1.0,1.0,1.0,658,False,confirmation
full_context,14,1.0,1.0,1.0,649,False,confirmation
full_context,15,1.0,1.0,1.0,644,False,confirmation
full_context,16,1.0,1.0,1.0,628,False,confirmation
full_context,17,1.0,1.0,1.0,611,False,confirmation
full_context,18,1.0,1.0,1.0,598,False,confirmation
full_context,19,1.0,1.0,1.0,580,False,confirmation
full_context,20,1.0,1.0,1.0,548,False,confirmation
full_context,21,1.0,1.0,1.0,538,False,confirmation
full_context,22,1.0,1.0,1.0,525,False,confirmation
full_context,23,1.0,1.0,1.0,509,False,confirmation
full_context,24,1.0,1.0,1.0,486,False,confirmation
full_context,25,1.0,1.0,1.0,462,False,confirmation
full_context,26,1.0,1.0,1.0,438,False,confirmation
full_context,27,1.0,1.0,1.0,416,False,confirmation
full_context,28,1.0,1.0,1.0,396,False,confirmation
full_context,29,1.0,1.0,1.0,380,False,confirmation
full_context,30,1.0,1.0,1.0,365,False,confirmation
full_context,31,1.0,1.0,1.0,350,False,confirmation
full_context,32,1.0,1.0,1.0,336,False,confirmation
full_context,33,1.0,1.0,1.0,317,False,confirmation
full_context,34,1.0,1.0,1.0,289,False,confirmation
full_context,35,1.0,1.0,1.0,276,False,confirmation
full_context,36,1.0,1.0,1.0,263,False,confirmation
full_context,37,1.0,1.0,1.0,251,False,confirmation
full_context,38,1.0,1.0,1.0,240,False,confirmation
full_context,39,1.0,1.0,1.0,220,False,confirmation
full_context,40,1.0,1.0,1.0,207,False,confirmation
full_context,41,1.0,1.0,1.0,194,False,confirmation
full_context,42,1.0,1.0,1.0,172,False,confirmation
full_context,43,1.0,1.0,1.0,161,False,confirmation
full_context,44,1.0,1.0,1.0,149,False,confirmation
full_context,45,1.0,1.0,1.0,136,False,confirmation
full_context,46,1.0,1.0,1.0,123,False,confirmation
full_context,47,1.0,1.0,1.0,115,False,confirmation
full_context,48,1.0,1.0,1.0,108,False,confirmation
full_context,49,1.0,1.0,1.0,99,False,confirmation
full_context,50,1.0,1.0,1.0,95,False,confirmation
full_context,51,1.0,1.0,1.0,87,False,confirmation
full_context,52,1.0,1.0,1.0,79,False,confirmation
full_context,53,1.0,1.0,1.0,76,False,confirmation
full_context,54,1.0,1.0,1.0,72,False,confirmation
full_context,55,1.0,1.0,1.0,68,False,confirmation
full_context,56,1.0,1.0,1.0,62,False,confirmation
full_context,57,1.0,1.0,1.0,60,False,confirmation
full_context,58,1.0,1.0,1.0,48,False,confirmation
full_context,59,1.0,1.0,1.0,48,False,confirmation
full_context,60,1.0,1.0,1.0,45,False,confirmation
full_context,61,1.0,1.0,1.0,43,False,confirmation
full_context,62,1.0,1.0,1.0,39,False,confirmation
full_context,63,1.0,1.0,1.0,38,False,confirmation
full_context,64,1.0,1.0,1.0,34,False,confirmation
full_context,65,1.0,1.0,1.0,32,False,confirmation
full_context,66,1.0,1.0,1.0,32,False,confirmation
full_context,67,1.0,1.0,1.0,30,False,confirmation
full_context,68,1.0,1.0,1.0,26,False,confirmation
full_context,69,1.0,1.0,1.0,22,False,confirmation
full_context,70,1.0,1.0,1.0,21,False,confirmation
full_context,71,1.0,1.0,1.0,20,False,confirmation
full_context,72,1.0,1.0,1.0,20,False,confirmation
full_context,73,1.0,1.0,1.0,19,False,confirmation
full_context,74,1.0,1.0,1.0,18,False,confirmation
full_context,75,1.0,1.0,1.0,18,False,confirmation
full_context,76,1.0,1.0,1.0,17,False,confirmation
full_context,77,1.0,1.0,1.0,17,False,confirmation
full_context,78,1.0,1.0,1.0,17,False,confirmation
full_context,79,1.0,1.0,1.0,17,False,confirmation
full_context,80,1.0,1.0,1.0,17,False,confirmation
full_context,81,1.0,1.0,1.0,16,False,confirmation
full_context,82,1.0,1.0,1.0,15,False,confirmation
full_context,83,1.0,1.0,1.0,13,False,confirmation
full_context,84,1.0,1.0,1.0,12,False,confirmation
full_context,85,1.0,1.0,1.0,12,False,confirmation
full_context,86,1.0,1.0,1.0,12,False,confirmation
full_context,87,1.0,1.0,1.0,10,False,confirmation
full_context,88,1.0,1.0,1.0,10,False,confirmation
full_context,89,1.0,1.0,1.0,10,False,confirmation
full_context,90,1.0,1.0,1.0,10,False,confirmation
full_context,91,1.0,1.0,1.0,10,False,confirmation
full_context,92,1.0,1.0,1.0,9,False,confirmation
full_context,93,1.0,1.0,1.0,9,False,confirmation
full_context,94,1.0,1.0,1.0,9,False,confirmation
full_context,95,1.0,1.0,1.0,9,False,confirmation
full_context,96,1.0,1.0,1.0,9,False,confirmation
full_context,97,1.0,1.0,1.0,9,False,confirmation
full_context,98,1.0,1.0,1.0,8,False,confirmation
full_context,99,1.0,1.0,1.0,8,False,confirmation
full_context,100,1.0,1.0,1.0,8,False,confirmation
full_context,101,1.0,1.0,1.0,6,False,confirmation
full_context,102,1.0,1.0,1.0,6,False,confirmation
full_context,103,1.0,1.0,1.0,6,False,confirmation
full_context,104,1.0,1.0,1.0,6,False,confirmation
full_context,105,1.0,1.0,1.0,6,False,confirmation
full_context,106,1.0,1.0,1.0,6,False,confirmation
full_context,107,1.0,1.0,1.0,5,False,confirmation
full_context,108,1.0,1.0,1.0,5,False,confirmation
full_context,109,1.0,1.0,1.0,4,False,confirmation
full_context,110,1.0,1.0,1.0,3,False,confirmation
full_context,111,1.0,1.0,1.0,3,False,confirmation
full_context,112,1.0,1.0,1.0,3,False,confirmation
full_context,113,1.0,1.0,1.0,3,False,confirmation
full_context,114,1.0,1.0,1.0,3,False,confirmation
full_context,115,1.0,1.0,1.0,2,False,confirmation
full_context,116,1.0,1.0,1.0,2,False,confirmation
full_context,117,1.0,1.0,1.0,2,False,confirmation
full_context,118,1.0,1.0,1.0,2,False,confirmation
full_context,119,1.0,1.0,1.0,2,False,confirmation
full_context,120,1.0,1.0,1.0,2,False,confirmation
full_context,121,1.0,1.0,1.0,2,False,confirmation
full_context,122,1.0,1.0,1.0,2,False,confirmation
full_context,123,1.0,1.0,1.0,2,False,confirmation
full_context,124,1.0,1.0,1.0,2,False,confirmation
full_context,125,1.0,1.0,1.0,2,False,confirmation
full_context,126,1.0,1.0,1.0,2,False,confirmation
full_context,127,1.0,1.0,1.0,2,False,confirmation
full_context,128,1.0,1.0,1.0,2,False,confirmation
full_context,129,1.0,1.0,1.0,2,False,confirmation
full_context,130,1.0,1.0,1.0,2,False,confirmation
full_context,131,1.0,1.0,1.0,2,False,confirmation
full_context,132,1.0,1.0,1.0,2,False,confirmation
full_context,133,1.0,1.0,1.0,2,False,confirmation
full_context,134,1.0,1.0,1.0,2,False,confirmation
full_context,135,1.0,1.0,1.0,2,False,confirmation
full_context,136,1.0,1.0,1.0,2,False,confirmation
full_context,137,1.0,1.0,1.0,2,False,confirmation
full_context,138,1.0,1.0,1.0,2,False,confirmation
full_context,139,1.0,1.0,1.0,2,False,confirmation
full_context,140,1.0,1.0,1.0,2,False,confirmation
full_context,141,1.0,1.0,1.0,2,False,confirmation
full_context,142,1.0,1.0,1.0,2,False,confirmation
full_context,143,1.0,1.0,1.0,1,False,confirmation
full_context,144,1.0,1.0,1.0,1,False,confirmation
full_gru,1,0.1796875,0.12630208333333334,0.23046875,768,True,confirmation
full_gru,2,0.4205729166666667,0.3267903645833334,0.49612630208333314,768,True,confirmation
full_gru,3,0.55859375,0.4322916666666667,0.6497395833333334,768,True,confirmation
full_gru,4,0.6588541666666666,0.5234375,0.7539388020833332,768,True,confirmation
full_gru,5,0.7200520833333334,0.5625,0.8255208333333334,768,True,confirmation
full_gru,6,0.75,0.5924153645833333,0.8567708333333334,768,True,confirmation
full_gru,7,0.7786458333333334,0.6366861979166667,0.875,768,True,confirmation
full_gru,8,0.8020833333333334,0.6796223958333335,0.8932291666666666,768,True,confirmation
full_gru,9,0.8203125,0.7017903645833333,0.9127929687499998,768,True,confirmation
full_gru,10,1.0,1.0,1.0,640,False,confirmation
full_gru,11,1.0,1.0,1.0,638,False,confirmation
full_gru,12,1.0,1.0,1.0,632,False,confirmation
full_gru,13,1.0,1.0,1.0,627,False,confirmation
full_gru,14,1.0,1.0,1.0,621,False,confirmation
full_gru,15,1.0,1.0,1.0,617,False,confirmation
full_gru,16,1.0,1.0,1.0,613,False,confirmation
full_gru,17,1.0,1.0,1.0,609,False,confirmation
full_gru,18,1.0,1.0,1.0,600,False,confirmation
full_gru,19,1.0,1.0,1.0,593,False,confirmation
full_gru,20,1.0,1.0,1.0,580,False,confirmation
full_gru,21,1.0,1.0,1.0,567,False,confirmation
full_gru,22,1.0,1.0,1.0,558,False,confirmation
full_gru,23,1.0,1.0,1.0,540,False,confirmation
full_gru,24,1.0,1.0,1.0,522,False,confirmation
full_gru,25,1.0,1.0,1.0,501,False,confirmation
full_gru,26,1.0,1.0,1.0,482,False,confirmation
full_gru,27,1.0,1.0,1.0,466,False,confirmation
full_gru,28,1.0,1.0,1.0,446,False,confirmation
full_gru,29,1.0,1.0,1.0,422,False,confirmation
full_gru,30,1.0,1.0,1.0,401,False,confirmation
full_gru,31,1.0,1.0,1.0,382,False,confirmation
full_gru,32,1.0,1.0,1.0,364,False,confirmation
full_gru,33,1.0,1.0,1.0,345,False,confirmation
full_gru,34,1.0,1.0,1.0,336,False,confirmation
full_gru,35,1.0,1.0,1.0,321,False,confirmation
full_gru,36,1.0,1.0,1.0,297,False,confirmation
full_gru,37,1.0,1.0,1.0,285,False,confirmation
full_gru,38,1.0,1.0,1.0,269,False,confirmation
full_gru,39,1.0,1.0,1.0,259,False,confirmation
full_gru,40,1.0,1.0,1.0,245,False,confirmation
full_gru,41,1.0,1.0,1.0,236,False,confirmation
full_gru,42,1.0,1.0,1.0,214,False,confirmation
full_gru,43,1.0,1.0,1.0,198,False,confirmation
full_gru,44,1.0,1.0,1.0,183,False,confirmation
full_gru,45,1.0,1.0,1.0,175,False,confirmation
full_gru,46,1.0,1.0,1.0,165,False,confirmation
full_gru,47,1.0,1.0,1.0,147,False,confirmation
full_gru,48,1.0,1.0,1.0,131,False,confirmation
full_gru,49,1.0,1.0,1.0,129,False,confirmation
full_gru,50,1.0,1.0,1.0,119,False,confirmation
full_gru,51,1.0,1.0,1.0,114,False,confirmation
full_gru,52,1.0,1.0,1.0,107,False,confirmation
full_gru,53,1.0,1.0,1.0,103,False,confirmation
full_gru,54,1.0,1.0,1.0,97,False,confirmation
full_gru,55,1.0,1.0,1.0,92,False,confirmation
full_gru,56,1.0,1.0,1.0,87,False,confirmation
full_gru,57,1.0,1.0,1.0,80,False,confirmation
full_gru,58,1.0,1.0,1.0,78,False,confirmation
full_gru,59,1.0,1.0,1.0,73,False,confirmation
full_gru,60,1.0,1.0,1.0,63,False,confirmation
full_gru,61,1.0,1.0,1.0,60,False,confirmation
full_gru,62,1.0,1.0,1.0,55,False,confirmation
full_gru,63,1.0,1.0,1.0,49,False,confirmation
full_gru,64,1.0,1.0,1.0,47,False,confirmation
full_gru,65,1.0,1.0,1.0,44,False,confirmation
full_gru,66,1.0,1.0,1.0,39,False,confirmation
full_gru,67,1.0,1.0,1.0,36,False,confirmation
full_gru,68,1.0,1.0,1.0,33,False,confirmation
full_gru,69,1.0,1.0,1.0,33,False,confirmation
full_gru,70,1.0,1.0,1.0,30,False,confirmation
full_gru,71,1.0,1.0,1.0,28,False,confirmation
full_gru,72,1.0,1.0,1.0,26,False,confirmation
full_gru,73,1.0,1.0,1.0,24,False,confirmation
full_gru,74,1.0,1.0,1.0,24,False,confirmation
full_gru,75,1.0,1.0,1.0,24,False,confirmation
full_gru,76,1.0,1.0,1.0,24,False,confirmation
full_gru,77,1.0,1.0,1.0,23,False,confirmation
full_gru,78,1.0,1.0,1.0,22,False,confirmation
full_gru,79,1.0,1.0,1.0,19,False,confirmation
full_gru,80,1.0,1.0,1.0,18,False,confirmation
full_gru,81,1.0,1.0,1.0,18,False,confirmation
full_gru,82,1.0,1.0,1.0,17,False,confirmation
full_gru,83,1.0,1.0,1.0,16,False,confirmation
full_gru,84,1.0,1.0,1.0,15,False,confirmation
full_gru,85,1.0,1.0,1.0,15,False,confirmation
full_gru,86,1.0,1.0,1.0,14,False,confirmation
full_gru,87,1.0,1.0,1.0,13,False,confirmation
full_gru,88,1.0,1.0,1.0,13,False,confirmation
full_gru,89,1.0,1.0,1.0,13,False,confirmation
full_gru,90,1.0,1.0,1.0,13,False,confirmation
full_gru,91,1.0,1.0,1.0,11,False,confirmation
full_gru,92,1.0,1.0,1.0,11,False,confirmation
full_gru,93,1.0,1.0,1.0,10,False,confirmation
full_gru,94,1.0,1.0,1.0,9,False,confirmation
full_gru,95,1.0,1.0,1.0,8,False,confirmation
full_gru,96,1.0,1.0,1.0,8,False,confirmation
full_gru,97,1.0,1.0,1.0,7,False,confirmation
full_gru,98,1.0,1.0,1.0,6,False,confirmation
full_gru,99,1.0,1.0,1.0,6,False,confirmation
full_gru,100,1.0,1.0,1.0,6,False,confirmation
full_gru,101,1.0,1.0,1.0,6,False,confirmation
full_gru,102,1.0,1.0,1.0,5,False,confirmation
full_gru,103,1.0,1.0,1.0,5,False,confirmation
full_gru,104,1.0,1.0,1.0,5,False,confirmation
full_gru,105,1.0,1.0,1.0,5,False,confirmation
full_gru,106,1.0,1.0,1.0,5,False,confirmation
full_gru,107,1.0,1.0,1.0,5,False,confirmation
full_gru,108,1.0,1.0,1.0,5,False,confirmation
full_gru,109,1.0,1.0,1.0,4,False,confirmation
full_gru,110,1.0,1.0,1.0,4,False,confirmation
full_gru,111,1.0,1.0,1.0,4,False,confirmation
full_gru,112,1.0,1.0,1.0,4,False,confirmation
full_gru,113,1.0,1.0,1.0,4,False,confirmation
full_gru,114,1.0,1.0,1.0,4,False,confirmation
full_gru,115,1.0,1.0,1.0,4,False,confirmation
full_gru,116,1.0,1.0,1.0,4,False,confirmation
full_gru,117,1.0,1.0,1.0,4,False,confirmation
full_gru,118,1.0,1.0,1.0,3,False,confirmation
full_gru,119,1.0,1.0,1.0,3,False,confirmation
full_gru,120,1.0,1.0,1.0,3,False,confirmation
full_gru,121,1.0,1.0,1.0,3,False,confirmation
full_gru,122,1.0,1.0,1.0,1,False,confirmation
full_gru,123,1.0,1.0,1.0,1,False,confirmation
full_gru,124,1.0,1.0,1.0,1,False,confirmation
full_gru,125,1.0,1.0,1.0,1,False,confirmation
full_gru,126,1.0,1.0,1.0,1,False,confirmation
full_gru,127,1.0,1.0,1.0,1,False,confirmation
full_gru,128,1.0,1.0,1.0,1,False,confirmation
full_gru,129,1.0,1.0,1.0,1,False,confirmation
full_gru,130,1.0,1.0,1.0,1,False,confirmation
full_gru,131,1.0,1.0,1.0,1,False,confirmation
full_gru,132,1.0,1.0,1.0,1,False,confirmation
full_gru,133,1.0,1.0,1.0,1,False,confirmation
full_gru,134,1.0,1.0,1.0,1,False,confirmation
full_gru,135,1.0,1.0,1.0,1,False,confirmation
full_gru,136,1.0,1.0,1.0,1,False,confirmation
full_gru,137,1.0,1.0,1.0,1,False,confirmation
full_gru,138,1.0,1.0,1.0,1,False,confirmation
memo,1,0.16796875,0.13541666666666666,0.20052083333333334,768,True,confirmation
memo,2,0.3893229166666667,0.3463541666666667,0.4322916666666667,768,True,confirmation
memo,3,0.55859375,0.5065104166666666,0.6067708333333334,768,True,confirmation
memo,4,0.6432291666666666,0.5872395833333334,0.6927083333333334,768,True,confirmation
memo,5,0.6966145833333334,0.6393229166666666,0.7526041666666666,768,True,confirmation
memo,6,0.73828125,0.6796875,0.7994791666666666,768,True,confirmation
memo,7,0.76953125,0.7096354166666666,0.828125,768,True,confirmation
memo,8,0.796875,0.7317382812500001,0.8580729166666666,768,True,confirmation
memo,9,0.8151041666666666,0.74609375,0.875,768,True,confirmation
memo,10,1.0,1.0,1.0,643,False,confirmation
memo,11,1.0,1.0,1.0,633,False,confirmation
memo,12,1.0,1.0,1.0,630,False,confirmation
memo,13,1.0,1.0,1.0,624,False,confirmation
memo,14,1.0,1.0,1.0,621,False,confirmation
memo,15,1.0,1.0,1.0,613,False,confirmation
memo,16,1.0,1.0,1.0,608,False,confirmation
memo,17,1.0,1.0,1.0,600,False,confirmation
memo,18,1.0,1.0,1.0,592,False,confirmation
memo,19,1.0,1.0,1.0,586,False,confirmation
memo,20,1.0,1.0,1.0,577,False,confirmation
memo,21,1.0,1.0,1.0,564,False,confirmation
memo,22,1.0,1.0,1.0,553,False,confirmation
memo,23,1.0,1.0,1.0,540,False,confirmation
memo,24,1.0,1.0,1.0,517,False,confirmation
memo,25,1.0,1.0,1.0,501,False,confirmation
memo,26,1.0,1.0,1.0,477,False,confirmation
memo,27,1.0,1.0,1.0,459,False,confirmation
memo,28,1.0,1.0,1.0,439,False,confirmation
memo,29,1.0,1.0,1.0,426,False,confirmation
memo,30,1.0,1.0,1.0,403,False,confirmation
memo,31,1.0,1.0,1.0,383,False,confirmation
memo,32,1.0,1.0,1.0,370,False,confirmation
memo,33,1.0,1.0,1.0,355,False,confirmation
memo,34,1.0,1.0,1.0,340,False,confirmation
memo,35,1.0,1.0,1.0,324,False,confirmation
memo,36,1.0,1.0,1.0,301,False,confirmation
memo,37,1.0,1.0,1.0,285,False,confirmation
memo,38,1.0,1.0,1.0,270,False,confirmation
memo,39,1.0,1.0,1.0,254,False,confirmation
memo,40,1.0,1.0,1.0,236,False,confirmation
memo,41,1.0,1.0,1.0,216,False,confirmation
memo,42,1.0,1.0,1.0,201,False,confirmation
memo,43,1.0,1.0,1.0,188,False,confirmation
memo,44,1.0,1.0,1.0,181,False,confirmation
memo,45,1.0,1.0,1.0,174,False,confirmation
memo,46,1.0,1.0,1.0,162,False,confirmation
memo,47,1.0,1.0,1.0,149,False,confirmation
memo,48,1.0,1.0,1.0,138,False,confirmation
memo,49,1.0,1.0,1.0,133,False,confirmation
memo,50,1.0,1.0,1.0,122,False,confirmation
memo,51,1.0,1.0,1.0,111,False,confirmation
memo,52,1.0,1.0,1.0,105,False,confirmation
memo,53,1.0,1.0,1.0,94,False,confirmation
memo,54,1.0,1.0,1.0,90,False,confirmation
memo,55,1.0,1.0,1.0,82,False,confirmation
memo,56,1.0,1.0,1.0,79,False,confirmation
memo,57,1.0,1.0,1.0,79,False,confirmation
memo,58,1.0,1.0,1.0,72,False,confirmation
memo,59,1.0,1.0,1.0,70,False,confirmation
memo,60,1.0,1.0,1.0,65,False,confirmation
memo,61,1.0,1.0,1.0,59,False,confirmation
memo,62,1.0,1.0,1.0,53,False,confirmation
memo,63,1.0,1.0,1.0,48,False,confirmation
memo,64,1.0,1.0,1.0,45,False,confirmation
memo,65,1.0,1.0,1.0,45,False,confirmation
memo,66,1.0,1.0,1.0,41,False,confirmation
memo,67,1.0,1.0,1.0,39,False,confirmation
memo,68,1.0,1.0,1.0,37,False,confirmation
memo,69,1.0,1.0,1.0,36,False,confirmation
memo,70,1.0,1.0,1.0,34,False,confirmation
memo,71,1.0,1.0,1.0,32,False,confirmation
memo,72,1.0,1.0,1.0,30,False,confirmation
memo,73,1.0,1.0,1.0,28,False,confirmation
memo,74,1.0,1.0,1.0,26,False,confirmation
memo,75,1.0,1.0,1.0,23,False,confirmation
memo,76,1.0,1.0,1.0,22,False,confirmation
memo,77,1.0,1.0,1.0,21,False,confirmation
memo,78,1.0,1.0,1.0,19,False,confirmation
memo,79,1.0,1.0,1.0,19,False,confirmation
memo,80,1.0,1.0,1.0,19,False,confirmation
memo,81,1.0,1.0,1.0,19,False,confirmation
memo,82,1.0,1.0,1.0,19,False,confirmation
memo,83,1.0,1.0,1.0,18,False,confirmation
memo,84,1.0,1.0,1.0,17,False,confirmation
memo,85,1.0,1.0,1.0,17,False,confirmation
memo,86,1.0,1.0,1.0,17,False,confirmation
memo,87,1.0,1.0,1.0,16,False,confirmation
memo,88,1.0,1.0,1.0,16,False,confirmation
memo,89,1.0,1.0,1.0,15,False,confirmation
memo,90,1.0,1.0,1.0,15,False,confirmation
memo,91,1.0,1.0,1.0,15,False,confirmation
memo,92,1.0,1.0,1.0,14,False,confirmation
memo,93,1.0,1.0,1.0,13,False,confirmation
memo,94,1.0,1.0,1.0,13,False,confirmation
memo,95,1.0,1.0,1.0,13,False,confirmation
memo,96,1.0,1.0,1.0,13,False,confirmation
memo,97,1.0,1.0,1.0,13,False,confirmation
memo,98,1.0,1.0,1.0,13,False,confirmation
memo,99,1.0,1.0,1.0,13,False,confirmation
memo,100,1.0,1.0,1.0,11,False,confirmation
memo,101,1.0,1.0,1.0,11,False,confirmation
memo,102,1.0,1.0,1.0,11,False,confirmation
memo,103,1.0,1.0,1.0,10,False,confirmation
memo,104,1.0,1.0,1.0,10,False,confirmation
memo,105,1.0,1.0,1.0,10,False,confirmation
memo,106,1.0,1.0,1.0,10,False,confirmation
memo,107,1.0,1.0,1.0,9,False,confirmation
memo,108,1.0,1.0,1.0,9,False,confirmation
memo,109,1.0,1.0,1.0,8,False,confirmation
memo,110,1.0,1.0,1.0,8,False,confirmation
memo,111,1.0,1.0,1.0,8,False,confirmation
memo,112,1.0,1.0,1.0,7,False,confirmation
memo,113,1.0,1.0,1.0,7,False,confirmation
memo,114,1.0,1.0,1.0,6,False,confirmation
memo,115,1.0,1.0,1.0,6,False,confirmation
memo,116,1.0,1.0,1.0,6,False,confirmation
memo,117,1.0,1.0,1.0,6,False,confirmation
memo,118,1.0,1.0,1.0,6,False,confirmation
memo,119,1.0,1.0,1.0,6,False,confirmation
memo,120,1.0,1.0,1.0,5,False,confirmation
memo,121,1.0,1.0,1.0,4,False,confirmation
memo,122,1.0,1.0,1.0,3,False,confirmation
memo,123,1.0,1.0,1.0,3,False,confirmation
memo,124,1.0,1.0,1.0,3,False,confirmation
memo,125,1.0,1.0,1.0,3,False,confirmation
memo,126,1.0,1.0,1.0,3,False,confirmation
memo,127,1.0,1.0,1.0,3,False,confirmation
memo,128,1.0,1.0,1.0,2,False,confirmation
memo,129,1.0,1.0,1.0,2,False,confirmation
memo,130,1.0,1.0,1.0,2,False,confirmation
memo,131,1.0,1.0,1.0,2,False,confirmation
memo,132,1.0,1.0,1.0,2,False,confirmation
memo,133,1.0,1.0,1.0,2,False,confirmation
memo,134,1.0,1.0,1.0,2,False,confirmation
memo,135,1.0,1.0,1.0,2,False,confirmation
memo,136,1.0,1.0,1.0,2,False,confirmation
memo,137,1.0,1.0,1.0,2,False,confirmation
memo,138,1.0,1.0,1.0,2,False,confirmation
memo,139,1.0,1.0,1.0,2,False,confirmation
memo,140,1.0,1.0,1.0,2,False,confirmation
memo,141,1.0,1.0,1.0,2,False,confirmation
memo,142,1.0,1.0,1.0,2,False,confirmation
memo,143,1.0,1.0,1.0,2,False,confirmation
memo,144,1.0,1.0,1.0,2,False,confirmation
memo,145,1.0,1.0,1.0,1,False,confirmation
memo,146,1.0,1.0,1.0,1,False,confirmation
memo,147,1.0,1.0,1.0,1,False,confirmation
memo,148,1.0,1.0,1.0,1,False,confirmation
memo,149,1.0,1.0,1.0,1,False,confirmation
memo,150,1.0,1.0,1.0,1,False,confirmation
memo,151,1.0,1.0,1.0,1,False,confirmation
memo,152,1.0,1.0,1.0,1,False,confirmation
memo,153,1.0,1.0,1.0,1,False,confirmation
memo,154,1.0,1.0,1.0,1,False,confirmation
memo,155,1.0,1.0,1.0,1,False,confirmation
memo_fixed,1,0.14583333333333334,0.10677083333333333,0.19401041666666666,768,True,confirmation
memo_fixed,2,0.3541666666666667,0.30859375,0.3997395833333333,768,True,confirmation
memo_fixed,3,0.484375,0.42705078125000007,0.5481770833333334,768,True,confirmation
memo_fixed,4,0.5768229166666666,0.4934895833333333,0.6614583333333334,768,True,confirmation
memo_fixed,5,0.6497395833333334,0.5572916666666666,0.734375,768,True,confirmation
memo_fixed,6,0.71484375,0.6184895833333334,0.8020833333333334,768,True,confirmation
memo_fixed,7,0.7565104166666666,0.6640625,0.8307291666666666,768,True,confirmation
memo_fixed,8,0.7981770833333334,0.7330729166666666,0.8528645833333334,768,True,confirmation
memo_fixed,9,0.8229166666666666,0.7721354166666666,0.8659179687499998,768,True,confirmation
memo_fixed,10,0.9984544049459042,0.9938176197836167,1.0,647,False,confirmation
memo_fixed,11,0.9984496124031008,0.9938556067588326,1.0,645,False,confirmation
memo_fixed,12,1.0,1.0,1.0,637,False,confirmation
memo_fixed,13,1.0,1.0,1.0,631,False,confirmation
memo_fixed,14,1.0,1.0,1.0,627,False,confirmation
memo_fixed,15,1.0,1.0,1.0,615,False,confirmation
memo_fixed,16,1.0,1.0,1.0,605,False,confirmation
memo_fixed,17,1.0,1.0,1.0,597,False,confirmation
memo_fixed,18,1.0,1.0,1.0,585,False,confirmation
memo_fixed,19,1.0,1.0,1.0,573,False,confirmation
memo_fixed,20,1.0,1.0,1.0,565,False,confirmation
memo_fixed,21,1.0,1.0,1.0,547,False,confirmation
memo_fixed,22,1.0,1.0,1.0,518,False,confirmation
memo_fixed,23,1.0,1.0,1.0,499,False,confirmation
memo_fixed,24,1.0,1.0,1.0,483,False,confirmation
memo_fixed,25,1.0,1.0,1.0,462,False,confirmation
memo_fixed,26,1.0,1.0,1.0,442,False,confirmation
memo_fixed,27,1.0,1.0,1.0,421,False,confirmation
memo_fixed,28,1.0,1.0,1.0,399,False,confirmation
memo_fixed,29,1.0,1.0,1.0,377,False,confirmation
memo_fixed,30,1.0,1.0,1.0,360,False,confirmation
memo_fixed,31,1.0,1.0,1.0,341,False,confirmation
memo_fixed,32,1.0,1.0,1.0,320,False,confirmation
memo_fixed,33,1.0,1.0,1.0,307,False,confirmation
memo_fixed,34,1.0,1.0,1.0,282,False,confirmation
memo_fixed,35,1.0,1.0,1.0,267,False,confirmation
memo_fixed,36,1.0,1.0,1.0,244,False,confirmation
memo_fixed,37,1.0,1.0,1.0,226,False,confirmation
memo_fixed,38,1.0,1.0,1.0,213,False,confirmation
memo_fixed,39,1.0,1.0,1.0,199,False,confirmation
memo_fixed,40,1.0,1.0,1.0,182,False,confirmation
memo_fixed,41,1.0,1.0,1.0,170,False,confirmation
memo_fixed,42,1.0,1.0,1.0,157,False,confirmation
memo_fixed,43,1.0,1.0,1.0,151,False,confirmation
memo_fixed,44,1.0,1.0,1.0,142,False,confirmation
memo_fixed,45,1.0,1.0,1.0,131,False,confirmation
memo_fixed,46,1.0,1.0,1.0,127,False,confirmation
memo_fixed,47,1.0,1.0,1.0,119,False,confirmation
memo_fixed,48,1.0,1.0,1.0,114,False,confirmation
memo_fixed,49,1.0,1.0,1.0,105,False,confirmation
memo_fixed,50,1.0,1.0,1.0,93,False,confirmation
memo_fixed,51,1.0,1.0,1.0,88,False,confirmation
memo_fixed,52,1.0,1.0,1.0,81,False,confirmation
memo_fixed,53,1.0,1.0,1.0,74,False,confirmation
memo_fixed,54,1.0,1.0,1.0,70,False,confirmation
memo_fixed,55,1.0,1.0,1.0,65,False,confirmation
memo_fixed,56,1.0,1.0,1.0,58,False,confirmation
memo_fixed,57,1.0,1.0,1.0,57,False,confirmation
memo_fixed,58,1.0,1.0,1.0,52,False,confirmation
memo_fixed,59,1.0,1.0,1.0,47,False,confirmation
memo_fixed,60,1.0,1.0,1.0,43,False,confirmation
memo_fixed,61,1.0,1.0,1.0,43,False,confirmation
memo_fixed,62,1.0,1.0,1.0,40,False,confirmation
memo_fixed,63,1.0,1.0,1.0,33,False,confirmation
memo_fixed,64,1.0,1.0,1.0,32,False,confirmation
memo_fixed,65,1.0,1.0,1.0,28,False,confirmation
memo_fixed,66,1.0,1.0,1.0,26,False,confirmation
memo_fixed,67,1.0,1.0,1.0,26,False,confirmation
memo_fixed,68,1.0,1.0,1.0,21,False,confirmation
memo_fixed,69,1.0,1.0,1.0,20,False,confirmation
memo_fixed,70,1.0,1.0,1.0,18,False,confirmation
memo_fixed,71,1.0,1.0,1.0,17,False,confirmation
memo_fixed,72,1.0,1.0,1.0,17,False,confirmation
memo_fixed,73,1.0,1.0,1.0,17,False,confirmation
memo_fixed,74,1.0,1.0,1.0,16,False,confirmation
memo_fixed,75,1.0,1.0,1.0,15,False,confirmation
memo_fixed,76,1.0,1.0,1.0,14,False,confirmation
memo_fixed,77,1.0,1.0,1.0,14,False,confirmation
memo_fixed,78,1.0,1.0,1.0,13,False,confirmation
memo_fixed,79,1.0,1.0,1.0,13,False,confirmation
memo_fixed,80,1.0,1.0,1.0,13,False,confirmation
memo_fixed,81,1.0,1.0,1.0,12,False,confirmation
memo_fixed,82,1.0,1.0,1.0,12,False,confirmation
memo_fixed,83,1.0,1.0,1.0,12,False,confirmation
memo_fixed,84,1.0,1.0,1.0,11,False,confirmation
memo_fixed,85,1.0,1.0,1.0,10,False,confirmation
memo_fixed,86,1.0,1.0,1.0,10,False,confirmation
memo_fixed,87,1.0,1.0,1.0,10,False,confirmation
memo_fixed,88,1.0,1.0,1.0,9,False,confirmation
memo_fixed,89,1.0,1.0,1.0,8,False,confirmation
memo_fixed,90,1.0,1.0,1.0,8,False,confirmation
memo_fixed,91,1.0,1.0,1.0,8,False,confirmation
memo_fixed,92,1.0,1.0,1.0,7,False,confirmation
memo_fixed,93,1.0,1.0,1.0,6,False,confirmation
memo_fixed,94,1.0,1.0,1.0,6,False,confirmation
memo_fixed,95,1.0,1.0,1.0,5,False,confirmation
memo_fixed,96,1.0,1.0,1.0,5,False,confirmation
memo_fixed,97,1.0,1.0,1.0,5,False,confirmation
memo_fixed,98,1.0,1.0,1.0,5,False,confirmation
memo_fixed,99,1.0,1.0,1.0,5,False,confirmation
memo_fixed,100,1.0,1.0,1.0,5,False,confirmation
memo_fixed,101,1.0,1.0,1.0,5,False,confirmation
memo_fixed,102,1.0,1.0,1.0,5,False,confirmation
memo_fixed,103,1.0,1.0,1.0,5,False,confirmation
memo_fixed,104,1.0,1.0,1.0,5,False,confirmation
memo_fixed,105,1.0,1.0,1.0,5,False,confirmation
memo_fixed,106,1.0,1.0,1.0,5,False,confirmation
memo_fixed,107,1.0,1.0,1.0,5,False,confirmation
memo_fixed,108,1.0,1.0,1.0,5,False,confirmation
memo_fixed,109,1.0,1.0,1.0,5,False,confirmation
memo_fixed,110,1.0,1.0,1.0,5,False,confirmation
memo_fixed,111,1.0,1.0,1.0,5,False,confirmation
memo_fixed,112,1.0,1.0,1.0,5,False,confirmation
memo_fixed,113,1.0,1.0,1.0,5,False,confirmation
memo_fixed,114,1.0,1.0,1.0,5,False,confirmation
memo_fixed,115,1.0,1.0,1.0,4,False,confirmation
memo_fixed,116,1.0,1.0,1.0,4,False,confirmation
memo_fixed,117,1.0,1.0,1.0,3,False,confirmation
memo_fixed,118,1.0,1.0,1.0,2,False,confirmation
memo_fixed,119,1.0,1.0,1.0,2,False,confirmation
memo_fixed,120,1.0,1.0,1.0,2,False,confirmation
memo_fixed,121,1.0,1.0,1.0,1,False,confirmation
memo_fixed,122,1.0,1.0,1.0,1,False,confirmation
memo_fixed,123,1.0,1.0,1.0,1,False,confirmation
memo_fixed,124,1.0,1.0,1.0,1,False,confirmation
memo_fixed,125,1.0,1.0,1.0,1,False,confirmation
memo_fixed,126,1.0,1.0,1.0,1,False,confirmation
memo_fixed,127,1.0,1.0,1.0,1,False,confirmation
memo_fixed,128,1.0,1.0,1.0,1,False,confirmation
memo_fixed,129,1.0,1.0,1.0,1,False,confirmation
memo_fixed,130,1.0,1.0,1.0,1,False,confirmation
memo_fixed,131,1.0,1.0,1.0,1,False,confirmation
memo_fixed,132,1.0,1.0,1.0,1,False,confirmation
memo_fixed,133,1.0,1.0,1.0,1,False,confirmation
memo_fixed,134,1.0,1.0,1.0,1,False,confirmation
memo_fixed,135,1.0,1.0,1.0,1,False,confirmation
memo_fixed,136,1.0,1.0,1.0,1,False,confirmation
memo_fixed,137,1.0,1.0,1.0,1,False,confirmation
memo_fixed,138,1.0,1.0,1.0,1,False,confirmation
memo_fixed,139,1.0,1.0,1.0,1,False,confirmation
memo_fixed,140,1.0,1.0,1.0,1,False,confirmation
memo_fixed,141,1.0,1.0,1.0,1,False,confirmation
memo_fixed,142,1.0,1.0,1.0,1,False,confirmation
memo_fixed,143,1.0,1.0,1.0,1,False,confirmation
memo_fixed,144,1.0,1.0,1.0,1,False,confirmation
memo_fixed,145,1.0,1.0,1.0,1,False,confirmation
memo_fixed,146,1.0,1.0,1.0,1,False,confirmation
memo_fixed,147,1.0,1.0,1.0,1,False,confirmation
memo_fixed,148,1.0,1.0,1.0,1,False,confirmation
memo_fixed,149,1.0,1.0,1.0,1,False,confirmation
memo_fixed,150,1.0,1.0,1.0,1,False,confirmation
memo_fixed,151,1.0,1.0,1.0,1,False,confirmation
memo_fixed,152,1.0,1.0,1.0,1,False,confirmation
memo_fixed,153,1.0,1.0,1.0,1,False,confirmation
memo_fixed,154,1.0,1.0,1.0,1,False,confirmation
memo_fixed,155,1.0,1.0,1.0,1,False,confirmation
memo_fixed,156,1.0,1.0,1.0,1,False,confirmation
memo_fixed,157,1.0,1.0,1.0,1,False,confirmation
memo_fixed,158,1.0,1.0,1.0,1,False,confirmation
memo_fixed,159,1.0,1.0,1.0,1,False,confirmation
memo_fixed,160,1.0,1.0,1.0,1,False,confirmation
memo_fixed,161,1.0,1.0,1.0,1,False,confirmation
memo_fixed,162,1.0,1.0,1.0,1,False,confirmation
memo_fixed,163,1.0,1.0,1.0,1,False,confirmation
raw_segment,1,0.140625,0.1015625,0.1849283854166665,768,True,confirmation
raw_segment,2,0.18489583333333334,0.15234375,0.21875,768,True,confirmation
raw_segment,3,0.14713541666666666,0.12239583333333333,0.17317708333333334,768,True,confirmation
raw_segment,4,0.1796875,0.15364583333333334,0.20703125,768,True,confirmation
raw_segment,5,0.15885416666666666,0.1328125,0.18619791666666666,768,True,confirmation
raw_segment,6,0.17317708333333334,0.14583333333333334,0.20052083333333334,768,True,confirmation
raw_segment,7,0.1953125,0.16666666666666666,0.22395833333333334,768,True,confirmation
raw_segment,8,0.17447916666666666,0.13668619791666672,0.21484375,768,True,confirmation
raw_segment,9,0.171875,0.14322916666666666,0.19921875,768,True,confirmation
raw_segment,10,0.2597402597402597,0.21107053822921343,0.30702608794714054,462,False,confirmation
raw_segment,11,0.35766423357664234,0.2,0.5116279069767442,137,False,confirmation
raw_segment,12,0.5849056603773585,0.41506180871828247,0.7708333333333334,53,False,confirmation
raw_segment,13,0.7777777777777778,0.6086956521739131,0.9354838709677419,27,False,confirmation
raw_segment,14,0.8125,0.5,1.0,16,False,confirmation
raw_segment,15,0.7272727272727273,0.42857142857142855,1.0,11,False,confirmation
raw_segment,16,0.75,0.4444444444444444,1.0,8,False,confirmation
raw_segment,17,1.0,1.0,1.0,6,False,confirmation
raw_segment,18,1.0,1.0,1.0,5,False,confirmation
raw_segment,19,1.0,1.0,1.0,5,False,confirmation
raw_segment,20,1.0,1.0,1.0,4,False,confirmation
raw_segment,21,1.0,1.0,1.0,3,False,confirmation
raw_segment,22,1.0,1.0,1.0,3,False,confirmation
raw_segment,23,1.0,1.0,1.0,3,False,confirmation
raw_segment,24,1.0,1.0,1.0,3,False,confirmation
raw_segment,25,1.0,1.0,1.0,3,False,confirmation
raw_segment,26,1.0,1.0,1.0,3,False,confirmation
raw_segment,27,1.0,1.0,1.0,3,False,confirmation
raw_segment,28,1.0,1.0,1.0,3,False,confirmation
raw_segment,29,1.0,1.0,1.0,3,False,confirmation
raw_segment,30,1.0,1.0,1.0,2,False,confirmation
raw_segment,31,1.0,1.0,1.0,2,False,confirmation
raw_segment,32,1.0,1.0,1.0,2,False,confirmation
raw_segment,33,1.0,1.0,1.0,2,False,confirmation
raw_segment,34,1.0,1.0,1.0,2,False,confirmation
raw_segment,35,1.0,1.0,1.0,2,False,confirmation
raw_segment,36,1.0,1.0,1.0,2,False,confirmation
raw_segment,37,1.0,1.0,1.0,2,False,confirmation
raw_segment,38,1.0,1.0,1.0,2,False,confirmation
raw_segment,39,1.0,1.0,1.0,2,False,confirmation
raw_segment,40,1.0,1.0,1.0,2,False,confirmation
raw_segment,41,1.0,1.0,1.0,2,False,confirmation
raw_segment,42,1.0,1.0,1.0,2,False,confirmation
raw_segment,43,1.0,1.0,1.0,2,False,confirmation
raw_segment,44,1.0,1.0,1.0,2,False,confirmation
raw_segment,45,1.0,1.0,1.0,2,False,confirmation
raw_segment,46,1.0,1.0,1.0,2,False,confirmation
raw_segment,47,1.0,1.0,1.0,2,False,confirmation
raw_segment,48,1.0,1.0,1.0,2,False,confirmation
raw_segment,49,1.0,1.0,1.0,2,False,confirmation
raw_segment,50,1.0,1.0,1.0,2,False,confirmation
raw_segment,51,1.0,1.0,1.0,2,False,confirmation
raw_segment,52,1.0,1.0,1.0,2,False,confirmation
raw_segment,53,1.0,1.0,1.0,2,False,confirmation
raw_segment,54,1.0,1.0,1.0,2,False,confirmation
raw_segment,55,1.0,1.0,1.0,2,False,confirmation
raw_segment,56,1.0,1.0,1.0,2,False,confirmation
raw_segment,57,1.0,1.0,1.0,2,False,confirmation
raw_segment,58,1.0,1.0,1.0,2,False,confirmation
raw_segment,59,1.0,1.0,1.0,2,False,confirmation
raw_segment,60,1.0,1.0,1.0,1,False,confirmation
raw_segment,61,1.0,1.0,1.0,1,False,confirmation
raw_segment,62,1.0,1.0,1.0,1,False,confirmation
raw_segment,63,1.0,1.0,1.0,1,False,confirmation
raw_segment,64,1.0,1.0,1.0,1,False,confirmation
raw_segment,65,1.0,1.0,1.0,1,False,confirmation
raw_segment,66,1.0,1.0,1.0,1,False,confirmation
raw_segment,67,1.0,1.0,1.0,1,False,confirmation
raw_segment,68,1.0,1.0,1.0,1,False,confirmation
raw_segment,69,1.0,1.0,1.0,1,False,confirmation
raw_segment,70,1.0,1.0,1.0,1,False,confirmation
raw_segment,71,1.0,1.0,1.0,1,False,confirmation
raw_segment,72,1.0,1.0,1.0,1,False,confirmation
raw_segment,73,1.0,1.0,1.0,1,False,confirmation
raw_segment,74,1.0,1.0,1.0,1,False,confirmation
raw_segment,75,1.0,1.0,1.0,1,False,confirmation
raw_segment,76,1.0,1.0,1.0,1,False,confirmation
raw_segment,77,1.0,1.0,1.0,1,False,confirmation
raw_segment,78,1.0,1.0,1.0,1,False,confirmation
raw_segment,79,1.0,1.0,1.0,1,False,confirmation
raw_segment,80,1.0,1.0,1.0,1,False,confirmation
raw_segment,81,1.0,1.0,1.0,1,False,confirmation
raw_segment,82,1.0,1.0,1.0,1,False,confirmation
raw_segment,83,1.0,1.0,1.0,1,False,confirmation
raw_segment,84,1.0,1.0,1.0,1,False,confirmation
raw_segment,85,1.0,1.0,1.0,1,False,confirmation
raw_segment,86,1.0,1.0,1.0,1,False,confirmation
raw_segment,87,1.0,1.0,1.0,1,False,confirmation
raw_segment,88,1.0,1.0,1.0,1,False,confirmation
raw_segment,89,1.0,1.0,1.0,1,False,confirmation
raw_segment,90,1.0,1.0,1.0,1,False,confirmation
raw_segment,91,1.0,1.0,1.0,1,False,confirmation
raw_segment,92,1.0,1.0,1.0,1,False,confirmation
raw_segment,93,1.0,1.0,1.0,1,False,confirmation
raw_segment,94,1.0,1.0,1.0,1,False,confirmation
raw_segment,95,1.0,1.0,1.0,1,False,confirmation
raw_segment,96,1.0,1.0,1.0,1,False,confirmation
raw_segment,97,1.0,1.0,1.0,1,False,confirmation
raw_segment,98,1.0,1.0,1.0,1,False,confirmation
raw_segment,99,1.0,1.0,1.0,1,False,confirmation
raw_segment,100,1.0,1.0,1.0,1,False,confirmation
raw_summary,1,0.1484375,0.12369791666666667,0.17447916666666666,768,True,confirmation
raw_summary,2,0.3333333333333333,0.28512369791666675,0.3854166666666667,768,True,confirmation
raw_summary,3,0.4713541666666667,0.4244791666666667,0.5195638020833332,768,True,confirmation
raw_summary,4,0.6015625,0.5364583333333334,0.6627604166666666,768,True,confirmation
raw_summary,5,0.6796875,0.5963541666666666,0.7461263020833332,768,True,confirmation
raw_summary,6,0.7643229166666666,0.70703125,0.8229166666666666,768,True,confirmation
raw_summary,7,0.8177083333333334,0.7591145833333334,0.8815429687499998,768,True,confirmation
raw_summary,8,0.8502604166666666,0.8020833333333334,0.9049479166666666,768,True,confirmation
raw_summary,9,0.8723958333333334,0.8268229166666666,0.9283854166666666,768,True,confirmation
raw_summary,10,1.0,1.0,1.0,683,False,confirmation
raw_summary,11,1.0,1.0,1.0,677,False,confirmation
raw_summary,12,1.0,1.0,1.0,671,False,confirmation
raw_summary,13,1.0,1.0,1.0,670,False,confirmation
raw_summary,14,1.0,1.0,1.0,665,False,confirmation
raw_summary,15,1.0,1.0,1.0,657,False,confirmation
raw_summary,16,1.0,1.0,1.0,641,False,confirmation
raw_summary,17,1.0,1.0,1.0,631,False,confirmation
raw_summary,18,1.0,1.0,1.0,620,False,confirmation
raw_summary,19,1.0,1.0,1.0,608,False,confirmation
raw_summary,20,1.0,1.0,1.0,590,False,confirmation
raw_summary,21,1.0,1.0,1.0,562,False,confirmation
raw_summary,22,1.0,1.0,1.0,544,False,confirmation
raw_summary,23,1.0,1.0,1.0,524,False,confirmation
raw_summary,24,1.0,1.0,1.0,508,False,confirmation
raw_summary,25,1.0,1.0,1.0,484,False,confirmation
raw_summary,26,1.0,1.0,1.0,465,False,confirmation
raw_summary,27,1.0,1.0,1.0,438,False,confirmation
raw_summary,28,1.0,1.0,1.0,413,False,confirmation
raw_summary,29,1.0,1.0,1.0,392,False,confirmation
raw_summary,30,1.0,1.0,1.0,375,False,confirmation
raw_summary,31,1.0,1.0,1.0,352,False,confirmation
raw_summary,32,1.0,1.0,1.0,331,False,confirmation
raw_summary,33,1.0,1.0,1.0,314,False,confirmation
raw_summary,34,1.0,1.0,1.0,300,False,confirmation
raw_summary,35,1.0,1.0,1.0,289,False,confirmation
raw_summary,36,1.0,1.0,1.0,272,False,confirmation
raw_summary,37,1.0,1.0,1.0,260,False,confirmation
raw_summary,38,1.0,1.0,1.0,246,False,confirmation
raw_summary,39,1.0,1.0,1.0,227,False,confirmation
raw_summary,40,1.0,1.0,1.0,215,False,confirmation
raw_summary,41,1.0,1.0,1.0,204,False,confirmation
raw_summary,42,1.0,1.0,1.0,186,False,confirmation
raw_summary,43,1.0,1.0,1.0,174,False,confirmation
raw_summary,44,1.0,1.0,1.0,165,False,confirmation
raw_summary,45,1.0,1.0,1.0,153,False,confirmation
raw_summary,46,1.0,1.0,1.0,146,False,confirmation
raw_summary,47,1.0,1.0,1.0,129,False,confirmation
raw_summary,48,1.0,1.0,1.0,125,False,confirmation
raw_summary,49,1.0,1.0,1.0,118,False,confirmation
raw_summary,50,1.0,1.0,1.0,109,False,confirmation
raw_summary,51,1.0,1.0,1.0,104,False,confirmation
raw_summary,52,1.0,1.0,1.0,97,False,confirmation
raw_summary,53,1.0,1.0,1.0,91,False,confirmation
raw_summary,54,1.0,1.0,1.0,88,False,confirmation
raw_summary,55,1.0,1.0,1.0,81,False,confirmation
raw_summary,56,1.0,1.0,1.0,76,False,confirmation
raw_summary,57,1.0,1.0,1.0,76,False,confirmation
raw_summary,58,1.0,1.0,1.0,73,False,confirmation
raw_summary,59,1.0,1.0,1.0,65,False,confirmation
raw_summary,60,1.0,1.0,1.0,62,False,confirmation
raw_summary,61,1.0,1.0,1.0,59,False,confirmation
raw_summary,62,1.0,1.0,1.0,54,False,confirmation
raw_summary,63,1.0,1.0,1.0,51,False,confirmation
raw_summary,64,1.0,1.0,1.0,47,False,confirmation
raw_summary,65,1.0,1.0,1.0,46,False,confirmation
raw_summary,66,1.0,1.0,1.0,41,False,confirmation
raw_summary,67,1.0,1.0,1.0,38,False,confirmation
raw_summary,68,1.0,1.0,1.0,36,False,confirmation
raw_summary,69,1.0,1.0,1.0,34,False,confirmation
raw_summary,70,1.0,1.0,1.0,32,False,confirmation
raw_summary,71,1.0,1.0,1.0,32,False,confirmation
raw_summary,72,1.0,1.0,1.0,28,False,confirmation
raw_summary,73,1.0,1.0,1.0,27,False,confirmation
raw_summary,74,1.0,1.0,1.0,27,False,confirmation
raw_summary,75,1.0,1.0,1.0,27,False,confirmation
raw_summary,76,1.0,1.0,1.0,24,False,confirmation
raw_summary,77,1.0,1.0,1.0,21,False,confirmation
raw_summary,78,1.0,1.0,1.0,20,False,confirmation
raw_summary,79,1.0,1.0,1.0,17,False,confirmation
raw_summary,80,1.0,1.0,1.0,16,False,confirmation
raw_summary,81,1.0,1.0,1.0,16,False,confirmation
raw_summary,82,1.0,1.0,1.0,16,False,confirmation
raw_summary,83,1.0,1.0,1.0,16,False,confirmation
raw_summary,84,1.0,1.0,1.0,15,False,confirmation
raw_summary,85,1.0,1.0,1.0,15,False,confirmation
raw_summary,86,1.0,1.0,1.0,15,False,confirmation
raw_summary,87,1.0,1.0,1.0,14,False,confirmation
raw_summary,88,1.0,1.0,1.0,11,False,confirmation
raw_summary,89,1.0,1.0,1.0,10,False,confirmation
raw_summary,90,1.0,1.0,1.0,10,False,confirmation
raw_summary,91,1.0,1.0,1.0,10,False,confirmation
raw_summary,92,1.0,1.0,1.0,10,False,confirmation
raw_summary,93,1.0,1.0,1.0,9,False,confirmation
raw_summary,94,1.0,1.0,1.0,9,False,confirmation
raw_summary,95,1.0,1.0,1.0,9,False,confirmation
raw_summary,96,1.0,1.0,1.0,9,False,confirmation
raw_summary,97,1.0,1.0,1.0,9,False,confirmation
raw_summary,98,1.0,1.0,1.0,9,False,confirmation
raw_summary,99,1.0,1.0,1.0,9,False,confirmation
raw_summary,100,1.0,1.0,1.0,9,False,confirmation
raw_summary,101,1.0,1.0,1.0,9,False,confirmation
raw_summary,102,1.0,1.0,1.0,9,False,confirmation
raw_summary,103,1.0,1.0,1.0,9,False,confirmation
raw_summary,104,1.0,1.0,1.0,9,False,confirmation
raw_summary,105,1.0,1.0,1.0,9,False,confirmation
raw_summary,106,1.0,1.0,1.0,9,False,confirmation
raw_summary,107,1.0,1.0,1.0,9,False,confirmation
raw_summary,108,1.0,1.0,1.0,9,False,confirmation
raw_summary,109,1.0,1.0,1.0,8,False,confirmation
raw_summary,110,1.0,1.0,1.0,8,False,confirmation
raw_summary,111,1.0,1.0,1.0,8,False,confirmation
raw_summary,112,1.0,1.0,1.0,8,False,confirmation
raw_summary,113,1.0,1.0,1.0,8,False,confirmation
raw_summary,114,1.0,1.0,1.0,8,False,confirmation
raw_summary,115,1.0,1.0,1.0,7,False,confirmation
raw_summary,116,1.0,1.0,1.0,7,False,confirmation
raw_summary,117,1.0,1.0,1.0,7,False,confirmation
raw_summary,118,1.0,1.0,1.0,6,False,confirmation
raw_summary,119,1.0,1.0,1.0,5,False,confirmation
raw_summary,120,1.0,1.0,1.0,5,False,confirmation
raw_summary,121,1.0,1.0,1.0,5,False,confirmation
raw_summary,122,1.0,1.0,1.0,5,False,confirmation
raw_summary,123,1.0,1.0,1.0,5,False,confirmation
raw_summary,124,1.0,1.0,1.0,5,False,confirmation
raw_summary,125,1.0,1.0,1.0,4,False,confirmation
raw_summary,126,1.0,1.0,1.0,2,False,confirmation
raw_summary,127,1.0,1.0,1.0,2,False,confirmation
raw_summary,128,1.0,1.0,1.0,2,False,confirmation
raw_summary,129,1.0,1.0,1.0,2,False,confirmation
raw_summary,130,1.0,1.0,1.0,2,False,confirmation
raw_summary,131,1.0,1.0,1.0,2,False,confirmation
raw_summary,132,1.0,1.0,1.0,2,False,confirmation
raw_summary,133,1.0,1.0,1.0,2,False,confirmation
raw_summary,134,1.0,1.0,1.0,2,False,confirmation
raw_summary,135,1.0,1.0,1.0,2,False,confirmation
raw_summary,136,1.0,1.0,1.0,2,False,confirmation
raw_summary,137,1.0,1.0,1.0,2,False,confirmation
raw_summary,138,1.0,1.0,1.0,1,False,confirmation
raw_summary_residual,1,0.12109375,0.09635416666666667,0.14583333333333334,768,True,confirmation
raw_summary_residual,2,0.3359375,0.3020833333333333,0.3736979166666667,768,True,confirmation
raw_summary_residual,3,0.5130208333333334,0.4674479166666667,0.5572916666666666,768,True,confirmation
raw_summary_residual,4,0.6458333333333334,0.5703125,0.7096679687499998,768,True,confirmation
raw_summary_residual,5,0.7330729166666666,0.6497395833333334,0.8073242187499998,768,True,confirmation
raw_summary_residual,6,0.7825520833333334,0.7109049479166667,0.84765625,768,True,confirmation
raw_summary_residual,7,0.8268229166666666,0.7603841145833333,0.890625,768,True,confirmation
raw_summary_residual,8,0.8515625,0.7916666666666666,0.9075520833333334,768,True,confirmation
raw_summary_residual,9,0.8736979166666666,0.8280924479166667,0.9127604166666666,768,True,confirmation
raw_summary_residual,10,1.0,1.0,1.0,679,False,confirmation
raw_summary_residual,11,1.0,1.0,1.0,675,False,confirmation
raw_summary_residual,12,1.0,1.0,1.0,671,False,confirmation
raw_summary_residual,13,1.0,1.0,1.0,667,False,confirmation
raw_summary_residual,14,1.0,1.0,1.0,665,False,confirmation
raw_summary_residual,15,1.0,1.0,1.0,658,False,confirmation
raw_summary_residual,16,1.0,1.0,1.0,647,False,confirmation
raw_summary_residual,17,1.0,1.0,1.0,641,False,confirmation
raw_summary_residual,18,1.0,1.0,1.0,629,False,confirmation
raw_summary_residual,19,1.0,1.0,1.0,624,False,confirmation
raw_summary_residual,20,1.0,1.0,1.0,616,False,confirmation
raw_summary_residual,21,1.0,1.0,1.0,604,False,confirmation
raw_summary_residual,22,1.0,1.0,1.0,581,False,confirmation
raw_summary_residual,23,1.0,1.0,1.0,564,False,confirmation
raw_summary_residual,24,1.0,1.0,1.0,542,False,confirmation
raw_summary_residual,25,1.0,1.0,1.0,520,False,confirmation
raw_summary_residual,26,1.0,1.0,1.0,499,False,confirmation
raw_summary_residual,27,1.0,1.0,1.0,478,False,confirmation
raw_summary_residual,28,1.0,1.0,1.0,461,False,confirmation
raw_summary_residual,29,1.0,1.0,1.0,441,False,confirmation
raw_summary_residual,30,1.0,1.0,1.0,415,False,confirmation
raw_summary_residual,31,1.0,1.0,1.0,396,False,confirmation
raw_summary_residual,32,1.0,1.0,1.0,361,False,confirmation
raw_summary_residual,33,1.0,1.0,1.0,342,False,confirmation
raw_summary_residual,34,1.0,1.0,1.0,322,False,confirmation
raw_summary_residual,35,1.0,1.0,1.0,299,False,confirmation
raw_summary_residual,36,1.0,1.0,1.0,283,False,confirmation
raw_summary_residual,37,1.0,1.0,1.0,269,False,confirmation
raw_summary_residual,38,1.0,1.0,1.0,252,False,confirmation
raw_summary_residual,39,1.0,1.0,1.0,236,False,confirmation
raw_summary_residual,40,1.0,1.0,1.0,223,False,confirmation
raw_summary_residual,41,1.0,1.0,1.0,206,False,confirmation
raw_summary_residual,42,1.0,1.0,1.0,181,False,confirmation
raw_summary_residual,43,1.0,1.0,1.0,178,False,confirmation
raw_summary_residual,44,1.0,1.0,1.0,163,False,confirmation
raw_summary_residual,45,1.0,1.0,1.0,152,False,confirmation
raw_summary_residual,46,1.0,1.0,1.0,148,False,confirmation
raw_summary_residual,47,1.0,1.0,1.0,138,False,confirmation
raw_summary_residual,48,1.0,1.0,1.0,132,False,confirmation
raw_summary_residual,49,1.0,1.0,1.0,116,False,confirmation
raw_summary_residual,50,1.0,1.0,1.0,104,False,confirmation
raw_summary_residual,51,1.0,1.0,1.0,98,False,confirmation
raw_summary_residual,52,1.0,1.0,1.0,93,False,confirmation
raw_summary_residual,53,1.0,1.0,1.0,86,False,confirmation
raw_summary_residual,54,1.0,1.0,1.0,82,False,confirmation
raw_summary_residual,55,1.0,1.0,1.0,77,False,confirmation
raw_summary_residual,56,1.0,1.0,1.0,69,False,confirmation
raw_summary_residual,57,1.0,1.0,1.0,66,False,confirmation
raw_summary_residual,58,1.0,1.0,1.0,60,False,confirmation
raw_summary_residual,59,1.0,1.0,1.0,58,False,confirmation
raw_summary_residual,60,1.0,1.0,1.0,53,False,confirmation
raw_summary_residual,61,1.0,1.0,1.0,49,False,confirmation
raw_summary_residual,62,1.0,1.0,1.0,45,False,confirmation
raw_summary_residual,63,1.0,1.0,1.0,41,False,confirmation
raw_summary_residual,64,1.0,1.0,1.0,39,False,confirmation
raw_summary_residual,65,1.0,1.0,1.0,37,False,confirmation
raw_summary_residual,66,1.0,1.0,1.0,36,False,confirmation
raw_summary_residual,67,1.0,1.0,1.0,35,False,confirmation
raw_summary_residual,68,1.0,1.0,1.0,32,False,confirmation
raw_summary_residual,69,1.0,1.0,1.0,31,False,confirmation
raw_summary_residual,70,1.0,1.0,1.0,29,False,confirmation
raw_summary_residual,71,1.0,1.0,1.0,29,False,confirmation
raw_summary_residual,72,1.0,1.0,1.0,28,False,confirmation
raw_summary_residual,73,1.0,1.0,1.0,25,False,confirmation
raw_summary_residual,74,1.0,1.0,1.0,23,False,confirmation
raw_summary_residual,75,1.0,1.0,1.0,23,False,confirmation
raw_summary_residual,76,1.0,1.0,1.0,21,False,confirmation
raw_summary_residual,77,1.0,1.0,1.0,20,False,confirmation
raw_summary_residual,78,1.0,1.0,1.0,19,False,confirmation
raw_summary_residual,79,1.0,1.0,1.0,17,False,confirmation
raw_summary_residual,80,1.0,1.0,1.0,16,False,confirmation
raw_summary_residual,81,1.0,1.0,1.0,16,False,confirmation
raw_summary_residual,82,1.0,1.0,1.0,15,False,confirmation
raw_summary_residual,83,1.0,1.0,1.0,13,False,confirmation
raw_summary_residual,84,1.0,1.0,1.0,13,False,confirmation
raw_summary_residual,85,1.0,1.0,1.0,13,False,confirmation
raw_summary_residual,86,1.0,1.0,1.0,13,False,confirmation
raw_summary_residual,87,1.0,1.0,1.0,13,False,confirmation
raw_summary_residual,88,1.0,1.0,1.0,11,False,confirmation
raw_summary_residual,89,1.0,1.0,1.0,11,False,confirmation
raw_summary_residual,90,1.0,1.0,1.0,11,False,confirmation
raw_summary_residual,91,1.0,1.0,1.0,11,False,confirmation
raw_summary_residual,92,1.0,1.0,1.0,11,False,confirmation
raw_summary_residual,93,1.0,1.0,1.0,11,False,confirmation
raw_summary_residual,94,1.0,1.0,1.0,10,False,confirmation
raw_summary_residual,95,1.0,1.0,1.0,10,False,confirmation
raw_summary_residual,96,1.0,1.0,1.0,10,False,confirmation
raw_summary_residual,97,1.0,1.0,1.0,10,False,confirmation
raw_summary_residual,98,1.0,1.0,1.0,10,False,confirmation
raw_summary_residual,99,1.0,1.0,1.0,10,False,confirmation
raw_summary_residual,100,1.0,1.0,1.0,10,False,confirmation
raw_summary_residual,101,1.0,1.0,1.0,10,False,confirmation
raw_summary_residual,102,1.0,1.0,1.0,10,False,confirmation
raw_summary_residual,103,1.0,1.0,1.0,10,False,confirmation
raw_summary_residual,104,1.0,1.0,1.0,10,False,confirmation
raw_summary_residual,105,1.0,1.0,1.0,10,False,confirmation
raw_summary_residual,106,1.0,1.0,1.0,9,False,confirmation
raw_summary_residual,107,1.0,1.0,1.0,9,False,confirmation
raw_summary_residual,108,1.0,1.0,1.0,9,False,confirmation
raw_summary_residual,109,1.0,1.0,1.0,7,False,confirmation
raw_summary_residual,110,1.0,1.0,1.0,7,False,confirmation
raw_summary_residual,111,1.0,1.0,1.0,7,False,confirmation
raw_summary_residual,112,1.0,1.0,1.0,7,False,confirmation
raw_summary_residual,113,1.0,1.0,1.0,7,False,confirmation
raw_summary_residual,114,1.0,1.0,1.0,6,False,confirmation
raw_summary_residual,115,1.0,1.0,1.0,6,False,confirmation
raw_summary_residual,116,1.0,1.0,1.0,6,False,confirmation
raw_summary_residual,117,1.0,1.0,1.0,5,False,confirmation
raw_summary_residual,118,1.0,1.0,1.0,5,False,confirmation
raw_summary_residual,119,1.0,1.0,1.0,5,False,confirmation
raw_summary_residual,120,1.0,1.0,1.0,5,False,confirmation
raw_summary_residual,121,1.0,1.0,1.0,4,False,confirmation
raw_summary_residual,122,1.0,1.0,1.0,3,False,confirmation
raw_summary_residual,123,1.0,1.0,1.0,2,False,confirmation
raw_summary_residual,124,1.0,1.0,1.0,2,False,confirmation
raw_summary_residual,125,1.0,1.0,1.0,2,False,confirmation
raw_summary_residual,126,1.0,1.0,1.0,2,False,confirmation
raw_summary_residual,127,1.0,1.0,1.0,2,False,confirmation
raw_summary_residual,128,1.0,1.0,1.0,2,False,confirmation
raw_summary_residual,129,1.0,1.0,1.0,2,False,confirmation
raw_summary_residual,130,1.0,1.0,1.0,2,False,confirmation
raw_summary_residual,131,1.0,1.0,1.0,2,False,confirmation
raw_summary_residual,132,1.0,1.0,1.0,2,False,confirmation
raw_summary_residual,133,1.0,1.0,1.0,2,False,confirmation
raw_summary_residual,134,1.0,1.0,1.0,2,False,confirmation
raw_summary_residual,135,1.0,1.0,1.0,2,False,confirmation
raw_summary_residual,136,1.0,1.0,1.0,2,False,confirmation
raw_summary_residual,137,1.0,1.0,1.0,2,False,confirmation
raw_summary_residual,138,1.0,1.0,1.0,1,False,confirmation
raw_summary_residual,139,1.0,1.0,1.0,1,False,confirmation
raw_summary_residual,140,1.0,1.0,1.0,1,False,confirmation
raw_summary_residual,141,1.0,1.0,1.0,1,False,confirmation
raw_summary_residual,142,1.0,1.0,1.0,1,False,confirmation
raw_summary_residual,143,1.0,1.0,1.0,1,False,confirmation
raw_summary_residual,144,1.0,1.0,1.0,1,False,confirmation
raw_summary_residual,145,1.0,1.0,1.0,1,False,confirmation
raw_summary_residual,146,1.0,1.0,1.0,1,False,confirmation
raw_summary_residual,147,1.0,1.0,1.0,1,False,confirmation
raw_summary_residual,148,1.0,1.0,1.0,1,False,confirmation
raw_summary_residual,149,1.0,1.0,1.0,1,False,confirmation
raw_summary_residual,150,1.0,1.0,1.0,1,False,confirmation
raw_summary_residual,151,1.0,1.0,1.0,1,False,confirmation
raw_summary_residual,152,1.0,1.0,1.0,1,False,confirmation
raw_summary_residual,153,1.0,1.0,1.0,1,False,confirmation
raw_summary_residual,154,1.0,1.0,1.0,1,False,confirmation
raw_summary_residual,155,1.0,1.0,1.0,1,False,confirmation
raw_summary_residual,156,1.0,1.0,1.0,1,False,confirmation
raw_summary_residual,157,1.0,1.0,1.0,1,False,confirmation
raw_summary_residual,158,1.0,1.0,1.0,1,False,confirmation
raw_summary_residual,159,1.0,1.0,1.0,1,False,confirmation
