condition,split,query,estimate,lower,upper,tasks,seeds
full_context,confirmation,1,1.0,1.0,1.0,256,3
full_context,confirmation,2,1.0,1.0,1.0,256,3
full_context,confirmation,3,1.0,1.0,1.0,256,3
full_context,confirmation,4,1.0,1.0,1.0,256,3
full_context,confirmation,5,1.0,1.0,1.0,256,3
full_context,confirmation,6,1.0,1.0,1.0,256,3
full_context,confirmation,7,1.0,1.0,1.0,256,3
full_context,confirmation,8,1.0,1.0,1.0,256,3
full_context,confirmation,9,1.0,1.0,1.0,256,3
full_context,confirmation,10,1.0,1.0,1.0,256,3
full_context,confirmation,11,1.0,1.0,1.0,256,3
full_context,confirmation,12,1.0,1.0,1.0,256,3
full_context,confirmation,13,0.9998998397435898,0.9993990384615383,1.0,256,3
full_context,confirmation,14,0.9999069940476191,0.9994419642857144,1.0,256,3
full_context,confirmation,15,0.9997395833333332,0.9991319444444445,1.0,256,3
full_context,confirmation,16,0.9995930989583334,0.998779296875,1.0,256,3
full_context,confirmation,17,0.9995404411764706,0.9986213235294117,1.0,256,3
full_context,confirmation,18,0.9993489583333334,0.998263888888889,1.0,256,3
full_context,confirmation,19,0.999314692982456,0.9982867324561403,1.0,256,3
full_context,confirmation,20,0.9992838541666668,0.9981770833333333,1.0,256,3
full_context,confirmation,21,0.9992559523809524,0.9981398809523809,1.0,256,3
full_context,confirmation,22,0.9991714015151514,0.9979285037878788,1.0,256,3
full_context,confirmation,23,0.9991508152173912,0.9979619565217391,1.0,256,3
full_context,confirmation,24,0.9991861979166666,0.9979383680555557,1.0,256,3
full_context,confirmation,25,0.9991666666666666,0.9979166666666668,1.0,256,3
full_context,confirmation,26,0.999198717948718,0.998046875,1.0,256,3
full_context,confirmation,27,0.9991319444444445,0.9979745370370371,0.9998553240740741,256,3
full_context,confirmation,28,0.9990699404761906,0.9979073660714285,0.9998139880952381,256,3
full_context,confirmation,29,0.9990571120689654,0.9977999281609197,0.9997755028735632,256,3
full_context,confirmation,30,0.9990451388888889,0.997829861111111,0.9998263888888889,256,3
full_context,confirmation,31,0.999033938172043,0.9979408182123657,0.9997899865591399,256,3
full_context,confirmation,32,0.9989827473958334,0.9978841145833334,0.999755859375,256,3
full_context,confirmation,33,0.9990135732323232,0.9979472458964646,0.9997632575757575,256,3
full_context,confirmation,34,0.9989276960784313,0.9980085784313726,0.9996553308823529,256,3
full_context,confirmation,35,0.9988467261904761,0.9978794642857144,0.9995535714285714,256,3
full_context,confirmation,36,0.998734085648148,0.997902199074074,0.9994574652777777,256,3
full_context,confirmation,37,0.9986275337837838,0.9977829391891891,0.999366554054054,256,3
full_context,confirmation,38,0.9985951206140351,0.9977042214912281,0.999281284265351,256,3
full_context,confirmation,39,0.998530982905983,0.9976295405982906,0.9992654914529915,256,3
full_context,confirmation,40,0.9984375,0.9975260416666666,0.9992187500000002,256,3
full_context,confirmation,41,0.9983168191056911,0.9973323170731708,0.9991425304878049,256,3
full_context,confirmation,42,0.9982638888888888,0.9973028273809524,0.9990699404761904,256,3
full_context,confirmation,43,0.9981528585271318,0.9970930232558141,0.9990915697674417,256,3
full_context,confirmation,44,0.9980172821969697,0.9968039772727272,0.9991122159090908,256,3
full_context,confirmation,45,0.9980034722222223,0.9966435185185185,0.9991319444444443,256,3
full_context,confirmation,46,0.9979619565217392,0.9965749547101449,0.9990658967391305,256,3
full_context,confirmation,47,0.997977615248227,0.9966478280141845,0.9990857712765958,256,3
full_context,confirmation,48,0.9979926215277778,0.996609157986111,0.9990776909722222,256,3
full_context,confirmation,49,0.9979804421768708,0.9964657738095238,0.999123086734694,256,3
full_context,confirmation,50,0.9979947916666667,0.9966406250000001,0.9990625,256,3
full_context,confirmation,51,0.9979575163398694,0.9963235294117648,0.9991064133986929,256,3
full_context,confirmation,52,0.9979717548076922,0.9963441506410255,0.9991235977564102,256,3
full_context,confirmation,53,0.9979608883647799,0.9963388119103774,0.9991155660377359,256,3
full_context,confirmation,54,0.9979745370370371,0.9963107638888888,0.9991319444444443,256,3
full_context,confirmation,55,0.9979876893939394,0.996377840909091,0.9991950757575757,256,3
full_context,confirmation,56,0.9980236235119048,0.9963030133928572,0.9991861979166666,256,3
full_context,confirmation,57,0.9979897660818713,0.9964364035087718,0.9991319444444443,256,3
full_context,confirmation,58,0.9980019755747126,0.9964523841594828,0.9991918103448275,256,3
full_context,confirmation,59,0.9980358403954802,0.9965572033898304,0.9992055084745762,256,3
full_context,confirmation,60,0.998068576388889,0.9965272352430554,0.9991753472222222,256,3
full_context,confirmation,61,0.9981002390710382,0.9966055114412566,0.999231557377049,256,3
full_context,confirmation,62,0.9981098790322581,0.9966607862903226,0.9992234753024195,256,3
full_context,confirmation,63,0.998139880952381,0.9966512690145503,0.9992559523809524,256,3
full_context,confirmation,64,0.9981486002604166,0.9969278971354166,0.99920654296875,256,3
full_context,confirmation,65,0.9981570512820511,0.9968349358974359,0.9991586538461538,256,3
full_context,confirmation,66,0.9981455176767676,0.9968039772727272,0.9991516729797979,256,3
full_context,confirmation,67,0.9981731965174129,0.9969094954912935,0.9991254664179104,256,3
full_context,confirmation,68,0.9981426164215685,0.996783088235294,0.9991383272058822,256,3
full_context,confirmation,69,0.9981506642512078,0.9968103676026571,0.9991696859903382,256,3
full_context,confirmation,70,0.9981584821428572,0.9968931361607142,0.9990885416666667,256,3
full_context,confirmation,71,0.9981110622065726,0.9967356220657276,0.9991013791079811,256,3
full_context,confirmation,72,0.9980649594907408,0.9966172960069444,0.99906005859375,256,3
full_context,confirmation,73,0.9980557933789954,0.9965748965468038,0.9990903253424657,256,3
full_context,confirmation,74,0.9980292792792792,0.9966915646114863,0.9990146396396397,256,3
full_context,confirmation,75,0.9980208333333334,0.9966840277777776,0.9990625,256,3
full_context,confirmation,76,0.9980126096491228,0.9966762609649124,0.9990748355263158,256,3
full_context,confirmation,77,0.9979369588744588,0.996583722267316,0.9989853896103895,256,3
full_context,confirmation,78,0.997913327991453,0.996577857905983,0.9989483173076924,256,3
full_context,confirmation,79,0.9979397415611814,0.9965882120253164,0.9989616297468354,256,3
full_context,confirmation,80,0.9979654947916666,0.9967277018229167,0.9989428710937501,256,3
full_context,confirmation,81,0.9979745370370369,0.9966873231738684,0.9989872685185185,256,3
full_context,confirmation,82,0.9979992378048781,0.996728912601626,0.9989678607723577,256,3
full_context,confirmation,83,0.9980076556224899,0.9967522433483935,0.9989646084337349,256,3
full_context,confirmation,84,0.9980158730158729,0.9966982886904763,0.9989769345238094,256,3
full_context,confirmation,85,0.9980392156862745,0.9968439797794119,0.9989736519607844,256,3
full_context,confirmation,86,0.9980620155038759,0.9968356346899224,0.9990007267441859,256,3
full_context,confirmation,87,0.9980693247126439,0.9969019396551725,0.9989826538553639,256,3
full_context,confirmation,88,0.9980912642045454,0.9969371448863636,0.9989938446969697,256,3
full_context,confirmation,89,0.9981127106741573,0.9968980424859553,0.999019779962547,256,3
full_context,confirmation,90,0.9981336805555555,0.9970052083333334,0.9990306712962962,256,3
full_context,confirmation,91,0.9981541895604394,0.9971096611721612,0.9990127060439561,256,3
full_context,confirmation,92,0.9981742527173915,0.9970841117527176,0.9990375905797101,256,3
full_context,confirmation,93,0.9981938844086021,0.9971014644937276,0.9990202872983871,256,3
full_context,confirmation,94,0.9982130984042553,0.9970633865248227,0.9990449080230497,256,3
full_context,confirmation,95,0.9982319078947369,0.9971628289473685,0.9990542763157895,256,3
full_context,confirmation,96,0.9982503255208334,0.997219509548611,0.9990776909722223,256,3
full_context,confirmation,97,0.9982683634020618,0.9971944802405498,0.9990737757731959,256,3
full_context,confirmation,98,0.9982860331632654,0.997249681122449,0.9990832270408162,256,3
full_context,confirmation,99,0.9983033459595959,0.9972245238846801,0.9990796638257576,256,3
full_context,confirmation,100,0.9983203125000001,0.9972526041666666,0.9991279296875,256,3
full_context,confirmation,101,0.9983369430693071,0.9973700495049505,0.9991491336633663,256,3
full_context,confirmation,102,0.9983532475490197,0.9973958333333334,0.9991191789215687,256,3
full_context,confirmation,103,0.9983692354368933,0.9974334420509708,0.9991656553398057,256,3
full_gru,confirmation,1,1.0,1.0,1.0,256,3
full_gru,confirmation,2,1.0,1.0,1.0,256,3
full_gru,confirmation,3,1.0,1.0,1.0,256,3
full_gru,confirmation,4,1.0,1.0,1.0,256,3
full_gru,confirmation,5,0.9994791666666667,0.9979166666666667,1.0,256,3
full_gru,confirmation,6,0.9976128472222223,0.9926215277777777,1.0,256,3
full_gru,confirmation,7,0.9949776785714285,0.9867885044642857,1.0,256,3
full_gru,confirmation,8,0.9918619791666666,0.9794921875,1.0,256,3
full_gru,confirmation,9,0.9875578703703703,0.9701931423611111,1.0,256,3
full_gru,confirmation,10,0.9815104166666666,0.9558593750000002,1.0,256,3
full_gru,confirmation,11,0.9751420454545455,0.9481534090909092,1.0,256,3
full_gru,confirmation,12,0.9700520833333334,0.9368489583333334,1.0,256,3
full_gru,confirmation,13,0.9629407051282052,0.9288837139423078,1.0,256,3
full_gru,confirmation,14,0.9562872023809524,0.9140555245535714,1.0,256,3
full_gru,confirmation,15,0.9496527777777778,0.9020833333333336,1.0,256,3
full_gru,confirmation,16,0.9441731770833334,0.8945190429687501,1.0,256,3
full_gru,confirmation,17,0.9394148284313726,0.885104549632353,1.0,256,3
full_gru,confirmation,18,0.9351851851851852,0.8821560329861111,1.0,256,3
full_gru,confirmation,19,0.9302357456140351,0.8749948601973684,1.0,256,3
full_gru,confirmation,20,0.9275390625000001,0.8677685546874999,1.0,256,3
full_gru,confirmation,21,0.9252232142857143,0.8699730282738094,1.0,256,3
full_gru,confirmation,22,0.9221117424242425,0.866650390625,1.0,256,3
full_gru,confirmation,23,0.9206861413043478,0.8667897984601448,1.0,256,3
full_gru,confirmation,24,0.918728298611111,0.8644694010416667,1.0,256,3
full_gru,confirmation,25,0.91703125,0.8635924479166667,1.0,256,3
full_gru,confirmation,26,0.9154146634615384,0.8629807692307693,1.0,256,3
full_gru,confirmation,27,0.9148823302469135,0.8635669849537037,1.0,256,3
full_gru,confirmation,28,0.9147600446428571,0.8631382533482143,1.0,256,3
full_gru,confirmation,29,0.9143318965517242,0.8641781160201149,1.0,256,3
full_gru,confirmation,30,0.914279513888889,0.8627571614583335,1.0,256,3
full_gru,confirmation,31,0.9146085349462365,0.8630712365591396,1.0,256,3
full_gru,confirmation,32,0.9152018229166666,0.8637278238932292,1.0,256,3
full_gru,confirmation,33,0.9153645833333334,0.8611505681818182,1.0,256,3
full_gru,confirmation,34,0.9157092524509803,0.862591911764706,1.0,256,3
full_gru,confirmation,35,0.9163690476190478,0.8613839285714286,1.0,256,3
full_gru,confirmation,36,0.9169198495370369,0.861423068576389,1.0,256,3
full_gru,confirmation,37,0.917088963963964,0.8610615498310811,1.0,256,3
full_gru,confirmation,38,0.917283442982456,0.861109683388158,1.0,256,3
full_gru,confirmation,39,0.9179353632478633,0.858270733173077,1.0,256,3
full_gru,confirmation,40,0.9181640624999999,0.856826171875,1.0,256,3
full_gru,confirmation,41,0.9184133638211381,0.853275057164634,1.0,256,3
full_gru,confirmation,42,0.9187437996031745,0.8524855840773811,1.0,256,3
full_gru,confirmation,43,0.9193313953488372,0.8528252180232556,1.0,256,3
full_gru,confirmation,44,0.9198330965909092,0.8534224076704546,1.0,256,3
full_gru,confirmation,45,0.9203125000000002,0.8545030381944445,1.0,256,3
full_gru,confirmation,46,0.9208559782608695,0.8507961107336954,1.0,256,3
full_gru,confirmation,47,0.9215979609929077,0.8528070977393617,1.0,256,3
full_gru,confirmation,48,0.92236328125,0.8519612630208333,1.0,256,3
full_gru,confirmation,49,0.9230442176870749,0.857748724489796,1.0,256,3
full_gru,confirmation,50,0.9238020833333334,0.854130859375,1.0,256,3
full_gru,confirmation,51,0.9247089460784315,0.8549325980392158,1.0,256,3
full_gru,confirmation,52,0.925555889423077,0.8564434344951923,1.0,256,3
full_gru,confirmation,53,0.9262726022012577,0.8563531839622641,1.0,256,3
full_gru,confirmation,54,0.9273244598765432,0.8605305989583334,1.0,256,3
full_gru,confirmation,55,0.9282670454545454,0.8606534090909091,1.0,256,3
full_gru,confirmation,56,0.9292922247023809,0.86397705078125,1.0,256,3
full_gru,confirmation,57,0.9303499634502924,0.8647152549342105,1.0,256,3
full_gru,confirmation,58,0.9313263290229884,0.8675915948275863,1.0,256,3
full_gru,confirmation,59,0.9321151129943503,0.8697679422669492,1.0,256,3
full_gru,confirmation,60,0.9327690972222222,0.8703759765624999,1.0,256,3
full_gru,confirmation,61,0.9336150956284154,0.8724961577868854,1.0,256,3
full_gru,confirmation,62,0.9343497983870966,0.8742439516129031,1.0,256,3
full_gru,confirmation,63,0.9350818452380953,0.8753069196428571,1.0,256,3
full_gru,confirmation,64,0.935546875,0.8789016723632812,1.0,256,3
full_gru,confirmation,65,0.9361177884615386,0.8799819711538464,1.0,256,3
full_gru,confirmation,66,0.9367108585858586,0.8823345762310606,1.0,256,3
full_gru,confirmation,67,0.937189054726368,0.8850789995335822,1.0,256,3
full_gru,confirmation,68,0.9376148897058822,0.8841897403492647,1.0,256,3
full_gru,confirmation,69,0.9379717693236715,0.8866055253623188,1.0,256,3
full_gru,confirmation,70,0.9381882440476191,0.8882254464285717,1.0,256,3
full_gru,confirmation,71,0.9381235328638496,0.8896883252640845,1.0,256,3
full_gru,confirmation,72,0.9381872106481483,0.8912760416666666,1.0,256,3
full_gru,confirmation,73,0.9381599600456623,0.8932456656678082,1.0,256,3
full_gru,confirmation,74,0.9380982545045046,0.893895164695946,1.0,256,3
full_gru,confirmation,75,0.9382291666666668,0.8947903645833334,1.0,256,3
full_gru,confirmation,76,0.9382195723684211,0.8974082545230263,1.0,256,3
full_gru,confirmation,77,0.9382102272727272,0.8990462662337663,1.0,256,3
full_gru,confirmation,78,0.9381009615384617,0.8996882512019232,1.0,256,3
full_gru,confirmation,79,0.9380109440928269,0.9010878164556961,1.0,256,3
full_gru,confirmation,80,0.9379557291666667,0.9009423828124999,1.0,256,3
full_gru,confirmation,81,0.9380947788065844,0.9026331018518517,1.0,256,3
full_gru,confirmation,82,0.9383574695121952,0.9037883479420733,1.0,256,3
full_gru,confirmation,83,0.9384883283132529,0.9044612041917671,1.0,256,3
full_gru,confirmation,84,0.9388175843253967,0.9051955450148809,1.0,256,3
full_gru,confirmation,85,0.939185049019608,0.9057904411764707,0.9999080882352942,256,3
full_gru,confirmation,86,0.9395742490310078,0.9068859011627909,0.9999091569767442,256,3
full_gru,confirmation,87,0.9400293342911876,0.9075490900383142,0.9998653017241379,256,3
full_gru,confirmation,88,0.9404740767045454,0.9083806818181818,0.9997780539772728,256,3
full_gru,confirmation,89,0.9409966058052435,0.908926951661985,0.9996488764044944,256,3
full_gru,confirmation,90,0.9415364583333335,0.9097363281250003,0.9994791666666667,256,3
full_gru,confirmation,91,0.9420072115384617,0.9109997424450551,0.9993561126373627,256,3
full_gru,confirmation,92,0.9424677309782609,0.9117541326992754,0.9989809782608695,256,3
full_gru,confirmation,93,0.9428763440860215,0.9122700352822579,0.9988659274193549,256,3
full_gru,confirmation,94,0.9431654476950356,0.9131468860815604,0.9982141373005319,256,3
full_gru,confirmation,95,0.9431332236842106,0.9132401315789473,0.9972872121710527,256,3
full_gru,confirmation,96,0.9428846571180555,0.9130855984157986,0.9960540771484375,256,3
full_gru,confirmation,97,0.9427217568728524,0.912732562822165,0.9951282619201032,256,3
full_gru,confirmation,98,0.9420572916666666,0.9122279575892858,0.9927475286989794,256,3
full_gru,confirmation,99,0.9410116792929294,0.911243949915825,0.9906901041666667,256,3
full_gru,confirmation,100,0.9393098958333334,0.9091357421875,0.9874619140625002,256,3
full_gru,confirmation,101,0.9373324051155115,0.9074073715965348,0.9832147277227724,256,3
full_gru,confirmation,102,0.9340277777777778,0.901385378370098,0.9777889476102942,256,3
full_gru,confirmation,103,0.9301425970873787,0.8964995449029126,0.971216057342233,256,3
memo,confirmation,1,1.0,1.0,1.0,256,3
memo,confirmation,2,1.0,1.0,1.0,256,3
memo,confirmation,3,1.0,1.0,1.0,256,3
memo,confirmation,4,1.0,1.0,1.0,256,3
memo,confirmation,5,1.0,1.0,1.0,256,3
memo,confirmation,6,1.0,1.0,1.0,256,3
memo,confirmation,7,1.0,1.0,1.0,256,3
memo,confirmation,8,1.0,1.0,1.0,256,3
memo,confirmation,9,1.0,1.0,1.0,256,3
memo,confirmation,10,1.0,1.0,1.0,256,3
memo,confirmation,11,1.0,1.0,1.0,256,3
memo,confirmation,12,1.0,1.0,1.0,256,3
memo,confirmation,13,0.9998998397435898,0.9995993589743589,1.0,256,3
memo,confirmation,14,0.9998139880952381,0.9988839285714285,1.0,256,3
memo,confirmation,15,0.9996527777777778,0.9987847222222223,1.0,256,3
memo,confirmation,16,0.9995930989583334,0.9986165364583334,1.0,256,3
memo,confirmation,17,0.9996170343137255,0.9986213235294118,1.0,256,3
memo,confirmation,18,0.9996383101851851,0.9986979166666666,1.0,256,3
memo,confirmation,19,0.9992461622807017,0.9976699561403507,1.0,256,3
memo,confirmation,20,0.9990885416666666,0.9972656249999999,1.0,256,3
memo,confirmation,21,0.9988839285714285,0.9967757936507936,1.0,256,3
memo,confirmation,22,0.9986979166666666,0.9962713068181818,1.0,256,3
memo,confirmation,23,0.9984714673913043,0.9955842391304347,1.0,256,3
memo,confirmation,24,0.9983723958333334,0.9954956054687502,1.0,256,3
memo,confirmation,25,0.9982291666666668,0.9952591145833333,1.0,256,3
memo,confirmation,26,0.998096955128205,0.9951923076923078,0.9999499198717948,256,3
memo,confirmation,27,0.9978780864197532,0.9947916666666666,0.9998553240740741,256,3
memo,confirmation,28,0.9976283482142857,0.9945591517857144,0.9998604910714285,256,3
memo,confirmation,29,0.9973060344827586,0.9942966505028734,0.9998653017241379,256,3
memo,confirmation,30,0.9965711805555554,0.9930989583333334,0.9998697916666668,256,3
memo,confirmation,31,0.9956737231182796,0.9916824176747311,0.9997511340725805,256,3
memo,confirmation,32,0.9945475260416666,0.9897450764973958,0.999755859375,256,3
memo,confirmation,33,0.993884154040404,0.9892282196969697,0.9994081439393939,256,3
memo,confirmation,34,0.9932215073529411,0.9874770220588237,0.9991957720588234,256,3
memo,confirmation,35,0.9925967261904763,0.9867187500000001,0.9991071428571429,256,3
memo,confirmation,36,0.9921875,0.985640914351852,0.9990234375,256,3
memo,confirmation,37,0.9916244369369368,0.9846556517454955,0.9983108108108109,256,3
memo,confirmation,38,0.9913308662280702,0.9833470394736842,0.9983552631578947,256,3
memo,confirmation,39,0.9912860576923078,0.9839067508012821,0.9983974358974358,256,3
memo,confirmation,40,0.99130859375,0.9842765299479167,0.99834228515625,256,3
memo,confirmation,41,0.9912665142276423,0.9839605564024391,0.9983803353658537,256,3
memo,confirmation,42,0.9913814484126985,0.9840029761904763,0.9984188988095238,256,3
memo,confirmation,43,0.9914001937984495,0.9838291848352712,0.9981831395348836,256,3
memo,confirmation,44,0.9915364583333334,0.9846701882102273,0.9983132102272726,256,3
memo,confirmation,45,0.9916956018518519,0.9845486111111112,0.998263888888889,256,3
memo,confirmation,46,0.9917629076086957,0.9847146739130436,0.9982167119565218,256,3
memo,confirmation,47,0.9917442375886525,0.985010111923759,0.9981715425531915,256,3
memo,confirmation,48,0.9918348524305555,0.9852701822916666,0.9982096354166666,256,3
memo,confirmation,49,0.9918686224489797,0.9852253401360546,0.9978475765306123,256,3
memo,confirmation,50,0.9919791666666667,0.985703125,0.9979687500000001,256,3
memo,confirmation,51,0.9919832516339869,0.9857517616421569,0.9978573069852942,256,3
memo,confirmation,52,0.992012219551282,0.9859525240384616,0.997597405849359,256,3
memo,confirmation,53,0.9919909591194968,0.9858490566037736,0.9976673054245283,256,3
memo,confirmation,54,0.9918016975308642,0.9848090277777777,0.997829861111111,256,3
memo,confirmation,55,0.9918323863636364,0.9853693181818182,0.99765625,256,3
memo,confirmation,56,0.9916062127976191,0.9844447544642856,0.99755859375,256,3
memo,confirmation,57,0.9914565058479532,0.9843521564327485,0.9975346080043859,256,3
memo,confirmation,58,0.9910425646551723,0.9831846039870689,0.9975535425646552,256,3
memo,confirmation,59,0.9907309322033898,0.9824980137711864,0.9974841101694915,256,3
memo,confirmation,60,0.9903862847222222,0.9815722656249999,0.9974609375,256,3
memo,confirmation,61,0.9900956284153005,0.9809170081967213,0.9975057633196722,256,3
memo,confirmation,62,0.9896883400537635,0.9789566532258066,0.9974184097782258,256,3
memo,confirmation,63,0.9892526455026456,0.9793511284722222,0.9974578373015873,256,3
memo,confirmation,64,0.9885457356770834,0.9763778686523438,0.9971923828125,256,3
memo,confirmation,65,0.9882612179487181,0.9762605168269232,0.9969951923076922,256,3
memo,confirmation,66,0.9880050505050505,0.9754956794507577,0.996685606060606,256,3
memo,confirmation,67,0.9877953980099502,0.9750466417910447,0.9963075248756219,256,3
memo,confirmation,68,0.9876876531862745,0.9751263786764706,0.9961511948529411,256,3
memo,confirmation,69,0.9876585144927535,0.9751415307971014,0.99609375,256,3
memo,confirmation,70,0.9875744047619048,0.9751088169642859,0.99609375,256,3
memo,confirmation,71,0.9875293427230046,0.974856954225352,0.9958191204518779,256,3
memo,confirmation,72,0.9874493634259259,0.9759616427951388,0.9955512152777777,256,3
memo,confirmation,73,0.9873894121004567,0.975597977311644,0.9954699093892695,256,3
memo,confirmation,74,0.9873134853603603,0.9750844594594595,0.995143581081081,256,3
memo,confirmation,75,0.9872395833333334,0.9752578125,0.995017361111111,256,3
memo,confirmation,76,0.9871333607456139,0.9756835937499998,0.9947060032894736,256,3
memo,confirmation,77,0.987012987012987,0.9754464285714285,0.9944027326839827,256,3
memo,confirmation,78,0.986812232905983,0.9756088908920941,0.994140625,256,3
memo,confirmation,79,0.986600079113924,0.9750778777689874,0.9940170094936708,256,3
memo,confirmation,80,0.9863606770833334,0.9753894042968748,0.9939131673177084,256,3
memo,confirmation,81,0.9860468106995883,0.9756438078703704,0.993506060313786,256,3
memo,confirmation,82,0.9856929623983741,0.9751798304115854,0.993187881097561,256,3
memo,confirmation,83,0.9852692018072289,0.975793015813253,0.9934582078313253,256,3
memo,confirmation,84,0.9847470238095237,0.9754917689732142,0.9929807632688492,256,3
memo,confirmation,85,0.9842064950980393,0.9749080882352942,0.9927849264705882,256,3
memo,confirmation,86,0.9836028343023256,0.9748330759447674,0.9930505087209301,256,3
memo,confirmation,87,0.9828484195402298,0.9745117187500001,0.9927274155890806,256,3
memo,confirmation,88,0.9820963541666666,0.9740323153409092,0.9930752840909091,256,3
memo,confirmation,89,0.981244147940075,0.9730951544943821,0.9929347349016853,256,3
memo,confirmation,90,0.9803819444444445,0.9723079427083334,0.9929698350694445,256,3
memo,confirmation,91,0.9795386904761904,0.9707671560210622,0.9927455357142856,256,3
memo,confirmation,92,0.9783740942028984,0.9684096184329709,0.9927394701086957,256,3
memo,confirmation,93,0.9770945340501793,0.9655577956989246,0.9924825688844087,256,3
memo,confirmation,94,0.9759668661347517,0.9632206477171987,0.9919402426861703,256,3
memo,confirmation,95,0.9746436403508772,0.9612232730263157,0.9907082648026314,256,3
memo,confirmation,96,0.9732530381944443,0.9598347981770834,0.9894215901692708,256,3
memo,confirmation,97,0.9718105670103094,0.957715850515464,0.9886446923324742,256,3
memo,confirmation,98,0.9702115221088435,0.956591796875,0.9858916613520408,256,3
memo,confirmation,99,0.968381734006734,0.955688723169192,0.9846521859217172,256,3
memo,confirmation,100,0.9661197916666667,0.9557418619791667,0.9813291015625,256,3
memo,confirmation,101,0.963825288778878,0.9544525448638614,0.9774530089727723,256,3
memo,confirmation,102,0.9602609272875817,0.9518229166666666,0.9718941482843139,256,3
memo,confirmation,103,0.9561210558252426,0.9462966474514564,0.9655282918689321,256,3
memo_fixed,confirmation,1,1.0,1.0,1.0,256,3
memo_fixed,confirmation,2,1.0,1.0,1.0,256,3
memo_fixed,confirmation,3,1.0,1.0,1.0,256,3
memo_fixed,confirmation,4,1.0,1.0,1.0,256,3
memo_fixed,confirmation,5,1.0,1.0,1.0,256,3
memo_fixed,confirmation,6,1.0,1.0,1.0,256,3
memo_fixed,confirmation,7,1.0,1.0,1.0,256,3
memo_fixed,confirmation,8,1.0,1.0,1.0,256,3
memo_fixed,confirmation,9,1.0,1.0,1.0,256,3
memo_fixed,confirmation,10,1.0,1.0,1.0,256,3
memo_fixed,confirmation,11,0.9998816287878788,0.9992897727272728,1.0,256,3
memo_fixed,confirmation,12,0.999782986111111,0.9991319444444443,1.0,256,3
memo_fixed,confirmation,13,0.9993990384615384,0.9979967948717948,1.0,256,3
memo_fixed,confirmation,14,0.9989769345238096,0.9968377976190478,1.0,256,3
memo_fixed,confirmation,15,0.9986111111111112,0.9960026041666667,1.0,256,3
memo_fixed,confirmation,16,0.9974772135416666,0.9930013020833334,1.0,256,3
memo_fixed,confirmation,17,0.9963235294117646,0.9898897058823529,1.0,256,3
memo_fixed,confirmation,18,0.9945023148148149,0.9839409722222223,1.0,256,3
memo_fixed,confirmation,19,0.9930098684210527,0.98046875,1.0,256,3
memo_fixed,confirmation,20,0.9915364583333334,0.9771484374999999,1.0,256,3
memo_fixed,confirmation,21,0.9893353174603176,0.9693080357142859,1.0,256,3
memo_fixed,confirmation,22,0.9877485795454545,0.9651899857954546,1.0,256,3
memo_fixed,confirmation,23,0.9868093297101449,0.9614427649456523,1.0,256,3
memo_fixed,confirmation,24,0.9851888020833334,0.9605875651041667,1.0,256,3
memo_fixed,confirmation,25,0.9834895833333334,0.95343359375,0.9998437500000001,256,3
memo_fixed,confirmation,26,0.9821213942307692,0.9483060396634617,0.9998497596153846,256,3
memo_fixed,confirmation,27,0.98022762345679,0.9442997685185185,0.9995659722222223,256,3
memo_fixed,confirmation,28,0.9780505952380952,0.9394496372767858,0.9991629464285715,256,3
memo_fixed,confirmation,29,0.9763380028735632,0.9338597790948276,0.9987877155172414,256,3
memo_fixed,confirmation,30,0.9737847222222223,0.9289062500000002,0.99765625,256,3
memo_fixed,confirmation,31,0.971648185483871,0.9262695312499999,0.9964717741935485,256,3
memo_fixed,confirmation,32,0.9689534505208334,0.922967529296875,0.9949951171875,256,3
memo_fixed,confirmation,33,0.9675662878787877,0.9189157196969697,0.9944375394570708,256,3
memo_fixed,confirmation,34,0.96695006127451,0.9163602941176472,0.9944479549632353,256,3
memo_fixed,confirmation,35,0.9662202380952382,0.91361328125,0.994642857142857,256,3
memo_fixed,confirmation,36,0.965603298611111,0.9138373480902777,0.9943938078703703,256,3
memo_fixed,confirmation,37,0.9653716216216216,0.9123680320945946,0.994580518018018,256,3
memo_fixed,confirmation,38,0.9653577302631579,0.9109786184210525,0.9945518092105262,256,3
memo_fixed,confirmation,39,0.9654113247863249,0.911355669070513,0.994624732905983,256,3
memo_fixed,confirmation,40,0.9655273437500002,0.9123046874999999,0.9944677734375,256,3
memo_fixed,confirmation,41,0.9657012195121952,0.9123475609756099,0.9945693597560976,256,3
memo_fixed,confirmation,42,0.9660528273809526,0.9124790736607143,0.9946064298115079,256,3
memo_fixed,confirmation,43,0.9662063953488372,0.9140579578488373,0.994640261627907,256,3
memo_fixed,confirmation,44,0.9664417613636364,0.9152121803977272,0.9947620738636364,256,3
memo_fixed,confirmation,45,0.9669560185185185,0.9158854166666668,0.9949660011574075,256,3
memo_fixed,confirmation,46,0.9673063858695651,0.9184761379076085,0.9946501358695653,256,3
memo_fixed,confirmation,47,0.9678911790780141,0.9183011968085107,0.9946254432624114,256,3
memo_fixed,confirmation,48,0.968288845486111,0.9209757486979168,0.994683837890625,256,3
memo_fixed,confirmation,49,0.9684311224489797,0.9206792091836734,0.9945000265731293,256,3
memo_fixed,confirmation,50,0.9688020833333333,0.9215625,0.9942194010416667,256,3
memo_fixed,confirmation,51,0.969107434640523,0.9241689644607843,0.9941278594771242,256,3
memo_fixed,confirmation,52,0.9694761618589743,0.9246525691105769,0.9939903846153846,256,3
memo_fixed,confirmation,53,0.9697081367924528,0.9253371904481131,0.993810190644654,256,3
memo_fixed,confirmation,54,0.9699315200617283,0.9263581452546298,0.9935619212962963,256,3
memo_fixed,confirmation,55,0.9701231060606061,0.9285511363636364,0.9933948863636365,256,3
memo_fixed,confirmation,56,0.9702613467261904,0.9279436383928571,0.9934895833333334,256,3
memo_fixed,confirmation,57,0.9701891447368421,0.9278337445175439,0.9930098684210527,256,3
memo_fixed,confirmation,58,0.9701194324712644,0.929754849137931,0.992816091954023,256,3
memo_fixed,confirmation,59,0.9701403601694915,0.9298844676906779,0.9927397819562147,256,3
memo_fixed,confirmation,60,0.9698350694444443,0.9287109375,0.9922526041666666,256,3
memo_fixed,confirmation,61,0.9690701844262296,0.9298764088114754,0.9914195910177597,256,3
memo_fixed,confirmation,62,0.9684139784946236,0.9288668724798387,0.9908224126344085,256,3
memo_fixed,confirmation,63,0.9676545965608466,0.9288798983134922,0.9900586970899471,256,3
memo_fixed,confirmation,64,0.96673583984375,0.9276123046875,0.98919677734375,256,3
memo_fixed,confirmation,65,0.9664663461538462,0.9288401442307694,0.9884615384615385,256,3
memo_fixed,confirmation,66,0.9661458333333334,0.9277328953598485,0.9878669507575757,256,3
memo_fixed,confirmation,67,0.9661069651741293,0.9308958138992537,0.9873484141791044,256,3
memo_fixed,confirmation,68,0.9660309436274509,0.9300278607536765,0.9870763442095587,256,3
memo_fixed,confirmation,69,0.9661269625603865,0.9311580049818841,0.9866961050724639,256,3
memo_fixed,confirmation,70,0.9664434523809525,0.9318066406249998,0.9866629464285716,256,3
memo_fixed,confirmation,71,0.9662925469483569,0.9324878961267606,0.9863556338028169,256,3
memo_fixed,confirmation,72,0.9662000868055557,0.9340277777777778,0.9864908854166666,256,3
memo_fixed,confirmation,73,0.9660031392694064,0.9345542594178083,0.9857676048801371,256,3
memo_fixed,confirmation,74,0.965600365990991,0.9351192989864864,0.9853251689189189,256,3
memo_fixed,confirmation,75,0.9653993055555555,0.9358854166666667,0.9855208333333333,256,3
memo_fixed,confirmation,76,0.9650836074561403,0.9361122532894736,0.9847861842105262,256,3
memo_fixed,confirmation,77,0.9648606601731601,0.9369406960227271,0.9848835734577922,256,3
memo_fixed,confirmation,78,0.9643429487179489,0.9375463241185898,0.9839242788461539,256,3
memo_fixed,confirmation,79,0.9638218618143458,0.9382861946202531,0.9842761075949366,256,3
memo_fixed,confirmation,80,0.963037109375,0.9391589355468751,0.9826208496093751,256,3
memo_fixed,confirmation,81,0.9624485596707819,0.9399594907407408,0.9816273630401234,256,3
memo_fixed,confirmation,82,0.9615409044715447,0.9408715224847563,0.9811380525914634,256,3
memo_fixed,confirmation,83,0.9607178714859437,0.9405108716114458,0.9790603821536144,256,3
memo_fixed,confirmation,84,0.9598524305555557,0.9426583426339287,0.9778192429315475,256,3
memo_fixed,confirmation,85,0.9590686274509804,0.9426011029411766,0.9756077665441177,256,3
memo_fixed,confirmation,86,0.9580910852713179,0.9425417877906979,0.9751544331395349,256,3
memo_fixed,confirmation,87,0.9568965517241379,0.9434716235632185,0.9725237966954023,256,3
memo_fixed,confirmation,88,0.9558327414772728,0.9430442116477272,0.9695490056818182,256,3
memo_fixed,confirmation,89,0.9548367275280899,0.9438194932116105,0.9688388781601124,256,3
memo_fixed,confirmation,90,0.9537760416666666,0.9441254340277778,0.9659776475694445,256,3
memo_fixed,confirmation,91,0.9525240384615387,0.9440247252747254,0.9640743046016483,256,3
memo_fixed,confirmation,92,0.9512143342391305,0.9434301403985508,0.9614480723505435,256,3
memo_fixed,confirmation,93,0.9497507840501793,0.9429179967517921,0.958641353046595,256,3
memo_fixed,confirmation,94,0.9484568927304965,0.9418612865691489,0.956075465425532,256,3
memo_fixed,confirmation,95,0.9473684210526315,0.940596559758772,0.9540984786184211,256,3
memo_fixed,confirmation,96,0.9464518229166666,0.9396545410156251,0.9531795925564237,256,3
memo_fixed,confirmation,97,0.9456212414089348,0.938587306701031,0.9520917230455328,256,3
memo_fixed,confirmation,98,0.9450866284013606,0.9375259088010204,0.9520491204294219,256,3
memo_fixed,confirmation,99,0.9447732533670034,0.9363804056186869,0.9514546506734006,256,3
memo_fixed,confirmation,100,0.9446354166666667,0.93495703125,0.9519287109374999,256,3
memo_fixed,confirmation,101,0.9445132013201322,0.9345190671410892,0.9525065104166668,256,3
memo_fixed,confirmation,102,0.9443295547385621,0.9330547257965687,0.9528186274509803,256,3
memo_fixed,confirmation,103,0.9439598503236245,0.9313173164441749,0.9532896566545308,256,3
raw_segment,confirmation,1,1.0,1.0,1.0,256,3
raw_segment,confirmation,2,1.0,1.0,1.0,256,3
raw_segment,confirmation,3,1.0,1.0,1.0,256,3
raw_segment,confirmation,4,1.0,1.0,1.0,256,3
raw_segment,confirmation,5,1.0,1.0,1.0,256,3
raw_segment,confirmation,6,1.0,1.0,1.0,256,3
raw_segment,confirmation,7,1.0,1.0,1.0,256,3
raw_segment,confirmation,8,1.0,1.0,1.0,256,3
raw_segment,confirmation,9,1.0,1.0,1.0,256,3
raw_segment,confirmation,10,1.0,1.0,1.0,256,3
raw_segment,confirmation,11,0.9998816287878788,0.9992897727272728,1.0,256,3
raw_segment,confirmation,12,0.9998914930555557,0.9993489583333334,1.0,256,3
raw_segment,confirmation,13,0.9998998397435898,0.9993990384615384,1.0,256,3
raw_segment,confirmation,14,0.9999069940476191,0.9996279761904763,1.0,256,3
raw_segment,confirmation,15,0.9999131944444445,0.9994791666666667,1.0,256,3
raw_segment,confirmation,16,0.9998372395833334,0.99951171875,1.0,256,3
raw_segment,confirmation,17,0.9997702205882352,0.9993872549019608,1.0,256,3
raw_segment,confirmation,18,0.9996383101851852,0.9991319444444443,1.0,256,3
raw_segment,confirmation,19,0.9995888157894738,0.9989720394736841,1.0,256,3
raw_segment,confirmation,20,0.999609375,0.9990234375,1.0,256,3
raw_segment,confirmation,21,0.9995039682539683,0.9988839285714285,0.999937996031746,256,3
raw_segment,confirmation,22,0.9994673295454545,0.9989346590909091,0.9998816287878788,256,3
raw_segment,confirmation,23,0.9994338768115942,0.998811141304348,0.9998867753623188,256,3
raw_segment,confirmation,24,0.9992947048611112,0.9986436631944445,0.9998372395833334,256,3
raw_segment,confirmation,25,0.9992187500000002,0.9984895833333334,0.99984375,256,3
raw_segment,confirmation,26,0.9990985576923076,0.9982972756410257,0.9997495993589743,256,3
raw_segment,confirmation,27,0.9988908179012345,0.9977334104938271,0.99975887345679,256,3
raw_segment,confirmation,28,0.9984654017857143,0.9969773065476191,0.9996279761904763,256,3
raw_segment,confirmation,29,0.9981591235632182,0.9964967223419537,0.9995959051724137,256,3
raw_segment,confirmation,30,0.9971354166666666,0.9949218749999998,0.9991319444444443,256,3
raw_segment,confirmation,31,0.9957997311827956,0.993069556451613,0.9983618951612904,256,3
raw_segment,confirmation,32,0.9931233723958334,0.9903971354166666,0.9957275390625,256,3
raw_segment,confirmation,33,0.9722616792929292,0.9693408696338383,0.9753797743055554,256,3
raw_segment,confirmation,34,0.9524739583333334,0.9488357843137255,0.9559599034926471,256,3
raw_segment,confirmation,35,0.9340401785714286,0.9296875000000001,0.9382077752976191,256,3
raw_segment,confirmation,36,0.9178602430555555,0.9133752893518517,0.9224907769097221,256,3
raw_segment,confirmation,37,0.9024845157657658,0.8969594594594595,0.9079391891891891,256,3
raw_segment,confirmation,38,0.8894942434210525,0.8834292763157894,0.895593475877193,256,3
raw_segment,confirmation,39,0.8772369123931626,0.8711271367521368,0.8837147769764959,256,3
raw_segment,confirmation,40,0.8655273437500001,0.8585587565104167,0.8723640950520833,256,3
raw_segment,confirmation,41,0.8549606199186992,0.846703506097561,0.8629319105691057,256,3
raw_segment,confirmation,42,0.8449900793650794,0.8363397507440476,0.8541984437003968,256,3
raw_segment,confirmation,43,0.8364825581395348,0.8259750484496123,0.8457182655038759,256,3
raw_segment,confirmation,44,0.8283617424242425,0.8172052556818182,0.8391934481534091,256,3
raw_segment,confirmation,45,0.8212384259259259,0.8089409722222222,0.8327293113425926,256,3
raw_segment,confirmation,46,0.8146795742753623,0.8008640455163042,0.8276161967844204,256,3
raw_segment,confirmation,47,0.8087599734042552,0.7931876108156029,0.8226687167553192,256,3
raw_segment,confirmation,48,0.8026801215277778,0.7872701009114583,0.8173570421006945,256,3
raw_segment,confirmation,49,0.7973533163265305,0.7794948448129251,0.8139389349489796,256,3
raw_segment,confirmation,50,0.79359375,0.7754661458333333,0.8111197916666667,256,3
raw_segment,confirmation,51,0.7892922794117648,0.7709099264705882,0.8067057291666667,256,3
raw_segment,confirmation,52,0.7858573717948717,0.7655423677884614,0.8035869891826923,256,3
raw_segment,confirmation,53,0.7826749213836478,0.7622322130503145,0.8016669123427672,256,3
raw_segment,confirmation,54,0.7803096064814815,0.7585346739969137,0.7995515046296297,256,3
raw_segment,confirmation,55,0.7775331439393941,0.7563902698863636,0.7966666666666665,256,3
raw_segment,confirmation,56,0.7757161458333334,0.7548775809151785,0.7947841099330356,256,3
raw_segment,confirmation,57,0.7739629020467836,0.7512289839181288,0.7929007903874269,256,3
raw_segment,confirmation,58,0.7720231681034483,0.7517465876436782,0.7896467537715517,256,3
raw_segment,confirmation,59,0.7701271186440678,0.7505726959745762,0.7879816604872881,256,3
raw_segment,confirmation,60,0.7681423611111112,0.7488899739583333,0.785417209201389,256,3
raw_segment,confirmation,61,0.7661586407103828,0.7479278731215846,0.7823631745218578,256,3
raw_segment,confirmation,62,0.7641969086021506,0.7463441910282259,0.7804314726142472,256,3
raw_segment,confirmation,63,0.761594742063492,0.7457005415013227,0.777677021329365,256,3
raw_segment,confirmation,64,0.7580973307291666,0.7427953084309896,0.7727457682291666,256,3
raw_segment,confirmation,65,0.7494190705128204,0.7343118990384615,0.7639888822115384,256,3
raw_segment,confirmation,66,0.7416548295454546,0.7275469539141415,0.755642361111111,256,3
raw_segment,confirmation,67,0.7340446206467662,0.7200894939365673,0.7474381024564678,256,3
raw_segment,confirmation,68,0.727405024509804,0.7142664292279413,0.7405230353860295,256,3
raw_segment,confirmation,69,0.720920138888889,0.7081625528381642,0.7336027136171498,256,3
raw_segment,confirmation,70,0.7145461309523808,0.7036797805059524,0.7266034226190476,256,3
raw_segment,confirmation,71,0.7092319542253521,0.6975122872652583,0.7206228909917841,256,3
raw_segment,confirmation,72,0.7040292245370369,0.6934127242476853,0.7160748517071759,256,3
raw_segment,confirmation,73,0.7001284246575342,0.6886219320776257,0.7119564248002282,256,3
raw_segment,confirmation,74,0.6956996058558559,0.6843675218186936,0.7077179230011262,256,3
raw_segment,confirmation,75,0.6918055555555555,0.68091796875,0.7039609375000001,256,3
raw_segment,confirmation,76,0.6887849506578947,0.6774593955592106,0.7006064967105264,256,3
raw_segment,confirmation,77,0.6864008387445887,0.675103997564935,0.6983068689123376,256,3
raw_segment,confirmation,78,0.6841613247863249,0.672406266693376,0.6958133012820512,256,3
raw_segment,confirmation,79,0.6823246308016877,0.6705560225474684,0.6944088706487341,256,3
raw_segment,confirmation,80,0.6811035156249999,0.6690409342447917,0.694271240234375,256,3
raw_segment,confirmation,81,0.680250128600823,0.6679205246913581,0.6918406796553497,256,3
raw_segment,confirmation,82,0.6791793699186991,0.6674280678353658,0.6911704458841464,256,3
raw_segment,confirmation,83,0.6785579819277109,0.666226233057229,0.6908889464106427,256,3
raw_segment,confirmation,84,0.678679935515873,0.666942584325397,0.6908331008184523,256,3
raw_segment,confirmation,85,0.6786611519607844,0.6670017616421569,0.6899858302696079,256,3
raw_segment,confirmation,86,0.6789758963178295,0.6673290637112403,0.6905031189437983,256,3
raw_segment,confirmation,87,0.679268438697318,0.6676982309626437,0.6909583782327585,256,3
raw_segment,confirmation,88,0.6799390388257575,0.668826571377841,0.6905806107954544,256,3
raw_segment,confirmation,89,0.6807847612359549,0.669955158590824,0.6913053019662923,256,3
raw_segment,confirmation,90,0.6815827546296296,0.6705436197916667,0.6915082465277778,256,3
raw_segment,confirmation,91,0.6825206043956044,0.6715734460851648,0.6935128348214286,256,3
raw_segment,confirmation,92,0.6831833106884059,0.6725539939990942,0.6945344344429347,256,3
raw_segment,confirmation,93,0.6840837813620073,0.672715053763441,0.6948648213485662,256,3
raw_segment,confirmation,94,0.6851590203900709,0.6729274019281913,0.6970723902925532,256,3
raw_segment,confirmation,95,0.6862801535087719,0.6733124314692983,0.6988935718201754,256,3
raw_segment,confirmation,96,0.687527126736111,0.6726877848307292,0.7001010470920139,256,3
raw_segment,confirmation,97,0.6846273625429552,0.6711497932774915,0.6971669619845362,256,3
raw_segment,confirmation,98,0.6823713860544217,0.6684434125212585,0.6962438881802722,256,3
raw_segment,confirmation,99,0.6808054503367003,0.6662944549663299,0.6940903172348485,256,3
raw_segment,confirmation,100,0.6797005208333333,0.6652080078125,0.6935559895833335,256,3
raw_segment,confirmation,101,0.6792878506600659,0.6642797287541253,0.6941918703589107,256,3
raw_segment,confirmation,102,0.6794832516339869,0.6614966299019608,0.6953782424428104,256,3
raw_segment,confirmation,103,0.6796116504854369,0.6596110816140778,0.6973866681836569,256,3
raw_summary,confirmation,1,1.0,1.0,1.0,256,3
raw_summary,confirmation,2,1.0,1.0,1.0,256,3
raw_summary,confirmation,3,1.0,1.0,1.0,256,3
raw_summary,confirmation,4,1.0,1.0,1.0,256,3
raw_summary,confirmation,5,1.0,1.0,1.0,256,3
raw_summary,confirmation,6,1.0,1.0,1.0,256,3
raw_summary,confirmation,7,1.0,1.0,1.0,256,3
raw_summary,confirmation,8,1.0,1.0,1.0,256,3
raw_summary,confirmation,9,1.0,1.0,1.0,256,3
raw_summary,confirmation,10,1.0,1.0,1.0,256,3
raw_summary,confirmation,11,1.0,1.0,1.0,256,3
raw_summary,confirmation,12,1.0,1.0,1.0,256,3
raw_summary,confirmation,13,1.0,1.0,1.0,256,3
raw_summary,confirmation,14,1.0,1.0,1.0,256,3
raw_summary,confirmation,15,1.0,1.0,1.0,256,3
raw_summary,confirmation,16,1.0,1.0,1.0,256,3
raw_summary,confirmation,17,1.0,1.0,1.0,256,3
raw_summary,confirmation,18,1.0,1.0,1.0,256,3
raw_summary,confirmation,19,1.0,1.0,1.0,256,3
raw_summary,confirmation,20,1.0,1.0,1.0,256,3
raw_summary,confirmation,21,1.0,1.0,1.0,256,3
raw_summary,confirmation,22,1.0,1.0,1.0,256,3
raw_summary,confirmation,23,1.0,1.0,1.0,256,3
raw_summary,confirmation,24,0.9999457465277778,0.9996744791666666,1.0,256,3
raw_summary,confirmation,25,0.9998958333333334,0.9995312500000001,1.0,256,3
raw_summary,confirmation,26,0.9997996794871794,0.9993990384615383,1.0,256,3
raw_summary,confirmation,27,0.9995177469135803,0.9987461419753085,1.0,256,3
raw_summary,confirmation,28,0.9990699404761906,0.9980457124255953,0.9998139880952381,256,3
raw_summary,confirmation,29,0.998742816091954,0.9974407327586207,0.9997306034482758,256,3
raw_summary,confirmation,30,0.9978732638888889,0.995876736111111,0.9994357638888888,256,3
raw_summary,confirmation,31,0.9971438172043011,0.9948746219758063,0.999075940860215,256,3
raw_summary,confirmation,32,0.9960530598958334,0.9931640625,0.9983723958333334,256,3
raw_summary,confirmation,33,0.9951073232323232,0.9921875,0.9975142045454545,256,3
raw_summary,confirmation,34,0.9947150735294118,0.9916513480392157,0.9971277573529411,256,3
raw_summary,confirmation,35,0.9947544642857142,0.9916285342261905,0.9970982142857143,256,3
raw_summary,confirmation,36,0.9944299768518517,0.9912109375,0.9968894675925926,256,3
raw_summary,confirmation,37,0.9942286036036035,0.9910956855292792,0.9966920045045046,256,3
raw_summary,confirmation,38,0.9940720942982456,0.9909873560855263,0.9965400561951755,256,3
raw_summary,confirmation,39,0.9939569978632479,0.9906517094017095,0.996428452190171,256,3
raw_summary,confirmation,40,0.9940104166666665,0.9910473632812501,0.9964851888020833,256,3
raw_summary,confirmation,41,0.9939341971544714,0.9907901422764228,0.996507399644309,256,3
raw_summary,confirmation,42,0.9939236111111112,0.9908234126984127,0.9964665488591269,256,3
raw_summary,confirmation,43,0.9938529554263567,0.9907930595930232,0.9963965600775193,256,3
raw_summary,confirmation,44,0.9937559185606061,0.9903231534090908,0.9964784564393939,256,3
raw_summary,confirmation,45,0.9938657407407407,0.9908854166666669,0.9964127604166668,256,3
raw_summary,confirmation,46,0.9938858695652174,0.9910835597826088,0.9964051177536231,256,3
raw_summary,confirmation,47,0.9939051418439716,0.9909408244680852,0.9965093085106383,256,3
raw_summary,confirmation,48,0.993896484375,0.9909939236111112,0.9964470757378471,256,3
raw_summary,confirmation,49,0.9939413265306123,0.9909651360544217,0.9962531887755102,256,3
raw_summary,confirmation,50,0.9939843750000001,0.9910930989583334,0.9964329427083334,256,3
raw_summary,confirmation,51,0.9939746732026143,0.9908586090686275,0.9964001225490197,256,3
raw_summary,confirmation,52,0.9939403044871794,0.991060071113782,0.9963447766426282,256,3
raw_summary,confirmation,53,0.9939563679245284,0.9909345518867925,0.9963891755110064,256,3
raw_summary,confirmation,54,0.9940200617283951,0.9912465036651233,0.9964072145061728,256,3
raw_summary,confirmation,55,0.9939630681818183,0.9910505445075758,0.9964488636363636,256,3
raw_summary,confirmation,56,0.9938616071428571,0.9909313383556547,0.9962797619047619,256,3
raw_summary,confirmation,57,0.9937180190058479,0.9906112938596491,0.9962536549707601,256,3
raw_summary,confirmation,58,0.9935569324712644,0.9904583108836207,0.9960488505747126,256,3
raw_summary,confirmation,59,0.9934233757062149,0.9904214115466102,0.995895127118644,256,3
raw_summary,confirmation,60,0.9932291666666666,0.9903206380208333,0.9958116319444444,256,3
raw_summary,confirmation,61,0.9926357581967213,0.9897108734631147,0.9954320355191258,256,3
raw_summary,confirmation,62,0.992166498655914,0.9888477612567205,0.9950652091733871,256,3
raw_summary,confirmation,63,0.9914847883597884,0.9880332341269842,0.9947089947089948,256,3
raw_summary,confirmation,64,0.990966796875,0.98748779296875,0.9942835489908854,256,3
raw_summary,confirmation,65,0.9905048076923078,0.9869991987179487,0.9938306290064103,256,3
raw_summary,confirmation,66,0.9900962752525252,0.9866832386363636,0.9932533341224746,256,3
raw_summary,confirmation,67,0.9898942786069652,0.9864923429726369,0.9930425995024875,256,3
raw_summary,confirmation,68,0.9896407781862745,0.9863850911458333,0.9927810968137254,256,3
raw_summary,confirmation,69,0.9895644625603864,0.9864880548007247,0.9926219995471014,256,3
raw_summary,confirmation,70,0.9895647321428571,0.9863839285714286,0.9923558407738097,256,3
raw_summary,confirmation,71,0.9894916373239436,0.9862455985915494,0.9925176056338026,256,3
raw_summary,confirmation,72,0.9894929108796297,0.9865446867766203,0.9925130208333334,256,3
raw_summary,confirmation,73,0.9895298230593608,0.986443618007991,0.992455051369863,256,3
raw_summary,confirmation,74,0.989477759009009,0.9865212380349101,0.9923282657657656,256,3
raw_summary,confirmation,75,0.9895312500000001,0.9864231770833333,0.9922395833333333,256,3
raw_summary,confirmation,76,0.9893948739035089,0.9863611054002193,0.9923249897203948,256,3
raw_summary,confirmation,77,0.9893973214285715,0.9863196699134198,0.9922720508658007,256,3
raw_summary,confirmation,78,0.9893162393162394,0.9862776275373931,0.9921207264957266,256,3
raw_summary,confirmation,79,0.9892866561181434,0.9863520239978902,0.9921879120516878,256,3
raw_summary,confirmation,80,0.9892252604166667,0.9860668945312502,0.9920084635416666,256,3
raw_summary,confirmation,81,0.9891814557613169,0.9861103073559672,0.9918338477366255,256,3
raw_summary,confirmation,82,0.989091082317073,0.9861054211128047,0.9917274040904472,256,3
raw_summary,confirmation,83,0.9890342620481927,0.9859747584086345,0.9917482429718874,256,3
raw_summary,confirmation,84,0.9890718005952381,0.9861417255704366,0.9917534722222222,256,3
raw_summary,confirmation,85,0.989108455882353,0.9860749846813724,0.9916819852941177,256,3
raw_summary,confirmation,86,0.9891291182170542,0.9862070009689923,0.9919002089389535,256,3
raw_summary,confirmation,87,0.9891044061302682,0.9862158764367815,0.9917834051724137,256,3
raw_summary,confirmation,88,0.9890654592803031,0.9860321969696969,0.9915960138494319,256,3
raw_summary,confirmation,89,0.9890420177902621,0.9860717316245318,0.991748595505618,256,3
raw_summary,confirmation,90,0.9890046296296297,0.9861971932870371,0.991652560763889,256,3
raw_summary,confirmation,91,0.9889680631868133,0.9859203296703297,0.9916452037545787,256,3
raw_summary,confirmation,92,0.9889464447463768,0.9858469202898551,0.9917632614356885,256,3
raw_summary,confirmation,93,0.988925291218638,0.9856770833333334,0.9916138132840502,256,3
raw_summary,confirmation,94,0.9888768838652483,0.9857878989361705,0.99161991633422,256,3
raw_summary,confirmation,95,0.9888569078947368,0.9855667489035088,0.9917907072368422,256,3
raw_summary,confirmation,96,0.9888509114583334,0.9856496175130208,0.9916588677300348,256,3
raw_summary,confirmation,97,0.9888047680412372,0.9856767477448454,0.9917180117053265,256,3
raw_summary,confirmation,98,0.9888392857142857,0.985451211734694,0.9916563695790818,256,3
raw_summary,confirmation,99,0.9888994107744108,0.9856760969065657,0.9917534722222223,256,3
raw_summary,confirmation,100,0.98890625,0.98578125,0.9918359375,256,3
raw_summary,confirmation,101,0.9890031971947195,0.9857931105610561,0.9918652021452145,256,3
raw_summary,confirmation,102,0.9890088848039215,0.9860086677900327,0.9918814465890522,256,3
raw_summary,confirmation,103,0.9890776699029127,0.9860936235841424,0.9918714603559872,256,3
raw_summary_residual,confirmation,1,1.0,1.0,1.0,256,3
raw_summary_residual,confirmation,2,1.0,1.0,1.0,256,3
raw_summary_residual,confirmation,3,1.0,1.0,1.0,256,3
raw_summary_residual,confirmation,4,1.0,1.0,1.0,256,3
raw_summary_residual,confirmation,5,1.0,1.0,1.0,256,3
raw_summary_residual,confirmation,6,1.0,1.0,1.0,256,3
raw_summary_residual,confirmation,7,1.0,1.0,1.0,256,3
raw_summary_residual,confirmation,8,1.0,1.0,1.0,256,3
raw_summary_residual,confirmation,9,1.0,1.0,1.0,256,3
raw_summary_residual,confirmation,10,1.0,1.0,1.0,256,3
raw_summary_residual,confirmation,11,1.0,1.0,1.0,256,3
raw_summary_residual,confirmation,12,1.0,1.0,1.0,256,3
raw_summary_residual,confirmation,13,1.0,1.0,1.0,256,3
raw_summary_residual,confirmation,14,1.0,1.0,1.0,256,3
raw_summary_residual,confirmation,15,1.0,1.0,1.0,256,3
raw_summary_residual,confirmation,16,1.0,1.0,1.0,256,3
raw_summary_residual,confirmation,17,0.9999234068627452,0.9996170343137255,1.0,256,3
raw_summary_residual,confirmation,18,0.9998553240740741,0.9991319444444445,1.0,256,3
raw_summary_residual,confirmation,19,0.9997944078947368,0.9991776315789473,1.0,256,3
raw_summary_residual,confirmation,20,0.9997395833333332,0.9984375,1.0,256,3
raw_summary_residual,confirmation,21,0.9996899801587302,0.9985119047619048,1.0,256,3
raw_summary_residual,confirmation,22,0.9997040719696969,0.9985795454545454,1.0,256,3
raw_summary_residual,confirmation,23,0.9997169384057972,0.998641304347826,1.0,256,3
raw_summary_residual,confirmation,24,0.9996202256944445,0.9986979166666666,1.0,256,3
raw_summary_residual,confirmation,25,0.9995312500000001,0.9984375,1.0,256,3
raw_summary_residual,confirmation,26,0.9994491185897436,0.9983473557692307,1.0,256,3
raw_summary_residual,confirmation,27,0.9990837191358025,0.997829861111111,0.9998553240740741,256,3
raw_summary_residual,confirmation,28,0.9985119047619048,0.9968843005952381,0.9997209821428572,256,3
raw_summary_residual,confirmation,29,0.9981591235632185,0.9963631465517242,0.9995959051724137,256,3
raw_summary_residual,confirmation,30,0.9970486111111111,0.9946603732638889,0.9992187499999999,256,3
raw_summary_residual,confirmation,31,0.996051747311828,0.9928584929435483,0.9987399193548389,256,3
raw_summary_residual,confirmation,32,0.9947509765625,0.9911285400390625,0.998046875,256,3
raw_summary_residual,confirmation,33,0.9942392676767676,0.9906871448863634,0.9974757339015151,256,3
raw_summary_residual,confirmation,34,0.9940640318627452,0.9905790441176471,0.9970894607843137,256,3
raw_summary_residual,confirmation,35,0.9941592261904763,0.9910342261904762,0.9970610119047619,256,3
raw_summary_residual,confirmation,36,0.9939959490740741,0.9905951605902777,0.9969618055555555,256,3
raw_summary_residual,confirmation,37,0.9939822635135135,0.9906381967905405,0.9967659065315315,256,3
raw_summary_residual,confirmation,38,0.9939350328947368,0.9908511513157895,0.9967105263157894,256,3
raw_summary_residual,confirmation,39,0.9937900641025642,0.9905841012286324,0.9966287727029915,256,3
raw_summary_residual,confirmation,40,0.9938802083333332,0.9907869466145833,0.9967447916666666,256,3
raw_summary_residual,confirmation,41,0.9938389227642276,0.9908536585365854,0.9965701219512195,256,3
raw_summary_residual,confirmation,42,0.9938926091269842,0.9906374007936508,0.9965587797619048,256,3
raw_summary_residual,confirmation,43,0.9939135174418604,0.9909762596899224,0.9965184411337209,256,3
raw_summary_residual,confirmation,44,0.9938742897727272,0.9907958984374999,0.996596827651515,256,3
raw_summary_residual,confirmation,45,0.9940104166666667,0.990943287037037,0.9967881944444444,256,3
raw_summary_residual,confirmation,46,0.9940274003623188,0.9911111582880434,0.9966032608695653,256,3
raw_summary_residual,confirmation,47,0.9941544769503547,0.9911624556737589,0.9967316323138299,256,3
raw_summary_residual,confirmation,48,0.9942491319444443,0.9915093315972222,0.9967447916666666,256,3
raw_summary_residual,confirmation,49,0.9943664965986394,0.9917091836734695,0.9968112244897961,256,3
raw_summary_residual,confirmation,50,0.9943750000000001,0.9916139322916666,0.9967194010416667,256,3
raw_summary_residual,confirmation,51,0.9944597630718954,0.9918045343137255,0.9968086192810457,256,3
raw_summary_residual,confirmation,52,0.9944911858974358,0.9915865384615384,0.9967454176682692,256,3
raw_summary_residual,confirmation,53,0.9943740172955975,0.9918681210691824,0.996560534591195,256,3
raw_summary_residual,confirmation,54,0.9944299768518517,0.9918258101851851,0.9965042679398148,256,3
raw_summary_residual,confirmation,55,0.9944602272727273,0.9921632339015152,0.9965198863636363,256,3
raw_summary_residual,confirmation,56,0.9943731398809524,0.9920014880952381,0.9964663550967261,256,3
raw_summary_residual,confirmation,57,0.9942434210526315,0.9920047514619883,0.9961628517909356,256,3
raw_summary_residual,confirmation,58,0.9940059267241379,0.9918507543103448,0.9958468031609197,256,3
raw_summary_residual,confirmation,59,0.9939309675141242,0.9917455640889831,0.9956965042372881,256,3
raw_summary_residual,confirmation,60,0.9938151041666666,0.9915793185763888,0.995573459201389,256,3
raw_summary_residual,confirmation,61,0.9934468920765026,0.9909697318989071,0.9953466530054644,256,3
raw_summary_residual,confirmation,62,0.9931955645161291,0.9907583585349462,0.9951486895161291,256,3
raw_summary_residual,confirmation,63,0.9927662037037038,0.9899961764219577,0.9950401992394181,256,3
raw_summary_residual,confirmation,64,0.9925333658854166,0.98944091796875,0.9949752807617187,256,3
raw_summary_residual,confirmation,65,0.9919871794871794,0.9890619991987181,0.9941912059294872,256,3
raw_summary_residual,confirmation,66,0.9915167297979798,0.9888139204545455,0.9936479048295452,256,3
raw_summary_residual,confirmation,67,0.9912935323383084,0.9887476679104479,0.9934701492537313,256,3
raw_summary_residual,confirmation,68,0.9910577512254902,0.9885105507046568,0.9931449142156863,256,3
raw_summary_residual,confirmation,69,0.9908854166666666,0.9884685424214977,0.9930178140096619,256,3
raw_summary_residual,confirmation,70,0.9909784226190476,0.9884858630952381,0.9930059523809524,256,3
raw_summary_residual,confirmation,71,0.9909771126760564,0.9887025931631455,0.992994424882629,256,3
raw_summary_residual,confirmation,72,0.9910481770833334,0.9886063187210649,0.9931459780092592,256,3
raw_summary_residual,confirmation,73,0.9911351312785387,0.9887450057077626,0.9931685216894977,256,3
raw_summary_residual,confirmation,74,0.9912021396396394,0.9888262774493244,0.993260838963964,256,3
raw_summary_residual,confirmation,75,0.9912847222222222,0.9890447048611111,0.9932643229166667,256,3
raw_summary_residual,confirmation,76,0.9912623355263158,0.9889494243421052,0.9932501541940789,256,3
raw_summary_residual,confirmation,77,0.9912912608225107,0.9891436688311689,0.9932701738365799,256,3
raw_summary_residual,confirmation,78,0.9912526709401709,0.9889986478365386,0.9932896801549145,256,3
raw_summary_residual,confirmation,79,0.9912480221518987,0.9890229430379747,0.9932258702531646,256,3
raw_summary_residual,confirmation,80,0.9912597656250001,0.9890299479166668,0.9932291666666666,256,3
raw_summary_residual,confirmation,81,0.9912872942386833,0.9890524530606997,0.9933288323045266,256,3
raw_summary_residual,confirmation,82,0.9912188770325203,0.9889481707317073,0.9933784298780489,256,3
raw_summary_residual,confirmation,83,0.9911677961847389,0.9890181821034135,0.9934111445783133,256,3
raw_summary_residual,confirmation,84,0.9910249255952381,0.9886838882688492,0.9932415674603176,256,3
raw_summary_residual,confirmation,85,0.9909466911764705,0.9883731617647059,0.9933674172794119,256,3
raw_summary_residual,confirmation,86,0.990703730620155,0.9879326398982557,0.9932170542635658,256,3
raw_summary_residual,confirmation,87,0.9904513888888888,0.9872481890565135,0.9931756615181992,256,3
raw_summary_residual,confirmation,88,0.9903083570075758,0.9867272579308712,0.993474786931818,256,3
raw_summary_residual,confirmation,89,0.9902563202247191,0.9865987827715355,0.9935188436329588,256,3
raw_summary_residual,confirmation,90,0.9902199074074075,0.9862847222222223,0.993605324074074,256,3
raw_summary_residual,confirmation,91,0.9900555173992673,0.9860480339972528,0.9935328668727107,256,3
raw_summary_residual,confirmation,92,0.9899796195652174,0.9857754472373188,0.9935897163722825,256,3
raw_summary_residual,confirmation,93,0.9898773521505376,0.985383064516129,0.9938119539650537,256,3
raw_summary_residual,confirmation,94,0.9897911125886525,0.9849152260638299,0.9938085244902484,256,3
raw_summary_residual,confirmation,95,0.9898026315789474,0.9849914336622807,0.9937503426535088,256,3
raw_summary_residual,confirmation,96,0.98974609375,0.9847391764322917,0.9937611897786459,256,3
raw_summary_residual,confirmation,97,0.9898115335051547,0.9849790592783506,0.9938654424398625,256,3
raw_summary_residual,confirmation,98,0.9899022108843537,0.9850655691964284,0.9937951743197279,256,3
raw_summary_residual,confirmation,99,0.9899910563973063,0.9850585937499999,0.9938446969696969,256,3
raw_summary_residual,confirmation,100,0.9900911458333335,0.9853098958333334,0.9939843750000001,256,3
raw_summary_residual,confirmation,101,0.99018925330033,0.9852890367161715,0.9940313660272277,256,3
raw_summary_residual,confirmation,102,0.9902854370915032,0.985369753370098,0.9940008425245099,256,3
raw_summary_residual,confirmation,103,0.9903544700647249,0.9855124266788027,0.9942231113470873,256,3
