panel,condition,x,estimate,lower,upper
Key-to-Door profile,raw_segment layer 1,1,0.451704869667689,,
Key-to-Door profile,raw_segment layer 1,2,0.252433513601621,,
Key-to-Door profile,raw_segment layer 1,3,0.15537032981713614,,
Key-to-Door profile,raw_segment layer 1,4,0.12194621562957764,,
Key-to-Door profile,raw_segment layer 1,5,0.11245601624250412,,
Key-to-Door profile,raw_segment layer 1,6,0.09325789411862691,,
Key-to-Door profile,raw_segment layer 1,7,0.07035288214683533,,
Key-to-Door profile,raw_segment layer 1,8,0.05832258860270182,,
Key-to-Door profile,raw_segment layer 1,9,0.05503044277429581,,
Key-to-Door profile,raw_segment layer 1,10,0.047321390360593796,,
Key-to-Door profile,raw_segment layer 1,11,0.04323560247818629,,
Key-to-Door profile,raw_segment layer 1,12,0.04237918245295683,,
Key-to-Door profile,raw_segment layer 1,13,0.041795567919810615,,
Key-to-Door profile,raw_segment layer 1,14,0.04156749571363131,,
Key-to-Door profile,raw_segment layer 1,15,0.03951053942243258,,
Key-to-Door profile,raw_segment layer 1,16,0.03579643120368322,,
Key-to-Door profile,raw_segment layer 1,17,0.03152561249832312,,
Key-to-Door profile,raw_segment layer 1,18,0.02893839341898759,,
Key-to-Door profile,raw_segment layer 1,19,0.02871192495028178,,
Key-to-Door profile,raw_segment layer 1,20,0.029168205956617992,,
Key-to-Door profile,raw_segment layer 1,21,0.030624328802029293,,
Key-to-Door profile,raw_segment layer 1,22,0.03252117522060871,,
Key-to-Door profile,raw_segment layer 1,23,0.03359384027620157,,
Key-to-Door profile,raw_segment layer 1,24,0.033351692681511245,,
Key-to-Door profile,raw_segment layer 1,25,0.032197934885819755,,
Key-to-Door profile,raw_segment layer 1,26,0.03149389289319515,,
Key-to-Door profile,raw_segment layer 1,27,0.03213972970843315,,
Key-to-Door profile,raw_segment layer 1,28,0.03384776537617048,,
Key-to-Door profile,raw_segment layer 1,29,0.035896979893247284,,
Key-to-Door profile,raw_segment layer 1,30,0.03734199764827887,,
Key-to-Door profile,raw_segment layer 1,31,0.0368655559917291,,
Key-to-Door profile,raw_segment layer 1,32,0.035001492127776146,,
Key-to-Door profile,raw_segment layer 2,1,0.5352837840716044,,
Key-to-Door profile,raw_segment layer 2,2,0.35270021359125775,,
Key-to-Door profile,raw_segment layer 2,3,0.24849438667297363,,
Key-to-Door profile,raw_segment layer 2,4,0.18077986439069113,,
Key-to-Door profile,raw_segment layer 2,5,0.13993489990631738,,
Key-to-Door profile,raw_segment layer 2,6,0.11504449446996053,,
Key-to-Door profile,raw_segment layer 2,7,0.09494031965732574,,
Key-to-Door profile,raw_segment layer 2,8,0.07642732188105583,,
Key-to-Door profile,raw_segment layer 2,9,0.06155126169323921,,
Key-to-Door profile,raw_segment layer 2,10,0.051710510005553566,,
Key-to-Door profile,raw_segment layer 2,11,0.047696590423583984,,
Key-to-Door profile,raw_segment layer 2,12,0.04511930917700132,,
Key-to-Door profile,raw_segment layer 2,13,0.04138093317548434,,
Key-to-Door profile,raw_segment layer 2,14,0.03831438968578974,,
Key-to-Door profile,raw_segment layer 2,15,0.037073396146297455,,
Key-to-Door profile,raw_segment layer 2,16,0.036924087752898536,,
Key-to-Door profile,raw_segment layer 2,17,0.03684303785363833,,
Key-to-Door profile,raw_segment layer 2,18,0.036857609947522484,,
Key-to-Door profile,raw_segment layer 2,19,0.036608083794514336,,
Key-to-Door profile,raw_segment layer 2,20,0.03658530985315641,,
Key-to-Door profile,raw_segment layer 2,21,0.037189193069934845,,
Key-to-Door profile,raw_segment layer 2,22,0.03606861581405004,,
Key-to-Door profile,raw_segment layer 2,23,0.03227736055850983,,
Key-to-Door profile,raw_segment layer 2,24,0.030806249628464382,,
Key-to-Door profile,raw_segment layer 2,25,0.031868221859137215,,
Key-to-Door profile,raw_segment layer 2,26,0.03443079503873984,,
Key-to-Door profile,raw_segment layer 2,27,0.03641645113627116,,
Key-to-Door profile,raw_segment layer 2,28,0.039204973727464676,,
Key-to-Door profile,raw_segment layer 2,29,0.0430686225493749,,
Key-to-Door profile,raw_segment layer 2,30,0.047848296662171684,,
Key-to-Door profile,raw_segment layer 2,31,0.05479329700271288,,
Key-to-Door profile,raw_segment layer 2,32,0.06124560038248698,,
Key-to-Door profile,raw_segment layer 3,1,0.7214134534200033,,
Key-to-Door profile,raw_segment layer 3,2,0.5825173656145731,,
Key-to-Door profile,raw_segment layer 3,3,0.4847046732902527,,
Key-to-Door profile,raw_segment layer 3,4,0.40826263030370075,,
Key-to-Door profile,raw_segment layer 3,5,0.34691261251767475,,
Key-to-Door profile,raw_segment layer 3,6,0.2953872084617615,,
Key-to-Door profile,raw_segment layer 3,7,0.2519761125246684,,
Key-to-Door profile,raw_segment layer 3,8,0.21953711907068887,,
Key-to-Door profile,raw_segment layer 3,9,0.1953187882900238,,
Key-to-Door profile,raw_segment layer 3,10,0.1749428709348043,,
Key-to-Door profile,raw_segment layer 3,11,0.15653116504351297,,
Key-to-Door profile,raw_segment layer 3,12,0.13881453375021616,,
Key-to-Door profile,raw_segment layer 3,13,0.12320142487684886,,
Key-to-Door profile,raw_segment layer 3,14,0.11095065375169118,,
Key-to-Door profile,raw_segment layer 3,15,0.10202927390734355,,
Key-to-Door profile,raw_segment layer 3,16,0.09512435644865036,,
Key-to-Door profile,raw_segment layer 3,17,0.09008393933375676,,
Key-to-Door profile,raw_segment layer 3,18,0.0856881116827329,,
Key-to-Door profile,raw_segment layer 3,19,0.08148608605066936,,
Key-to-Door profile,raw_segment layer 3,20,0.07745441049337387,,
Key-to-Door profile,raw_segment layer 3,21,0.07237565765778224,,
Key-to-Door profile,raw_segment layer 3,22,0.06929662202795346,,
Key-to-Door profile,raw_segment layer 3,23,0.06517102072636287,,
Key-to-Door profile,raw_segment layer 3,24,0.06168709695339203,,
Key-to-Door profile,raw_segment layer 3,25,0.05923506741722425,,
Key-to-Door profile,raw_segment layer 3,26,0.0568922720849514,,
Key-to-Door profile,raw_segment layer 3,27,0.05525051678220431,,
Key-to-Door profile,raw_segment layer 3,28,0.054097602143883705,,
Key-to-Door profile,raw_segment layer 3,29,0.053415536880493164,,
Key-to-Door profile,raw_segment layer 3,30,0.05290910291175047,,
Key-to-Door profile,raw_segment layer 3,31,0.052468513449033104,,
Key-to-Door profile,raw_segment layer 3,32,0.051897735645373665,,
Key-to-Door profile,raw_summary layer 1,1,0.685840884844462,,
Key-to-Door profile,raw_summary layer 1,2,0.6004500389099121,,
Key-to-Door profile,raw_summary layer 1,3,0.5522371133168539,,
Key-to-Door profile,raw_summary layer 1,4,0.5239162047704061,,
Key-to-Door profile,raw_summary layer 1,5,0.5077223976453146,,
Key-to-Door profile,raw_summary layer 1,6,0.4961217443148295,,
Key-to-Door profile,raw_summary layer 1,7,0.4820363720258077,,
Key-to-Door profile,raw_summary layer 1,8,0.4653493861357371,,
Key-to-Door profile,raw_summary layer 1,9,0.44991953174273175,,
Key-to-Door profile,raw_summary layer 1,10,0.44018422563870746,,
Key-to-Door profile,raw_summary layer 1,11,0.4290476441383362,,
Key-to-Door profile,raw_summary layer 1,12,0.42072027921676636,,
Key-to-Door profile,raw_summary layer 1,13,0.41183271010716754,,
Key-to-Door profile,raw_summary layer 1,14,0.40057140588760376,,
Key-to-Door profile,raw_summary layer 1,15,0.3894963463147481,,
Key-to-Door profile,raw_summary layer 1,16,0.3841565450032552,,
Key-to-Door profile,raw_summary layer 1,17,0.37961331009864807,,
Key-to-Door profile,raw_summary layer 1,18,0.378022164106369,,
Key-to-Door profile,raw_summary layer 1,19,0.3725803991158803,,
Key-to-Door profile,raw_summary layer 1,20,0.36387481292088825,,
Key-to-Door profile,raw_summary layer 1,21,0.3506631553173065,,
Key-to-Door profile,raw_summary layer 1,22,0.34525909026463825,,
Key-to-Door profile,raw_summary layer 1,23,0.3431343932946523,,
Key-to-Door profile,raw_summary layer 1,24,0.34063183267911273,,
Key-to-Door profile,raw_summary layer 1,25,0.3337083061536153,,
Key-to-Door profile,raw_summary layer 1,26,0.3297398289044698,,
Key-to-Door profile,raw_summary layer 1,27,0.32380107045173645,,
Key-to-Door profile,raw_summary layer 1,28,0.32056495547294617,,
Key-to-Door profile,raw_summary layer 1,29,0.3158923884232839,,
Key-to-Door profile,raw_summary layer 1,30,0.31142568588256836,,
Key-to-Door profile,raw_summary layer 1,31,0.3040711283683777,,
Key-to-Door profile,raw_summary layer 1,32,0.2979019383589427,,
Key-to-Door profile,raw_summary layer 2,1,0.5799974004427592,,
Key-to-Door profile,raw_summary layer 2,2,0.48972342411677044,,
Key-to-Door profile,raw_summary layer 2,3,0.45379000902175903,,
Key-to-Door profile,raw_summary layer 2,4,0.4295477072397868,,
Key-to-Door profile,raw_summary layer 2,5,0.4051237404346466,,
Key-to-Door profile,raw_summary layer 2,6,0.3808775742848714,,
Key-to-Door profile,raw_summary layer 2,7,0.3555532693862915,,
Key-to-Door profile,raw_summary layer 2,8,0.3320531447728475,,
Key-to-Door profile,raw_summary layer 2,9,0.31081944704055786,,
Key-to-Door profile,raw_summary layer 2,10,0.29057300090789795,,
Key-to-Door profile,raw_summary layer 2,11,0.2729343722263972,,
Key-to-Door profile,raw_summary layer 2,12,0.256902019182841,,
Key-to-Door profile,raw_summary layer 2,13,0.24322191377480826,,
Key-to-Door profile,raw_summary layer 2,14,0.2325130154689153,,
Key-to-Door profile,raw_summary layer 2,15,0.2233059157927831,,
Key-to-Door profile,raw_summary layer 2,16,0.21601703266302744,,
Key-to-Door profile,raw_summary layer 2,17,0.20914129416147867,,
Key-to-Door profile,raw_summary layer 2,18,0.20292184253533682,,
Key-to-Door profile,raw_summary layer 2,19,0.19770614802837372,,
Key-to-Door profile,raw_summary layer 2,20,0.19086150328318277,,
Key-to-Door profile,raw_summary layer 2,21,0.1774799128373464,,
Key-to-Door profile,raw_summary layer 2,22,0.17264852921168009,,
Key-to-Door profile,raw_summary layer 2,23,0.17081327239672342,,
Key-to-Door profile,raw_summary layer 2,24,0.16752844055493674,,
Key-to-Door profile,raw_summary layer 2,25,0.16330384214719137,,
Key-to-Door profile,raw_summary layer 2,26,0.15886428952217102,,
Key-to-Door profile,raw_summary layer 2,27,0.15518673261006674,,
Key-to-Door profile,raw_summary layer 2,28,0.15263940393924713,,
Key-to-Door profile,raw_summary layer 2,29,0.15018194417158762,,
Key-to-Door profile,raw_summary layer 2,30,0.14843601236740747,,
Key-to-Door profile,raw_summary layer 2,31,0.1467840944727262,,
Key-to-Door profile,raw_summary layer 2,32,0.14472316950559616,,
Key-to-Door profile,raw_summary layer 3,1,0.5528088212013245,,
Key-to-Door profile,raw_summary layer 3,2,0.4690299828847249,,
Key-to-Door profile,raw_summary layer 3,3,0.43373145659764606,,
Key-to-Door profile,raw_summary layer 3,4,0.40765197078386944,,
Key-to-Door profile,raw_summary layer 3,5,0.3786543111006419,,
Key-to-Door profile,raw_summary layer 3,6,0.3505700131257375,,
Key-to-Door profile,raw_summary layer 3,7,0.32645905017852783,,
Key-to-Door profile,raw_summary layer 3,8,0.30469629168510437,,
Key-to-Door profile,raw_summary layer 3,9,0.28609955310821533,,
Key-to-Door profile,raw_summary layer 3,10,0.27100775639216107,,
Key-to-Door profile,raw_summary layer 3,11,0.25740009049574536,,
Key-to-Door profile,raw_summary layer 3,12,0.24514183898766836,,
Key-to-Door profile,raw_summary layer 3,13,0.23385032514731088,,
Key-to-Door profile,raw_summary layer 3,14,0.22346121072769165,,
Key-to-Door profile,raw_summary layer 3,15,0.21560263633728027,,
Key-to-Door profile,raw_summary layer 3,16,0.2082398682832718,,
Key-to-Door profile,raw_summary layer 3,17,0.20161254703998566,,
Key-to-Door profile,raw_summary layer 3,18,0.19555677970250449,,
Key-to-Door profile,raw_summary layer 3,19,0.19108958542346954,,
Key-to-Door profile,raw_summary layer 3,20,0.18684377272923788,,
Key-to-Door profile,raw_summary layer 3,21,0.1720882405837377,,
Key-to-Door profile,raw_summary layer 3,22,0.16731804112593332,,
Key-to-Door profile,raw_summary layer 3,23,0.16568387548128763,,
Key-to-Door profile,raw_summary layer 3,24,0.16431155304114023,,
Key-to-Door profile,raw_summary layer 3,25,0.16331368188063303,,
Key-to-Door profile,raw_summary layer 3,26,0.1622787962357203,,
Key-to-Door profile,raw_summary layer 3,27,0.1618165373802185,,
Key-to-Door profile,raw_summary layer 3,28,0.16110890607039133,,
Key-to-Door profile,raw_summary layer 3,29,0.16074880957603455,,
Key-to-Door profile,raw_summary layer 3,30,0.16187119483947754,,
Key-to-Door profile,raw_summary layer 3,31,0.1634326626857122,,
Key-to-Door profile,raw_summary layer 3,32,0.1639895091454188,,
Key-to-Door dose,bias on summary keys,0,29.053385416666668,26.21728515625,32.09817708333333
Key-to-Door dose,bias on summary keys,1,29.016927083333332,26.245540364583334,31.80384114583333
Key-to-Door dose,bias on summary keys,2,25.565104166666668,22.43994140625,28.826888020833334
Key-to-Door dose,bias on summary keys,3,11.981770833333334,9.677018229166668,14.348177083333331
Key-to-Door dose,bias on summary keys,4,3.1067708333333335,2.1744140625,4.2774414062499995
Key-to-Door dose,bias on summary keys,5,3.0104166666666665,2.0402343750000003,4.263053385416666
Key-to-Door dose,bias on buffer keys,0,29.053385416666668,26.21728515625,32.09817708333333
Key-to-Door dose,bias on buffer keys,1,23.302083333333332,20.311165364583335,26.2421875
Key-to-Door dose,bias on buffer keys,2,9.71875,5.357779947916668,14.452441406249996
Key-to-Door dose,bias on buffer keys,3,5.115885416666667,2.730078125000001,8.000097656249999
Key-to-Door dose,bias on buffer keys,4,3.9010416666666665,2.1157877604166666,5.949251302083333
Key-to-Door dose,bias on buffer keys,5,3.25390625,1.28515625,5.488704427083331
Key-to-Door dose,raw_segment,-1,2.0416666666666665,,
CountRecall profile,raw_segment layer 1,1,0.6946951349576315,,
CountRecall profile,raw_segment layer 1,2,0.4432627360026042,,
CountRecall profile,raw_segment layer 1,3,0.3504806657632192,,
CountRecall profile,raw_segment layer 1,4,0.31461678942044574,,
CountRecall profile,raw_segment layer 1,5,0.30274561047554016,,
CountRecall profile,raw_segment layer 1,6,0.29579780499140423,,
CountRecall profile,raw_segment layer 1,7,0.28087714314460754,,
CountRecall profile,raw_segment layer 1,8,0.27615509430567425,,
CountRecall profile,raw_segment layer 1,9,0.2563819686571757,,
CountRecall profile,raw_segment layer 1,10,0.2439823697010676,,
CountRecall profile,raw_segment layer 1,11,0.23582458992799124,,
CountRecall profile,raw_segment layer 1,12,0.2399852474530538,,
CountRecall profile,raw_segment layer 1,13,0.24145505328973135,,
CountRecall profile,raw_segment layer 1,14,0.23951309422651926,,
CountRecall profile,raw_segment layer 1,15,0.23191083470980325,,
CountRecall profile,raw_segment layer 1,16,0.224188302954038,,
CountRecall profile,raw_segment layer 1,17,0.22062322994073233,,
CountRecall profile,raw_segment layer 1,18,0.22190386553605398,,
CountRecall profile,raw_segment layer 1,19,0.22371487816174826,,
CountRecall profile,raw_segment layer 1,20,0.22003093858559927,,
CountRecall profile,raw_segment layer 1,21,0.22139285008112589,,
CountRecall profile,raw_segment layer 1,22,0.21713699400424957,,
CountRecall profile,raw_segment layer 1,23,0.21471649408340454,,
CountRecall profile,raw_segment layer 1,24,0.2123648871978124,,
CountRecall profile,raw_segment layer 1,25,0.21499147017796835,,
CountRecall profile,raw_segment layer 1,26,0.21415948371092478,,
CountRecall profile,raw_segment layer 1,27,0.20934532582759857,,
CountRecall profile,raw_segment layer 1,28,0.20533936222394308,,
CountRecall profile,raw_segment layer 1,29,0.20250517626603445,,
CountRecall profile,raw_segment layer 1,30,0.2005363255739212,,
CountRecall profile,raw_segment layer 1,31,0.2006100614865621,,
CountRecall profile,raw_segment layer 1,32,0.19924736519654593,,
CountRecall profile,raw_segment layer 2,1,0.39284975330034894,,
CountRecall profile,raw_segment layer 2,2,0.28438227375348407,,
CountRecall profile,raw_segment layer 2,3,0.2329814483722051,,
CountRecall profile,raw_segment layer 2,4,0.2031278908252716,,
CountRecall profile,raw_segment layer 2,5,0.18640696009000143,,
CountRecall profile,raw_segment layer 2,6,0.18185882767041525,,
CountRecall profile,raw_segment layer 2,7,0.17751210431257883,,
CountRecall profile,raw_segment layer 2,8,0.17224304378032684,,
CountRecall profile,raw_segment layer 2,9,0.16854466497898102,,
CountRecall profile,raw_segment layer 2,10,0.16701777279376984,,
CountRecall profile,raw_segment layer 2,11,0.16009520490964255,,
CountRecall profile,raw_segment layer 2,12,0.15757300953070322,,
CountRecall profile,raw_segment layer 2,13,0.1555047482252121,,
CountRecall profile,raw_segment layer 2,14,0.15416155258814493,,
CountRecall profile,raw_segment layer 2,15,0.15378553171952566,,
CountRecall profile,raw_segment layer 2,16,0.15324037770430246,,
CountRecall profile,raw_segment layer 2,17,0.15090197573105493,,
CountRecall profile,raw_segment layer 2,18,0.14913244048754373,,
CountRecall profile,raw_segment layer 2,19,0.14832031478484473,,
CountRecall profile,raw_segment layer 2,20,0.1447764833768209,,
CountRecall profile,raw_segment layer 2,21,0.14569016049305597,,
CountRecall profile,raw_segment layer 2,22,0.14472109079360962,,
CountRecall profile,raw_segment layer 2,23,0.14885042359431586,,
CountRecall profile,raw_segment layer 2,24,0.1476084291934967,,
CountRecall profile,raw_segment layer 2,25,0.14633270849784216,,
CountRecall profile,raw_segment layer 2,26,0.1450683275858561,,
CountRecall profile,raw_segment layer 2,27,0.14234858006238937,,
CountRecall profile,raw_segment layer 2,28,0.14292337745428085,,
CountRecall profile,raw_segment layer 2,29,0.13771496216456094,,
CountRecall profile,raw_segment layer 2,30,0.13466660926739374,,
CountRecall profile,raw_segment layer 2,31,0.13355154544115067,,
CountRecall profile,raw_segment layer 2,32,0.1407695213953654,,
CountRecall profile,raw_segment layer 3,1,0.43134283026059467,,
CountRecall profile,raw_segment layer 3,2,0.35067252318064374,,
CountRecall profile,raw_segment layer 3,3,0.3070894479751587,,
CountRecall profile,raw_segment layer 3,4,0.2743231455485026,,
CountRecall profile,raw_segment layer 3,5,0.24666268626848856,,
CountRecall profile,raw_segment layer 3,6,0.22450811664263406,,
CountRecall profile,raw_segment layer 3,7,0.20379652579625449,,
CountRecall profile,raw_segment layer 3,8,0.15522768845160803,,
CountRecall profile,raw_segment layer 3,9,0.13833598544200262,,
CountRecall profile,raw_segment layer 3,10,0.125208946565787,,
CountRecall profile,raw_segment layer 3,11,0.11700293670097987,,
CountRecall profile,raw_segment layer 3,12,0.11010145644346873,,
CountRecall profile,raw_segment layer 3,13,0.10282301902770996,,
CountRecall profile,raw_segment layer 3,14,0.09659725179274876,,
CountRecall profile,raw_segment layer 3,15,0.0920515942076842,,
CountRecall profile,raw_segment layer 3,16,0.08720690384507179,,
CountRecall profile,raw_segment layer 3,17,0.08272501577933629,,
CountRecall profile,raw_segment layer 3,18,0.07955631117026012,,
CountRecall profile,raw_segment layer 3,19,0.07664238413174947,,
CountRecall profile,raw_segment layer 3,20,0.07348957781990369,,
CountRecall profile,raw_segment layer 3,21,0.06825437645117442,,
CountRecall profile,raw_segment layer 3,22,0.06470840548475583,,
CountRecall profile,raw_segment layer 3,23,0.062423426657915115,,
CountRecall profile,raw_segment layer 3,24,0.05981720611453056,,
CountRecall profile,raw_segment layer 3,25,0.057165740678707756,,
CountRecall profile,raw_segment layer 3,26,0.056000761687755585,,
CountRecall profile,raw_segment layer 3,27,0.05346238364775976,,
CountRecall profile,raw_segment layer 3,28,0.05135035142302513,,
CountRecall profile,raw_segment layer 3,29,0.05066183457771937,,
CountRecall profile,raw_segment layer 3,30,0.049777681628863014,,
CountRecall profile,raw_segment layer 3,31,0.05011997123559316,,
CountRecall profile,raw_segment layer 3,32,0.05815032248695692,,
CountRecall profile,raw_summary layer 1,1,0.7777966062227885,,
CountRecall profile,raw_summary layer 1,2,0.6462382078170776,,
CountRecall profile,raw_summary layer 1,3,0.5561160246531168,,
CountRecall profile,raw_summary layer 1,4,0.4901067316532135,,
CountRecall profile,raw_summary layer 1,5,0.4369933307170868,,
CountRecall profile,raw_summary layer 1,6,0.3964033325513204,,
CountRecall profile,raw_summary layer 1,7,0.35947007934252423,,
CountRecall profile,raw_summary layer 1,8,0.3340446551640828,,
CountRecall profile,raw_summary layer 1,9,0.30920453866322833,,
CountRecall profile,raw_summary layer 1,10,0.28955963253974915,,
CountRecall profile,raw_summary layer 1,11,0.271310418844223,,
CountRecall profile,raw_summary layer 1,12,0.2566279371579488,,
CountRecall profile,raw_summary layer 1,13,0.24247322976589203,,
CountRecall profile,raw_summary layer 1,14,0.22957129776477814,,
CountRecall profile,raw_summary layer 1,15,0.2187789777914683,,
CountRecall profile,raw_summary layer 1,16,0.20840775966644287,,
CountRecall profile,raw_summary layer 1,17,0.19959970812002817,,
CountRecall profile,raw_summary layer 1,18,0.19197580218315125,,
CountRecall profile,raw_summary layer 1,19,0.18451590836048126,,
CountRecall profile,raw_summary layer 1,20,0.17681209246317545,,
CountRecall profile,raw_summary layer 1,21,0.17086263994375864,,
CountRecall profile,raw_summary layer 1,22,0.16527056694030762,,
CountRecall profile,raw_summary layer 1,23,0.15972227851549783,,
CountRecall profile,raw_summary layer 1,24,0.1548185497522354,,
CountRecall profile,raw_summary layer 1,25,0.14942761758963266,,
CountRecall profile,raw_summary layer 1,26,0.1453105409940084,,
CountRecall profile,raw_summary layer 1,27,0.1404168258110682,,
CountRecall profile,raw_summary layer 1,28,0.1364610195159912,,
CountRecall profile,raw_summary layer 1,29,0.1326930969953537,,
CountRecall profile,raw_summary layer 1,30,0.12884758909543356,,
CountRecall profile,raw_summary layer 1,31,0.1252394492427508,,
CountRecall profile,raw_summary layer 1,32,0.12108063201109569,,
CountRecall profile,raw_summary layer 2,1,0.7474244435628256,,
CountRecall profile,raw_summary layer 2,2,0.6530840794245402,,
CountRecall profile,raw_summary layer 2,3,0.5984438061714172,,
CountRecall profile,raw_summary layer 2,4,0.556147833665212,,
CountRecall profile,raw_summary layer 2,5,0.5281164646148682,,
CountRecall profile,raw_summary layer 2,6,0.4985816180706024,,
CountRecall profile,raw_summary layer 2,7,0.48002777496973675,,
CountRecall profile,raw_summary layer 2,8,0.4557211995124817,,
CountRecall profile,raw_summary layer 2,9,0.4403630793094635,,
CountRecall profile,raw_summary layer 2,10,0.4204281469186147,,
CountRecall profile,raw_summary layer 2,11,0.41184715429941815,,
CountRecall profile,raw_summary layer 2,12,0.3992423911889394,,
CountRecall profile,raw_summary layer 2,13,0.3843417565027873,,
CountRecall profile,raw_summary layer 2,14,0.37294405698776245,,
CountRecall profile,raw_summary layer 2,15,0.35682395100593567,,
CountRecall profile,raw_summary layer 2,16,0.34619001547495526,,
CountRecall profile,raw_summary layer 2,17,0.3389026125272115,,
CountRecall profile,raw_summary layer 2,18,0.32526756326357525,,
CountRecall profile,raw_summary layer 2,19,0.3157733380794525,,
CountRecall profile,raw_summary layer 2,20,0.315922607978185,,
CountRecall profile,raw_summary layer 2,21,0.3001163452863693,,
CountRecall profile,raw_summary layer 2,22,0.2877169648806254,,
CountRecall profile,raw_summary layer 2,23,0.28697436551253,,
CountRecall profile,raw_summary layer 2,24,0.2748402605454127,,
CountRecall profile,raw_summary layer 2,25,0.2679208517074585,,
CountRecall profile,raw_summary layer 2,26,0.2616993735233943,,
CountRecall profile,raw_summary layer 2,27,0.2599329749743144,,
CountRecall profile,raw_summary layer 2,28,0.249925434589386,,
CountRecall profile,raw_summary layer 2,29,0.24214712778727213,,
CountRecall profile,raw_summary layer 2,30,0.23376545310020447,,
CountRecall profile,raw_summary layer 2,31,0.2253209501504898,,
CountRecall profile,raw_summary layer 2,32,0.2214253544807434,,
CountRecall profile,raw_summary layer 3,1,0.7149311304092407,,
CountRecall profile,raw_summary layer 3,2,0.59816974401474,,
CountRecall profile,raw_summary layer 3,3,0.5283403595288595,,
CountRecall profile,raw_summary layer 3,4,0.4806825915972392,,
CountRecall profile,raw_summary layer 3,5,0.4466557602087657,,
CountRecall profile,raw_summary layer 3,6,0.41843652725219727,,
CountRecall profile,raw_summary layer 3,7,0.39472173651059467,,
CountRecall profile,raw_summary layer 3,8,0.3414780596892039,,
CountRecall profile,raw_summary layer 3,9,0.324041207631429,,
CountRecall profile,raw_summary layer 3,10,0.3083397050698598,,
CountRecall profile,raw_summary layer 3,11,0.2972177465756734,,
CountRecall profile,raw_summary layer 3,12,0.28752227624257404,,
CountRecall profile,raw_summary layer 3,13,0.2783237894376119,,
CountRecall profile,raw_summary layer 3,14,0.27085678776105243,,
CountRecall profile,raw_summary layer 3,15,0.26347926755746204,,
CountRecall profile,raw_summary layer 3,16,0.2564203788836797,,
CountRecall profile,raw_summary layer 3,17,0.2504749248425166,,
CountRecall profile,raw_summary layer 3,18,0.2432322601477305,,
CountRecall profile,raw_summary layer 3,19,0.23620962103207907,,
CountRecall profile,raw_summary layer 3,20,0.2299577792485555,,
CountRecall profile,raw_summary layer 3,21,0.22259538869063059,,
CountRecall profile,raw_summary layer 3,22,0.21566533545653024,,
CountRecall profile,raw_summary layer 3,23,0.21182604134082794,,
CountRecall profile,raw_summary layer 3,24,0.20750488340854645,,
CountRecall profile,raw_summary layer 3,25,0.20393758515516916,,
CountRecall profile,raw_summary layer 3,26,0.2003664275010427,,
CountRecall profile,raw_summary layer 3,27,0.19753842055797577,,
CountRecall profile,raw_summary layer 3,28,0.19256510337193808,,
CountRecall profile,raw_summary layer 3,29,0.18829316397507986,,
CountRecall profile,raw_summary layer 3,30,0.18478761116663614,,
CountRecall profile,raw_summary layer 3,31,0.18338505923748016,,
CountRecall profile,raw_summary layer 3,32,0.18173357844352722,,
CountRecall dose,bias on summary keys,0,0.9890776699029127,0.9857778999797736,0.9919729090817152
CountRecall dose,bias on summary keys,1,0.32371308656957926,0.2938656705097087,0.36905813865291254
CountRecall dose,bias on summary keys,2,0.1752376618122977,0.15332789745145628,0.19019328984627829
CountRecall dose,bias on summary keys,3,0.06204490291262135,0.03276604217233009,0.08028702720469254
CountRecall dose,bias on summary keys,4,0.029341120550161807,0.017442543992718447,0.03902647148058251
CountRecall dose,bias on summary keys,5,0.03280491504854369,0.017254816444174755,0.05226221177184463
CountRecall dose,bias on buffer keys,0,0.9890776699029127,0.9857778999797736,0.9919729090817152
CountRecall dose,bias on buffer keys,1,0.3211468446601941,0.2929630612864077,0.34944060983009706
CountRecall dose,bias on buffer keys,2,0.2038455703883494,0.19167172330097082,0.21561488673139154
CountRecall dose,bias on buffer keys,3,0.1693972491909385,0.1621027381674757,0.17665383545711974
CountRecall dose,bias on buffer keys,4,0.16496005258899674,0.15723319933252422,0.17187689623786404
CountRecall dose,bias on buffer keys,5,0.16488420307443363,0.15716019417475724,0.17182538177588993
CountRecall dose,raw_segment,-1,0.6796116504854369,,
