panel,condition,x,estimate
room,first,0,-0.00680438091557807
room,first,1,-0.0015786433324569014
room,first,2,0.0033505492751873985
room,first,3,-0.00510026013166145
room,first,4,-0.003326845312553805
room,first,5,0.007601332854801261
room,first,6,-0.0014273013189735014
room,first,7,0.018532428891195003
room,first,8,0.012430798817487822
room,first,9,-0.000977678528993241
room,first,10,-0.0012611218904807332
room,first,11,-0.005778374187495258
room,first,12,-0.00415046345170205
room,first,13,-0.001856177768754309
room,first,14,-0.00044297662411085407
room,first,15,0.006207187534913281
room,first,16,0.004747283351950103
room,first,17,0.004787454267632612
room,first,18,0.004749002227105236
room,first,19,-0.0018426659000173736
room,first,20,-0.005960884120126918
room,first,21,-0.004883173860582
room,first,22,-0.0019784931880286703
room,first,23,-0.001587058987682483
room,first,24,0.0068105482650135385
room,first,25,0.00017735146174484756
room,first,26,-0.000447655962029699
room,first,27,-0.006768422249121612
room,first,28,-0.006926414236349057
room,first,29,-0.004048293802012987
room,first,30,-0.0008852790757299805
room,first,31,0.008239963470086112
room,first,32,0.00435399265861266
room,first,33,0.0003109924631430804
room,first,34,0.0007554689085677724
room,first,35,-0.008534043117202739
room,first,36,-0.00819440681159662
room,first,37,-0.002493648985355338
room,first,38,-0.0014162331885481984
room,first,39,0.005763470008084118
room,first,40,-0.0012773718353295037
room,first,41,-0.0015521544126028918
room,first,42,-0.004732312417094116
room,first,43,-0.006805728523887335
room,first,44,-0.0069700460110839755
room,first,45,-0.001996619778875204
room,first,46,-0.0003301445127125863
room,first,47,-0.00027585735906232383
room,first,48,-0.0004988501620023913
room,first,49,-0.0014975459877781374
room,first,50,-0.0005918891560840101
room,first,51,-0.0012667403836655834
room,first,52,0.0004034794967946718
room,first,53,0.004550758485461309
room,first,54,0.00791752520275678
room,first,55,0.006299657425823835
room,first,56,0.008279112467951861
room,first,57,-0.005255302057246596
room,first,58,-0.005688812691392985
room,first,59,-0.004143162132554374
room,first,60,-0.000506684171465438
room,first,61,0.004304063447503667
room,first,62,0.007069142256299063
room,first,63,0.005810061233571438
room,later,0,-0.020914940563162093
room,later,1,-0.015994038896290717
room,later,2,-0.0013503162500843882
room,later,3,-0.007123965259463732
room,later,4,-0.007806578313065878
room,later,5,-0.01174818003135214
room,later,6,-0.020371085953899033
room,later,7,-0.022336005410333915
room,later,8,-0.013952656919263985
room,later,9,0.005230557527006252
room,later,10,0.01033657842397864
room,later,11,0.013301193169388893
room,later,12,0.011726901193642439
room,later,13,0.0036275185041184195
room,later,14,-0.0053073210113777905
room,later,15,-0.02284526060879008
room,later,16,-0.006781485263369365
room,later,17,0.012096381539662216
room,later,18,0.020348394984764456
room,later,19,0.01646882121790569
room,later,20,0.011491777396158207
room,later,21,-0.00012804237901886358
room,later,22,-0.002868964225361111
room,later,23,-0.01560330558497271
room,later,24,-0.0038400287697398145
room,later,25,0.015306239057676257
room,later,26,0.02395957736975029
room,later,27,0.02102346268104449
room,later,28,0.0163924682215525
room,later,29,0.0024996295174981864
room,later,30,-0.0017660412367195434
room,later,31,-0.014598519254590223
room,later,32,-0.000554478257583176
room,later,33,0.011981445383831283
room,later,34,0.01619795029450549
room,later,35,0.013477016798866733
room,later,36,0.009968129806123162
room,later,37,0.004455399701252421
room,later,38,-0.003091662464107637
room,later,39,-0.015104166186177407
room,later,40,-0.003921399020897967
room,later,41,0.00907870022445646
room,later,42,0.015792181948384446
room,later,43,0.012338126131601686
room,later,44,0.009840055201262217
room,later,45,0.002914224343810653
room,later,46,-0.006807903029141362
room,later,47,-0.015466411561526597
room,later,48,-0.019277542089210273
room,later,49,0.003151428603576013
room,later,50,0.012738767493015325
room,later,51,0.0012977522813008566
room,later,52,0.001829100111288664
room,later,53,0.0015319771430793794
room,later,54,-0.010521015691973981
room,later,55,-0.013913685119614412
room,later,56,-0.018068410205129993
room,later,57,-0.010553946090026333
room,later,58,-0.0012939160063434618
room,later,59,-0.002568571489793588
room,later,60,-0.0040030833708644626
room,later,61,-0.0104323208679164
room,later,62,-0.014723846231027047
room,later,63,-0.008631355297536749
