environment,condition,label,seeds_measured,trained_horizon,peak_live_kb_trained,allocated_kb_trained,peak_live_kb_by_horizon,state_rule,decision_latency_ms,boundary_latency_ms,decision_mflops,peak_gpu_gb,gradient_steps,parameters,hours_per_gpu_model
keydoor,raw_summary,RSM-O (ours),3,500,249.9,249.9,"500: 249.9; 1,000: 249.9; 2,000: 249.9; 4,000: 249.9",measured (fixed state),6.50316814067892,54.38760539982468,81.041408,1.341361664,127872.0,4455886,NVIDIA RTX A6000: 18.590007509934356
keydoor,raw_summary_residual,RSM-R (residual ablation),3,500,249.9,249.9,"500: 249.9; 1,000: 249.9; 2,000: 249.9; 4,000: 249.9",measured (fixed state),7.851093981933682,61.50754367505821,81.041408,1.341361664,127872.0,4455886,NVIDIA GeForce RTX 3090: 26.507470089974586
keydoor,raw_segment,w/o memory,3,500,249.9,249.9,"500: 249.9; 1,000: 249.9; 2,000: 249.9; 4,000: 249.9",measured (fixed state),7.5393822408808635,61.54265069926623,81.041408,1.339852288,127872.0,4455886,NVIDIA RTX A6000: 18.429395684329446
keydoor,full_context,Full-history Transformer,3,500,3078.1,3078.1,"500: 3,078.1; 1,000: 6,150.1; 2,000: 12,294.1; 4,000: 24,582.1","one cache slot per record, peak at the last record",9.596197803815206,,81.532928,1.40839424,127872.0,4386254,NVIDIA RTX A6000: 9.285491822459072
keydoor,full_gru,GRU,3,500,3.1,3.1,"500: 3.1; 1,000: 3.1; 2,000: 3.1; 4,000: 3.1",measured (fixed state),1.6141545829466648,,2.097152,0.562318336,127872.0,3097514,NVIDIA RTX PRO 6000 Blackwell Server Edition -> NVIDIA RTX 6000 Ada Generation: 9.321073973963843
keydoor,memo,Memo (accumulating),3,500,540.7,589.8,"500: 540.7; 1,000: 933.9; 2,000: 1,695.8; 4,000: 3,244.0",peak of the recorded per-slot schedule within the task,13.648671959402161,115.04670911623786,82.417664,2.446209024,127872.0,4387278,NVIDIA GeForce RTX 3090: 27.9390738573184; NVIDIA GeForce RTX 3090 -> NVIDIA RTX A6000 -> NVIDIA GeForce RTX 3090: 14.100179918118712
keydoor,memo_fixed,"Memo, fixed segments",3,500,540.7,589.8,"500: 540.7; 1,000: 933.9; 2,000: 1,695.8; 4,000: 3,244.0",peak of the recorded per-slot schedule within the task,13.374885573635348,113.04189948229275,82.417664,1.986951168,127872.0,4387278,NVIDIA RTX A6000 -> NVIDIA GeForce RTX 3090: 9.386567499215866
countrecall,raw_summary,RSM-O (ours),3,103,249.9,249.9,103: 249.9,measured (fixed state),13.589420494869094,113.08428046080128,81.041408,0.388763648,127872.0,5013434,NVIDIA GeForce RTX 3090: 16.340232621848802
countrecall,raw_summary_residual,RSM-R (residual ablation),3,103,249.9,249.9,103: 249.9,measured (fixed state),13.263314802023812,109.50777916392933,81.041408,0.388763648,127872.0,5013434,NVIDIA GeForce RTX 3090: 14.564741019413965
countrecall,raw_segment,w/o memory,3,103,249.9,249.9,103: 249.9,measured (fixed state),13.193357963871755,109.13609801112518,81.041408,0.388040704,127872.0,5013434,NVIDIA GeForce RTX 3090: 16.37083076623009
countrecall,full_context,Full-history Transformer,3,103,639.0,639.0,103: 639.0,"one cache slot per record, peak at the last record",17.877623863104315,,81.532928,0.304772096,127872.0,4943802,NVIDIA RTX PRO 6000 Blackwell Server Edition -> NVIDIA RTX 6000 Ada Generation: 12.416265196376216
countrecall,full_gru,GRU,3,103,3.1,3.1,103: 3.1,measured (fixed state),0.7401346668807997,,2.097152,0.171144704,127872.0,3655062,NVIDIA GeForce RTX 3090: 3.8695900823434286
countrecall,memo,Memo (accumulating),3,103,245.8,294.9,103: 245.8,peak of the recorded per-slot schedule within the task,12.854880571996146,90.25847298714022,81.434624,0.366587392,127872.0,4944826,NVIDIA A30: 2.989764709807545
countrecall,memo_fixed,"Memo, fixed segments",3,103,245.8,294.9,103: 245.8,peak of the recorded per-slot schedule within the task,8.416993214900717,66.85392543052633,81.434624,0.36546048,127872.0,4944826,NVIDIA A30: 3.271726965567289
mazerunner,raw_summary,RSM-O (ours),3,15,249.9,249.9,15: 249.9; 17: 249.9; 19: 249.9; 21: 249.9; 25: 249.9,measured (fixed state),5.811247698050379,43.79738879166931,81.041408,1.3589701973333332,127872.0,4457038,NVIDIA GeForce RTX 3090 -> NVIDIA A30 -> NVIDIA A100-PCIE-40GB -> NVIDIA L40S: 15.403000898368434; NVIDIA GeForce RTX 3090 -> NVIDIA L40S -> NVIDIA RTX 6000 Ada Generation -> NVIDIA L40S -> NVIDIA RTX PRO 6000 Blackwell Server Edition: 16.584135784337658; NVIDIA GeForce RTX 3090 -> NVIDIA L40S -> NVIDIA RTX PRO 6000 Blackwell Server Edition -> NVIDIA L40S: 16.565201491450466
mazerunner,raw_summary_residual,RSM-R (residual ablation),3,15,249.9,249.9,15: 249.9; 17: 249.9; 19: 249.9; 21: 249.9; 25: 249.9,measured (fixed state),6.087172045592166,45.659626123475995,81.041408,1.359222272,127872.0,4457038,NVIDIA GeForce RTX 3090 -> NVIDIA A30 -> NVIDIA L40S -> NVIDIA RTX PRO 6000 Blackwell Server Edition -> NVIDIA L40S: 6.9447997326113455; NVIDIA GeForce RTX 3090 -> NVIDIA L40S -> NVIDIA A100-PCIE-40GB -> NVIDIA L40S: 15.840984178407606; NVIDIA GeForce RTX 3090 -> NVIDIA L40S -> NVIDIA RTX 6000 Ada Generation -> NVIDIA A100-PCIE-40GB -> NVIDIA L40S -> NVIDIA RTX PRO 6000 Blackwell Server Edition: 16.2321157939654
mazerunner,raw_segment,w/o memory,3,15,249.9,249.9,15: 249.9; 17: 249.9; 19: 249.9; 21: 249.9; 25: 249.9,measured (fixed state),5.710484641476333,47.30099512865612,81.041408,1.3414833493333334,127872.0,4457038,NVIDIA RTX 6000 Ada Generation -> NVIDIA GeForce RTX 3090 -> NVIDIA L40S -> NVIDIA A100-PCIE-40GB -> NVIDIA RTX A6000 -> NVIDIA GeForce RTX 3090 -> NVIDIA L40S: 17.39459873415769; NVIDIA RTX 6000 Ada Generation -> NVIDIA L40S -> NVIDIA RTX 6000 Ada Generation -> NVIDIA L40S -> NVIDIA A100-PCIE-40GB -> NVIDIA RTX A6000 -> NVIDIA GeForce RTX 3090: 18.136961540962865; NVIDIA RTX 6000 Ada Generation -> NVIDIA L40S -> NVIDIA RTX 6000 Ada Generation -> NVIDIA L40S -> NVIDIA RTX PRO 6000 Blackwell Server Edition -> NVIDIA A100-PCIE-40GB -> NVIDIA RTX A6000 -> NVIDIA GeForce RTX 3090: 18.54206579966648
mazerunner,full_context,Full-history Transformer,3,15,3078.1,3078.1,"15: 3,078.1; 17: 3,950.6; 19: 4,933.6; 21: 6,027.3; 25: 8,540.2","one cache slot per record, peak at the last record",10.517539367234955,,81.532928,1.4282663253333332,127872.0,4387406,NVIDIA A30 -> NVIDIA GeForce RTX 3090: 9.93522463141171; NVIDIA L40S -> NVIDIA A100-PCIE-40GB: 9.597666310817715; NVIDIA L40S -> NVIDIA A30 -> NVIDIA L40S -> NVIDIA RTX PRO 6000 Blackwell Server Edition: 10.422695252502333
mazerunner,full_gru,GRU,3,15,3.1,3.1,15: 3.1; 17: 3.1; 19: 3.1; 21: 3.1; 25: 3.1,measured (fixed state),0.41400393626342213,,2.097152,0.563448832,127872.0,3098666,NVIDIA GeForce RTX 3090: 6.06304762531046
mazerunner,memo,Memo (accumulating),3,15,540.7,589.8,"15: 540.7; 17: 663.6; 19: 786.4; 21: 909.3; 25: 1,228.8",peak of the recorded per-slot schedule within the task,5.072723627204219,42.20443500283485,82.417664,2.446305792,127872.0,4388430,NVIDIA A30 -> NVIDIA GeForce RTX 3090: 20.099602239994727; NVIDIA L40S -> NVIDIA GeForce RTX 3090 -> NVIDIA L40S: 13.728581704532674; NVIDIA L40S -> NVIDIA RTX 6000 Ada Generation -> NVIDIA L40S: 9.65825873461412
mazerunner,memo_fixed,"Memo, fixed segments",3,15,540.7,589.8,"15: 540.7; 17: 663.6; 19: 786.4; 21: 909.3; 25: 1,228.8",peak of the recorded per-slot schedule within the task,4.281470443736425,36.110476040145535,82.417664,1.99011072,127872.0,4388430,NVIDIA L40S -> NVIDIA RTX 6000 Ada Generation -> NVIDIA L40S -> NVIDIA RTX PRO 6000 Blackwell Server Edition -> NVIDIA L40S: 10.36433793634557; NVIDIA RTX 6000 Ada Generation -> NVIDIA GeForce RTX 3090 -> NVIDIA L40S -> NVIDIA RTX PRO 6000 Blackwell Server Edition -> NVIDIA L40S: 15.613174311486421
tmaze,raw_summary,RSM-O (ours),3,128,249.9,249.9,128: 249.9,measured (fixed state),4.807128002553077,37.95407237460798,81.041408,0.781478912,127872.0,4430316,NVIDIA L40S -> NVIDIA RTX PRO 6000 Blackwell Server Edition -> NVIDIA L40S -> NVIDIA RTX PRO 6000 Blackwell Server Edition: 9.071857651443679; NVIDIA RTX PRO 6000 Blackwell Server Edition -> NVIDIA L40S: 9.35310070534782
tmaze,raw_summary_residual,RSM-R (residual ablation),3,128,249.9,249.9,128: 249.9,measured (fixed state),5.791274828882413,47.283204252835276,81.041408,0.7815195306666666,127872.0,4430316,NVIDIA GeForce RTX 3090 -> NVIDIA A30 -> NVIDIA GeForce RTX 3090 -> NVIDIA L40S: 16.8620620656919; NVIDIA GeForce RTX 3090 -> NVIDIA A30 -> NVIDIA GeForce RTX 3090 -> NVIDIA RTX PRO 6000 Blackwell Server Edition: 16.55364086963146
tmaze,raw_segment,w/o memory,3,128,249.9,249.9,128: 249.9,measured (fixed state),4.923290182418536,40.55163707926113,81.041408,0.766137344,127872.0,4430316,NVIDIA L40S -> NVIDIA RTX PRO 6000 Blackwell Server Edition -> NVIDIA GeForce RTX 3090: 14.28620120882178; NVIDIA RTX PRO 6000 Blackwell Server Edition -> NVIDIA L40S -> NVIDIA A30 -> NVIDIA L40S: 11.956187147189533; NVIDIA RTX PRO 6000 Blackwell Server Edition -> NVIDIA L40S -> NVIDIA A30 -> NVIDIA RTX PRO 6000 Blackwell Server Edition -> NVIDIA L40S: 12.193293681151324
tmaze,full_context,Full-history Transformer,3,128,798.7,1585.2,128: 798.7,"one cache slot per record, peak at the last record",10.801887038784722,,81.532928,0.6587912533333333,127872.0,4360684,NVIDIA GeForce RTX 3090 -> NVIDIA A30: 7.302803495112532
tmaze,full_gru,GRU,3,128,3.1,3.1,128: 3.1,measured (fixed state),1.2455868327783213,,2.097152,0.3070542506666667,127872.0,3071944,NVIDIA GeForce RTX 3090 -> NVIDIA A30: 6.402164705922014
tmaze,memo,Memo (accumulating),3,128,270.3,417.8,128: 270.3,peak of the recorded per-slot schedule within the task,5.0326630498675815,40.234717833603405,82.417664,0.9726235306666666,127872.0,4361708,NVIDIA GeForce RTX 3090 -> NVIDIA L40S -> NVIDIA A30 -> NVIDIA GeForce RTX 3090 -> NVIDIA L40S -> NVIDIA A30: 16.96458411547666; NVIDIA GeForce RTX 3090 -> NVIDIA L40S -> NVIDIA A30 -> NVIDIA GeForce RTX 3090 -> NVIDIA L40S -> NVIDIA RTX PRO 6000 Blackwell Server Edition: 13.73760533936655; NVIDIA GeForce RTX 3090 -> NVIDIA L40S -> NVIDIA A30 -> NVIDIA RTX PRO 6000 Blackwell Server Edition -> NVIDIA A30: 17.956162306537387
tmaze,memo_fixed,"Memo, fixed segments",3,128,270.3,417.8,128: 270.3,peak of the recorded per-slot schedule within the task,4.406679065667333,36.393398917728824,82.417664,0.911549952,127872.0,4361708,NVIDIA L40S -> NVIDIA RTX PRO 6000 Blackwell Server Edition: 9.114002826636622; NVIDIA RTX PRO 6000 Blackwell Server Edition -> NVIDIA L40S: 9.397616912413827
