environment,condition,label,placement,metric,unit,delta,status,estimate,lower,upper,per_seed,tasks,summary_cleared,summary_cleared_drop,summary_cleared_drop_lower,summary_cleared_drop_upper,intervention,intervention_level,intervention_drop,intervention_drop_lower,intervention_drop_upper,evicted_evidence,evicted_estimate,evicted_lower,evicted_upper,evicted_per_seed,evicted_opportunities
keydoor,raw_summary,RSM-O (ours),main,doors_completed,Completed doors per 500-call task,1.0,complete,29.053385416666668,26.027083333333334,32.18125,"42: 28.145, 100: 31.445, 2026: 27.570",256.0,3.3268229166666665,25.7265625,22.88271484375,28.794335937499998,attempt-cleared,2.3033854166666665,26.75,23.648177083333334,30.259960937499994,retained - attempt-cleared,26.75,23.648177083333334,30.259960937499994,,
keydoor,raw_summary_residual,RSM-R (residual ablation),main,doors_completed,Completed doors per 500-call task,1.0,complete,29.845052083333332,27.041536458333336,32.50826822916667,"42: 30.551, 100: 27.773, 2026: 31.211",256.0,3.5924479166666665,26.252604166666668,23.52734375,28.793001302083333,attempt-cleared,2.3723958333333335,27.47265625,25.249967447916667,29.747428385416665,retained - attempt-cleared,27.47265625,25.249967447916667,29.747428385416665,,
keydoor,raw_segment,w/o memory,main,doors_completed,Completed doors per 500-call task,1.0,complete,2.0416666666666665,1.64453125,2.72919921875,"42: 1.746, 100: 2.289, 2026: 2.090",256.0,,,,,attempt-cleared,2.2135416666666665,-0.171875,-0.8633138020833333,0.6406901041666663,retained - attempt-cleared,-0.171875,-0.8633138020833333,0.6406901041666663,,
keydoor,full_context,Full-history Transformer,main,doors_completed,Completed doors per 500-call task,1.0,complete,27.42578125,24.9802734375,29.9404296875,"42: 28.691, 100: 27.648, 2026: 25.938",256.0,,,,,attempt-cleared,2.98828125,24.4375,22.086881510416667,26.7984375,retained - attempt-cleared,24.4375,22.086881510416667,26.7984375,,
keydoor,full_gru,GRU,main,doors_completed,Completed doors per 500-call task,1.0,complete,29.59765625,24.7966796875,33.64498697916667,"42: 33.039, 100: 31.004, 2026: 24.750",256.0,,,,,attempt-cleared,1.5169270833333333,28.080729166666668,23.261490885416666,31.98056640625,retained - attempt-cleared,28.080729166666668,23.261490885416666,31.98056640625,,
keydoor,memo,Memo (accumulating),main,doors_completed,Completed doors per 500-call task,1.0,complete,29.58203125,26.476139322916666,32.78151041666666,"42: 27.617, 100: 31.719, 2026: 29.410",256.0,3.7122395833333335,25.869791666666668,23.47047526041667,28.57724609375,attempt-cleared,3.3151041666666665,26.266927083333332,23.61279296875,29.2333984375,retained - attempt-cleared,26.266927083333332,23.61279296875,29.2333984375,,
keydoor,memo_fixed,"Memo, fixed segments",appendix,doors_completed,Completed doors per 500-call task,1.0,complete,26.765625,23.12877604166667,30.149869791666664,"42: 29.238, 100: 27.559, 2026: 23.500",256.0,3.3333333333333335,23.432291666666668,20.846126302083334,25.929882812499997,attempt-cleared,2.9895833333333335,23.776041666666668,20.62099609375,26.589876302083333,retained - attempt-cleared,23.776041666666668,20.62099609375,26.589876302083333,,
countrecall,raw_summary,RSM-O (ours),main,exact_accuracy,Exact accuracy,0.05,complete,0.9890776699029127,0.9859046318770227,0.9920234754247573,"42: 0.988, 100: 0.989, 2026: 0.990",256.0,0.30945337783171506,0.6796242920711975,0.6763238900687701,0.6824812904530745,current-token,0.03849362864077669,0.950584041262136,0.9468674150485438,0.9539353256472491,accuracy on queries with pre-segment evidence,0.9859338321596244,0.9809455692488264,0.9901527655516432,"42: 0.9842, 100: 0.9846, 2026: 0.9890",18176
countrecall,raw_summary_residual,RSM-R (residual ablation),main,exact_accuracy,Exact accuracy,0.05,complete,0.9903544700647249,0.9857772679004854,0.9940078883495147,"42: 0.985, 100: 0.993, 2026: 0.993",256.0,0.30907413025889957,0.6812803398058254,0.675780301881068,0.6852624393203883,current-token,0.03849362864077669,0.9518608414239482,0.9465384177791262,0.9563994867516181,accuracy on queries with pre-segment evidence,0.9883729460093896,0.9802477626173708,0.9942974251760563,"42: 0.9795, 100: 0.9927, 2026: 0.9930",18176
countrecall,raw_segment,w/o memory,main,exact_accuracy,Exact accuracy,0.05,complete,0.6796116504854369,0.6602175616909385,0.6973481113470873,"42: 0.693, 100: 0.686, 2026: 0.659",256.0,,,,,current-token,0.14858919902912618,0.5310224514563107,0.5188346986245954,0.5429839199029125,accuracy on queries with pre-segment evidence,0.5383105927230047,0.5106321522887324,0.5633440617664319,"42: 0.5574, 100: 0.5484, 2026: 0.5091",18176
countrecall,full_context,Full-history Transformer,main,exact_accuracy,Exact accuracy,0.05,complete,0.9983692354368933,0.9974460836367313,0.9991656553398057,"42: 0.998, 100: 0.999, 2026: 0.998",256.0,,,,,current-token,0.06117263349514562,0.9371966019417476,0.9198640397451457,0.9538465185072816,accuracy on queries with pre-segment evidence,0.9980927230046949,0.9968089788732394,0.9992297535211266,"42: 0.9978, 100: 0.9990, 2026: 0.9975",18176
countrecall,full_gru,GRU,main,exact_accuracy,Exact accuracy,0.05,complete,0.9301425970873787,0.8959335179004854,0.9712151092233009,"42: 0.972, 100: 0.924, 2026: 0.895",256.0,,,,,current-token,0.07203175566343041,0.8581108414239482,0.8294125455097089,0.8950621966019418,accuracy on queries with pre-segment evidence,0.9368764671361501,0.9103735695422535,0.9582994058098591,"42: 0.9588, 100: 0.9421, 2026: 0.9097",18176
countrecall,memo,Memo (accumulating),main,exact_accuracy,Exact accuracy,0.05,complete,0.9561210558252426,0.9463326759708739,0.9650210482402913,"42: 0.946, 100: 0.957, 2026: 0.966",256.0,0.30898563915857596,0.6471354166666667,0.6384632888349514,0.6567487105582525,current-token,0.03849362864077669,0.917627427184466,0.9073842662823626,0.9272859147451457,accuracy on queries with pre-segment evidence,0.9388020833333334,0.9256712147887324,0.9527412522007042,"42: 0.9253, 100: 0.9374, 2026: 0.9537",18176
countrecall,memo_fixed,"Memo, fixed segments",appendix,exact_accuracy,Exact accuracy,0.05,complete,0.9439598503236245,0.9307399120145632,0.9533661382483819,"42: 0.930, 100: 0.951, 2026: 0.951",256.0,0.3011857807443365,0.6427740695792881,0.6222305445995145,0.6645175970873786,current-token,0.03849362864077669,0.9054662216828481,0.8935167627427186,0.9153904985841425,accuracy on queries with pre-segment evidence,0.9326951291079811,0.9014084507042254,0.964461377640845,"42: 0.9016, 100: 0.9314, 2026: 0.9651",18176
mazerunner,raw_summary,RSM-O (ours),main,goal_fraction,Goal fraction,0.1,complete,0.8038194444444443,0.7647569444444443,0.8441840277777777,"42: 0.807, 100: 0.815, 2026: 0.789",256.0,0.6558159722222223,0.14800347222222224,0.10026041666666669,0.19922960069444443,summary-cleared,0.6558159722222223,0.14800347222222224,0.10026041666666669,0.19922960069444443,retained - summary-cleared,0.14800347222222224,0.10026041666666669,0.19922960069444443,,
mazerunner,raw_summary_residual,RSM-R (residual ablation),main,goal_fraction,Goal fraction,0.1,complete,0.7556423611111112,0.7109375,0.796875,"42: 0.746, 100: 0.763, 2026: 0.758",256.0,0.6037326388888888,0.15190972222222224,0.10546875,0.19574652777777776,summary-cleared,0.6037326388888888,0.15190972222222224,0.10546875,0.19574652777777776,retained - summary-cleared,0.15190972222222224,0.10546875,0.19574652777777776,,
mazerunner,raw_segment,w/o memory,main,goal_fraction,Goal fraction,0.1,complete,0.73828125,0.6848741319444445,0.7882052951388887,"42: 0.758, 100: 0.755, 2026: 0.702",256.0,,,,,summary-cleared,,,,,retained - summary-cleared,,,,,
mazerunner,full_context,Full-history Transformer,main,goal_fraction,Goal fraction,0.1,complete,0.7365451388888888,0.6922634548611111,0.7816948784722222,"42: 0.747, 100: 0.750, 2026: 0.712",256.0,,,,,summary-cleared,,,,,retained - summary-cleared,,,,,
mazerunner,full_gru,GRU,main,goal_fraction,Goal fraction,0.1,complete,0.6427951388888888,0.5950520833333334,0.6883680555555555,"42: 0.635, 100: 0.646, 2026: 0.647",256.0,,,,,summary-cleared,,,,,retained - summary-cleared,,,,,
mazerunner,memo,Memo (accumulating),main,goal_fraction,Goal fraction,0.1,complete,0.86328125,0.82421875,0.8980034722222222,"42: 0.874, 100: 0.840, 2026: 0.876",256.0,0.6553819444444444,0.20789930555555558,0.17361111111111116,0.24393446180555556,summary-cleared,0.6553819444444444,0.20789930555555558,0.17361111111111116,0.24393446180555556,retained - summary-cleared,0.20789930555555558,0.17361111111111116,0.24393446180555556,,
mazerunner,memo_fixed,"Memo, fixed segments",appendix,goal_fraction,Goal fraction,0.1,complete,0.8363715277777777,0.786447482638889,0.8819552951388889,"42: 0.818, 100: 0.876, 2026: 0.815",256.0,0.6310763888888888,0.20529513888888892,0.16708984375000002,0.2452365451388889,summary-cleared,0.6310763888888888,0.20529513888888892,0.16708984375000002,0.2452365451388889,retained - summary-cleared,0.20529513888888892,0.16708984375000002,0.2452365451388889,,
tmaze,raw_summary,RSM-O (ours),appendix,goal_success,Greedy success,0.25,complete,1.0,1.0,1.0,"42: 1.000, 100: 1.000, 2026: 1.000",256.0,0.4856770833333333,0.5143229166666666,0.4609375,0.5859375,current-token,0.4856770833333333,0.5143229166666666,0.4596028645833334,0.5859375,retained - summary-cleared,0.5143229166666666,0.4609375,0.5859375,,
tmaze,raw_summary_residual,RSM-R (residual ablation),appendix,goal_success,Greedy success,0.25,complete,1.0,1.0,1.0,"42: 1.000, 100: 1.000, 2026: 1.000",256.0,0.4856770833333333,0.5143229166666666,0.4609375,0.5859375,current-token,0.4856770833333333,0.5143229166666666,0.4596028645833334,0.58984375,retained - summary-cleared,0.5143229166666666,0.4609375,0.5859375,,
tmaze,raw_segment,w/o memory,appendix,goal_success,Greedy success,0.25,complete,0.5143229166666666,0.4635091145833334,0.58984375,"42: 0.457, 100: 0.543, 2026: 0.543",256.0,,,,,current-token,0.5143229166666666,0.0,0.0,0.0,retained - summary-cleared,,,,,
tmaze,full_context,Full-history Transformer,appendix,goal_success,Greedy success,0.25,complete,1.0,1.0,1.0,"42: 1.000, 100: 1.000, 2026: 1.000",256.0,,,,,current-token,0.3619791666666667,0.6380208333333334,0.4140625,1.0,retained - summary-cleared,,,,,
tmaze,full_gru,GRU,appendix,goal_success,Greedy success,0.25,complete,1.0,1.0,1.0,"42: 1.000, 100: 1.000, 2026: 1.000",256.0,,,,,current-token,0.5143229166666666,0.4856770833333333,0.4140625,0.5365234374999996,retained - summary-cleared,,,,,
tmaze,memo,Memo (accumulating),appendix,goal_success,Greedy success,0.25,complete,1.0,1.0,1.0,"42: 1.000, 100: 1.000, 2026: 1.000",256.0,0.4856770833333333,0.5143229166666666,0.4609375,0.58203125,current-token,0.4856770833333333,0.5143229166666666,0.4583333333333333,0.5859375,retained - summary-cleared,0.5143229166666666,0.4609375,0.58203125,,
tmaze,memo_fixed,"Memo, fixed segments",appendix,goal_success,Greedy success,0.25,complete,1.0,1.0,1.0,"42: 1.000, 100: 1.000, 2026: 1.000",256.0,0.18098958333333334,0.8190104166666666,0.46875,1.0,current-token,0.18098958333333334,0.8190104166666666,0.47265625,1.0,retained - summary-cleared,0.8190104166666666,0.46875,1.0,,
