contrast,estimate,lower,upper,positive_seeds,negative_seeds,consistent_gain,within_delta_every_seed,no_fall_every_seed,seed_42,seed_100,seed_2026
H4a RSM last window - first window,-20.1875,-23.469303385416666,-16.808235677083335,0,3,False,False,False,-21.3203125,-21.01953125,-18.22265625
RSM last window - second window,0.2864583333333333,-2.137109374999999,2.8447265624999947,3,0,False,True,True,0.58984375,0.21875,0.05078125
H4b RSM - Memo (last window),9.009114583333334,6.749837239583334,11.407845052083331,3,0,True,False,True,7.15625,10.0,9.87109375
H4b RSM - full history (last window),8.717447916666666,6.566113281250001,10.928580729166665,3,0,True,False,True,6.953125,10.27734375,8.921875
RSM - GRU (last window),7.674479166666667,4.4712890625,10.925878906249999,3,0,True,False,True,4.2109375,9.79296875,9.01953125
RSM - Memo fixed (last window),8.061197916666666,5.57421875,10.5560546875,3,0,True,False,True,5.78515625,9.640625,8.7578125
RSM - RSM no carry (last window),7.8203125,5.34892578125,10.433691406249999,3,0,True,False,True,5.6796875,9.4140625,8.3671875
Memo fixed - Memo (last window),0.9479166666666666,-0.18753255208333328,2.308658854166666,3,0,False,False,True,1.37109375,0.359375,1.11328125
memo last window - second window,0.2526041666666667,-0.16015625,0.9401367187499998,2,1,False,True,True,0.171875,0.66015625,-0.07421875
full_context last window - second window,-0.20703125,-1.42578125,0.8919270833333334,1,2,False,True,True,-0.57421875,0.1171875,-0.1640625
full_gru last window - second window,-0.15625,-2.160546874999999,2.074479166666665,2,1,False,False,False,0.91796875,0.22265625,-1.609375
memo_fixed last window - second window,0.9739583333333334,-0.12646484374999972,2.294628906249998,3,0,False,False,True,0.9609375,1.26171875,0.69921875
H5a RSM layouts 2-n mean - layout 1,-20.36086309523809,-23.36084449404762,-17.767089843750004,0,3,False,False,False,-21.237723214285715,-20.9765625,-18.868303571428573
RSM layout 2 - layout 1,-20.473958333333332,-24.030078125,-17.116796875000002,0,3,False,False,False,-21.91015625,-21.23828125,-18.2734375
RSM layout 3 - layout 1,-20.350260416666668,-23.380436197916666,-17.33193359375,0,3,False,False,False,-20.16796875,-21.421875,-19.4609375
RSM layout 4 - layout 1,-19.877604166666668,-22.98968098958333,-16.732747395833336,0,3,False,False,False,-20.796875,-20.39453125,-18.44140625
RSM layout 5 - layout 1,-21.20703125,-24.21643880208333,-18.37008463541667,0,3,False,False,False,-21.16796875,-21.78125,-20.671875
RSM layout 6 - layout 1,-20.303385416666668,-23.71123046875,-16.702864583333334,0,3,False,False,False,-21.90234375,-20.265625,-18.7421875
RSM layout 7 - layout 1,-20.126302083333332,-23.364778645833333,-16.533398437500004,0,3,False,False,False,-21.3984375,-20.71484375,-18.265625
RSM layout 8 - layout 1,-20.1875,-23.634147135416665,-16.793359375000005,0,3,False,False,False,-21.3203125,-21.01953125,-18.22265625
H5b RSM - Memo (layouts 2-n mean),8.944568452380953,7.2822823660714295,10.549665178571429,3,0,True,False,True,7.157924107142857,10.506138392857142,9.169642857142858
H5b RSM - Memo (layout 2),8.975260416666666,6.335904947916667,11.646028645833333,3,0,True,False,True,6.73828125,10.44140625,9.74609375
H5b RSM - Memo (layout 3),9.02734375,7.028515625,11.107128906249999,3,0,True,False,True,8.3125,10.28515625,8.484375
H5b RSM - Memo (layout 4),9.649739583333334,7.224967447916668,12.108170572916666,3,0,True,False,True,7.76171875,11.375,9.8125
H5b RSM - Memo (layout 5),8.1015625,6.2342773437500005,10.31669921875,3,0,True,False,True,7.390625,9.59375,7.3203125
H5b RSM - Memo (layout 6),8.842447916666666,5.967122395833334,11.929915364583332,3,0,True,False,True,6.26171875,11.16015625,9.10546875
H5b RSM - Memo (layout 7),9.006510416666666,6.271614583333334,11.691438802083333,3,0,True,False,True,6.484375,10.6875,9.84765625
H5b RSM - Memo (layout 8),9.009114583333334,6.76669921875,11.366308593749997,3,0,True,False,True,7.15625,10.0,9.87109375
H5b RSM - full history (layouts 2-n mean),8.607514880952381,6.915164620535715,10.286504836309522,3,0,True,False,True,6.926339285714286,10.428013392857142,8.468191964285714
H5b RSM - full history (layout 2),8.223958333333334,5.596354166666667,10.888378906249999,3,0,True,False,True,5.7890625,10.17578125,8.70703125
H5b RSM - full history (layout 3),8.484375,6.409309895833335,10.453352864583332,3,0,True,False,True,7.96875,9.6171875,7.8671875
H5b RSM - full history (layout 4),9.32421875,6.981673177083334,11.730631510416666,3,0,True,False,True,7.69140625,11.0546875,9.2265625
H5b RSM - full history (layout 5),7.904947916666667,5.890592447916667,10.1796875,3,0,True,False,True,7.30078125,9.59765625,6.81640625
H5b RSM - full history (layout 6),8.368489583333334,5.4123372395833345,11.487337239583331,3,0,True,False,True,5.765625,11.2890625,8.05078125
H5b RSM - full history (layout 7),9.229166666666666,6.8203125,12.074283854166666,3,0,True,False,True,7.015625,10.984375,9.6875
H5b RSM - full history (layout 8),8.717447916666666,6.4999023437500005,11.196842447916666,3,0,True,False,True,6.953125,10.27734375,8.921875
RSM - Memo fixed (layouts 2-n mean),8.784598214285714,7.015039062500001,10.638392857142856,3,0,True,False,True,6.915178571428572,10.625,8.813616071428571
RSM - Memo fixed (layout 2),8.748697916666666,5.9673828125,11.638313802083331,3,0,True,False,True,6.15625,10.68359375,9.40625
RSM - Memo fixed (layout 3),8.727864583333334,6.7303710937500005,10.87151692708333,3,0,True,False,True,8.1328125,9.90234375,8.1484375
RSM - Memo fixed (layout 4),9.4921875,6.725878906250001,12.19817708333333,3,0,True,False,True,7.57421875,11.6015625,9.30078125
RSM - Memo fixed (layout 5),8.322916666666666,6.304654947916667,10.594270833333331,3,0,True,False,True,7.375,10.1171875,7.4765625
RSM - Memo fixed (layout 6),8.78125,6.0,11.887174479166664,3,0,True,False,True,6.3828125,11.15625,8.8046875
RSM - Memo fixed (layout 7),9.358072916666666,6.73828125,12.194042968749999,3,0,True,False,True,7.0,11.2734375,9.80078125
RSM - Memo fixed (layout 8),8.061197916666666,5.565820312500001,10.641959635416667,3,0,True,False,True,5.78515625,9.640625,8.7578125
RSM - GRU (layouts 2-n mean),7.812686011904763,5.645084635416667,9.925688244047617,3,0,True,False,True,5.577008928571429,9.970982142857142,7.890066964285715
RSM - GRU (layout 2),7.231770833333333,4.179329427083334,10.14739583333333,3,0,True,False,True,4.5390625,9.796875,7.359375
RSM - GRU (layout 3),7.852864583333333,5.6220703125,10.254069010416666,3,0,True,False,True,7.9453125,9.19921875,6.4140625
RSM - GRU (layout 4),8.546875,5.4321940104166675,11.695540364583332,3,0,True,False,True,5.81640625,11.0390625,8.78515625
RSM - GRU (layout 5),7.243489583333333,5.163183593750001,9.886816406249999,3,0,True,False,True,5.97265625,9.20703125,6.55078125
RSM - GRU (layout 6),7.764322916666667,4.1405273437500005,11.238769531249996,3,0,True,False,True,4.2109375,10.8984375,8.18359375
RSM - GRU (layout 7),8.375,5.910026041666667,10.946093749999996,3,0,True,False,True,6.34375,9.86328125,8.91796875
RSM - GRU (layout 8),7.674479166666667,4.257649739583334,10.746191406249999,3,0,True,False,True,4.2109375,9.79296875,9.01953125
RSM - RSM no carry (layouts 2-n mean),7.485677083333333,5.773939732142856,9.12059616815476,3,0,True,False,True,5.822544642857143,9.172991071428571,7.461495535714286
RSM - RSM no carry (layout 2),7.328125,4.72001953125,10.070312499999993,3,0,True,False,True,5.03125,8.97265625,7.98046875
RSM - RSM no carry (layout 3),7.25,5.166796875000002,9.324414062499999,3,0,True,False,True,7.04296875,8.18359375,6.5234375
RSM - RSM no carry (layout 4),8.036458333333334,5.499837239583334,10.699316406249999,3,0,True,False,True,5.96484375,9.9921875,8.15234375
RSM - RSM no carry (layout 5),6.6796875,4.587174479166669,8.890722656249999,3,0,True,False,True,6.00390625,8.42578125,5.609375
RSM - RSM no carry (layout 6),7.557291666666667,4.966145833333333,10.46165364583333,3,0,True,False,True,5.23828125,9.86328125,7.5703125
RSM - RSM no carry (layout 7),7.727864583333333,5.3749023437500005,10.182421875,3,0,True,False,True,5.796875,9.359375,8.02734375
RSM - RSM no carry (layout 8),7.8203125,5.484212239583334,10.475292968749999,3,0,True,False,True,5.6796875,9.4140625,8.3671875
