variant,layout,units_with_a_door,units,median_calls_to_first_door,mean_calls_to_first_door
raw_summary,1,684,768,145.0,170.09649122807016
raw_summary,2,292,768,282.5,285.8082191780822
raw_summary,3,272,768,244.5,252.95220588235293
raw_summary,4,280,768,243.0,246.49285714285713
raw_summary,5,247,768,222.0,239.30364372469634
raw_summary,6,255,768,235.0,233.01960784313727
raw_summary,7,263,768,235.0,232.82889733840304
raw_summary,8,243,768,194.0,217.71604938271605
raw_segment,1,540,768,150.0,179.97592592592594
raw_segment,2,559,768,136.0,172.09660107334525
raw_segment,3,553,768,146.0,180.99638336347198
raw_segment,4,563,768,144.0,179.41563055062167
raw_segment,5,544,768,143.0,175.9264705882353
raw_segment,6,560,768,150.0,181.5232142857143
raw_segment,7,529,768,148.0,181.25330812854443
raw_segment,8,535,768,152.0,179.66168224299065
full_context,1,684,768,145.5,183.71783625730995
full_context,2,33,768,96.0,153.42424242424244
full_context,3,73,768,124.0,186.34246575342465
full_context,4,51,768,138.0,170.0
full_context,5,92,768,248.5,237.8695652173913
full_context,6,101,768,152.0,177.58415841584159
full_context,7,77,768,125.0,172.23376623376623
full_context,8,77,768,143.0,170.16883116883116
full_gru,1,642,768,99.5,139.4392523364486
full_gru,2,33,768,118.0,181.0909090909091
full_gru,3,31,768,100.0,152.06451612903226
full_gru,4,30,768,76.5,156.26666666666668
full_gru,5,29,768,47.0,101.06896551724138
full_gru,6,33,768,150.0,163.12121212121212
full_gru,7,27,768,96.0,148.37037037037038
full_gru,8,40,768,93.5,130.025
memo,1,645,768,116.0,146.4356589147287
memo,2,48,768,139.0,207.60416666666666
memo,3,65,768,160.0,193.2923076923077
memo,4,51,768,140.0,171.98039215686273
memo,5,68,768,180.5,183.23529411764707
memo,6,50,768,98.0,157.44
memo,7,79,768,98.0,160.25316455696202
memo,8,88,768,98.0,147.625
memo_fixed,1,648,768,132.0,164.93672839506172
memo_fixed,2,33,768,193.0,198.0909090909091
memo_fixed,3,41,768,191.0,190.53658536585365
memo_fixed,4,25,768,58.0,151.32
memo_fixed,5,37,768,231.0,221.59459459459458
memo_fixed,6,49,768,100.0,148.26530612244898
memo_fixed,7,39,768,197.0,211.3846153846154
memo_fixed,8,81,768,96.0,126.77777777777777
