seed,task_id,segment,pc1,pc2,pc1_share,pc2_share,count_0,count_1,count_2,count_3
42,5000000,2,16.373508986192135,20.88116915441854,0.3162077743739266,0.18886762194097567,15.0,17.0,17.0,15.0
42,5000001,2,-0.7423688771468988,21.312124665044344,0.3162077743739266,0.18886762194097567,12.0,17.0,17.0,18.0
42,5000002,2,20.2885759121603,-2.2328063967929053,0.3162077743739266,0.18886762194097567,18.0,16.0,16.0,14.0
42,5000003,2,19.1534123676546,18.50775820569308,0.3162077743739266,0.18886762194097567,15.0,15.0,18.0,16.0
42,5000004,2,12.16484929012431,-29.5058841033332,0.3162077743739266,0.18886762194097567,16.0,16.0,13.0,19.0
42,5000005,2,14.421496570120912,-10.20126952340388,0.3162077743739266,0.18886762194097567,19.0,15.0,16.0,14.0
42,5000006,2,1.2654026643167267,23.5666941595099,0.3162077743739266,0.18886762194097567,12.0,17.0,17.0,18.0
42,5000007,2,15.223189235450866,20.480393215876035,0.3162077743739266,0.18886762194097567,16.0,16.0,18.0,14.0
42,5000008,2,20.162397077885913,-8.814885049887177,0.3162077743739266,0.18886762194097567,16.0,16.0,15.0,17.0
42,5000009,2,21.317179124505824,-21.39396811526052,0.3162077743739266,0.18886762194097567,17.0,16.0,14.0,17.0
42,5000010,2,11.321833111559497,-1.1102474653895895,0.3162077743739266,0.18886762194097567,16.0,19.0,14.0,15.0
42,5000011,2,19.02996693664283,2.434358278386092,0.3162077743739266,0.18886762194097567,17.0,15.0,17.0,15.0
42,5000012,2,-4.2410048950444255,-14.752176906244411,0.3162077743739266,0.18886762194097567,17.0,20.0,12.0,15.0
42,5000013,2,23.76333572762278,-19.712976884142535,0.3162077743739266,0.18886762194097567,18.0,15.0,15.0,16.0
42,5000014,2,21.65517962873133,-10.779030460229441,0.3162077743739266,0.18886762194097567,17.0,16.0,15.0,16.0
42,5000015,2,-2.662752375544184,25.84236009243849,0.3162077743739266,0.18886762194097567,17.0,18.0,18.0,11.0
42,5000016,2,0.15570273847255078,22.25952883876048,0.3162077743739266,0.18886762194097567,12.0,17.0,17.0,18.0
42,5000017,2,18.939771232662267,-20.773617182747486,0.3162077743739266,0.18886762194097567,17.0,16.0,14.0,17.0
42,5000018,2,3.5301158141952236,-2.13952977811642,0.3162077743739266,0.18886762194097567,19.0,18.0,15.0,12.0
42,5000019,2,7.973347558033035,22.560555309742632,0.3162077743739266,0.18886762194097567,15.0,13.0,20.0,16.0
42,5000020,2,24.449101405699636,-3.603055448944799,0.3162077743739266,0.18886762194097567,17.0,14.0,17.0,16.0
42,5000021,2,-4.242824636521698,32.650056755955056,0.3162077743739266,0.18886762194097567,13.0,15.0,20.0,16.0
42,5000022,2,-9.116512775070499,12.477624172793805,0.3162077743739266,0.18886762194097567,12.0,19.0,15.0,18.0
42,5000023,2,19.45184337013655,-12.757083357682525,0.3162077743739266,0.18886762194097567,16.0,17.0,14.0,17.0
42,5000024,2,7.141200210349701,-33.46612441543585,0.3162077743739266,0.18886762194097567,19.0,11.0,16.0,18.0
42,5000025,2,18.187793785420112,-2.208343679310132,0.3162077743739266,0.18886762194097567,16.0,17.0,15.0,16.0
42,5000026,2,17.55785656910075,-12.991066321301174,0.3162077743739266,0.18886762194097567,16.0,17.0,14.0,17.0
42,5000027,2,21.139650093391964,-21.92285477580173,0.3162077743739266,0.18886762194097567,17.0,16.0,14.0,17.0
42,5000028,2,7.248790978076961,6.28971276851026,0.3162077743739266,0.18886762194097567,13.0,16.0,16.0,19.0
42,5000029,2,9.705669858962192,27.803884705714466,0.3162077743739266,0.18886762194097567,14.0,18.0,17.0,15.0
42,5000030,2,22.528457844439323,-1.3502695967083382,0.3162077743739266,0.18886762194097567,16.0,14.0,17.0,17.0
42,5000031,2,10.355596295892951,-4.8634098879374035,0.3162077743739266,0.18886762194097567,19.0,16.0,16.0,13.0
42,5000032,2,15.15753714201102,-6.317576781440033,0.3162077743739266,0.18886762194097567,18.0,17.0,15.0,14.0
42,5000033,2,9.091777377356557,7.646850107102685,0.3162077743739266,0.18886762194097567,14.0,18.0,15.0,17.0
42,5000034,2,-4.545017832591908,21.63824750017661,0.3162077743739266,0.18886762194097567,12.0,14.0,19.0,19.0
42,5000035,2,25.75776236220784,-7.089689086782185,0.3162077743739266,0.18886762194097567,17.0,15.0,16.0,16.0
42,5000036,2,20.446701169848588,-4.7576520557184665,0.3162077743739266,0.18886762194097567,17.0,17.0,15.0,15.0
42,5000037,2,19.42713395335716,-15.40184734172885,0.3162077743739266,0.18886762194097567,17.0,17.0,14.0,16.0
42,5000038,2,-3.100809698224249,39.71915027868262,0.3162077743739266,0.18886762194097567,14.0,18.0,19.0,13.0
42,5000039,2,-3.269715484495785,36.73807283640124,0.3162077743739266,0.18886762194097567,12.0,19.0,17.0,16.0
42,5000040,2,12.003264869160091,-25.76748538501257,0.3162077743739266,0.18886762194097567,17.0,12.0,16.0,19.0
42,5000041,2,15.487258113616402,-32.20903117461543,0.3162077743739266,0.18886762194097567,18.0,16.0,13.0,17.0
42,5000042,2,11.940436902088539,24.411913943496458,0.3162077743739266,0.18886762194097567,16.0,18.0,17.0,13.0
42,5000043,2,16.08416604662659,6.50636589490035,0.3162077743739266,0.18886762194097567,15.0,18.0,15.0,16.0
42,5000044,2,10.644630797774608,23.99296182322104,0.3162077743739266,0.18886762194097567,16.0,18.0,17.0,13.0
42,5000045,2,5.7755698056456195,40.342013082368034,0.3162077743739266,0.18886762194097567,14.0,17.0,19.0,14.0
42,5000046,2,25.054069547608442,-11.69125763942521,0.3162077743739266,0.18886762194097567,17.0,16.0,15.0,16.0
42,5000047,2,-6.145325701105265,-48.19567303187784,0.3162077743739266,0.18886762194097567,21.0,12.0,13.0,18.0
42,5000048,2,19.942984945094206,-15.215615129838646,0.3162077743739266,0.18886762194097567,17.0,17.0,14.0,16.0
42,5000049,2,19.818077339951547,4.392749082247924,0.3162077743739266,0.18886762194097567,15.0,16.0,16.0,17.0
42,5000050,2,19.20892176183002,-16.660953494574997,0.3162077743739266,0.18886762194097567,17.0,15.0,15.0,17.0
42,5000051,2,17.030659295987256,8.94383792695035,0.3162077743739266,0.18886762194097567,16.0,14.0,18.0,16.0
42,5000052,2,-23.002505237397557,48.722820988631284,0.3162077743739266,0.18886762194097567,11.0,16.0,22.0,15.0
42,5000053,2,1.4019151584645655,-9.675158773242535,0.3162077743739266,0.18886762194097567,20.0,17.0,15.0,12.0
42,5000054,2,20.420450689547746,-2.0006382638111084,0.3162077743739266,0.18886762194097567,16.0,14.0,17.0,17.0
42,5000055,2,5.928857601146753,-2.574678748427403,0.3162077743739266,0.18886762194097567,14.0,18.0,14.0,18.0
42,5000056,2,20.062696264960703,5.899614559138856,0.3162077743739266,0.18886762194097567,17.0,17.0,16.0,14.0
42,5000057,2,15.803540966524594,12.706818305668689,0.3162077743739266,0.18886762194097567,17.0,15.0,18.0,14.0
42,5000058,2,14.82955302424664,8.519236600238997,0.3162077743739266,0.18886762194097567,14.0,15.0,17.0,18.0
42,5000059,2,16.666622378492274,19.121282234646635,0.3162077743739266,0.18886762194097567,16.0,17.0,17.0,14.0
42,5000060,2,-30.090811081039575,-14.130367955671158,0.3162077743739266,0.18886762194097567,19.0,22.0,11.0,12.0
42,5000061,2,13.865924888303681,-12.648574542644264,0.3162077743739266,0.18886762194097567,15.0,15.0,15.0,19.0
42,5000062,2,-15.319060313373951,-13.771373584635464,0.3162077743739266,0.18886762194097567,13.0,19.0,12.0,20.0
42,5000063,2,4.184771681727701,27.63070134874248,0.3162077743739266,0.18886762194097567,13.0,15.0,19.0,17.0
42,5000064,2,15.221308252984493,-42.05005751537506,0.3162077743739266,0.18886762194097567,18.0,13.0,14.0,19.0
42,5000065,2,2.9423261734833073,-26.789138531524273,0.3162077743739266,0.18886762194097567,20.0,17.0,13.0,14.0
42,5000066,2,14.0876841555566,-33.133594403082384,0.3162077743739266,0.18886762194097567,18.0,14.0,14.0,18.0
42,5000067,2,7.554459939956065,-25.268284726469034,0.3162077743739266,0.18886762194097567,19.0,17.0,13.0,15.0
42,5000068,2,16.678718152970088,-34.36116168508638,0.3162077743739266,0.18886762194097567,18.0,14.0,14.0,18.0
42,5000069,2,18.422151915532588,-19.91978872317857,0.3162077743739266,0.18886762194097567,16.0,16.0,14.0,18.0
42,5000070,2,3.7173908670832914,-38.793071683642076,0.3162077743739266,0.18886762194097567,17.0,14.0,13.0,20.0
42,5000071,2,13.619742663813284,13.129389914313077,0.3162077743739266,0.18886762194097567,17.0,18.0,16.0,13.0
42,5000072,2,16.973836292218365,-14.372712749546244,0.3162077743739266,0.18886762194097567,16.0,15.0,15.0,18.0
42,5000073,2,16.270747350539708,16.45028331165532,0.3162077743739266,0.18886762194097567,14.0,16.0,17.0,17.0
42,5000074,2,0.27179483195285237,26.96918072065846,0.3162077743739266,0.18886762194097567,15.0,20.0,16.0,13.0
42,5000075,2,17.464566607901645,-6.759732346776357,0.3162077743739266,0.18886762194097567,16.0,18.0,14.0,16.0
42,5000076,2,-7.304954469897369,-24.629929856399816,0.3162077743739266,0.18886762194097567,16.0,10.0,17.0,21.0
42,5000077,2,-0.17133095118007322,-46.92494463748244,0.3162077743739266,0.18886762194097567,21.0,15.0,12.0,16.0
42,5000078,2,12.929769544540736,-10.638052489922556,0.3162077743739266,0.18886762194097567,18.0,18.0,14.0,14.0
42,5000079,2,10.84288591841681,7.816510352496211,0.3162077743739266,0.18886762194097567,18.0,13.0,19.0,14.0
42,5000080,2,-5.839873376826312,15.509860921100929,0.3162077743739266,0.18886762194097567,12.0,19.0,15.0,18.0
42,5000081,2,0.9148865702434537,4.954389737681758,0.3162077743739266,0.18886762194097567,18.0,19.0,15.0,12.0
42,5000082,2,8.753133216122551,34.41493356747488,0.3162077743739266,0.18886762194097567,14.0,16.0,19.0,15.0
42,5000083,2,0.2398009136327109,13.456760671628867,0.3162077743739266,0.18886762194097567,12.0,17.0,16.0,19.0
42,5000084,2,-6.620591287868154,32.73631329211386,0.3162077743739266,0.18886762194097567,14.0,20.0,17.0,13.0
42,5000085,2,-6.923129432205611,14.407624432765989,0.3162077743739266,0.18886762194097567,12.0,19.0,15.0,18.0
42,5000086,2,17.080883997051114,-0.10497992455568428,0.3162077743739266,0.18886762194097567,15.0,17.0,15.0,17.0
42,5000087,2,21.820082589010006,12.522328570554812,0.3162077743739266,0.18886762194097567,16.0,16.0,17.0,15.0
42,5000088,2,19.24879101047398,-2.361702428451175,0.3162077743739266,0.18886762194097567,18.0,16.0,16.0,14.0
42,5000089,2,12.047125552892117,-4.187939855511791,0.3162077743739266,0.18886762194097567,15.0,18.0,14.0,17.0
42,5000090,2,4.706206842062226,-45.11632913006372,0.3162077743739266,0.18886762194097567,17.0,15.0,12.0,20.0
42,5000091,2,20.512531997120554,-8.683013209580094,0.3162077743739266,0.18886762194097567,16.0,16.0,15.0,17.0
42,5000092,2,8.583626472232222,-36.146405253109364,0.3162077743739266,0.18886762194097567,19.0,17.0,12.0,16.0
42,5000093,2,19.30041518271469,9.477245995407134,0.3162077743739266,0.18886762194097567,17.0,16.0,17.0,14.0
42,5000094,2,-13.997682137961535,-15.55829292494267,0.3162077743739266,0.18886762194097567,16.0,21.0,11.0,16.0
42,5000095,2,1.0847401013663995,-21.453563252622757,0.3162077743739266,0.18886762194097567,18.0,19.0,12.0,15.0
42,5000096,2,21.214023358641196,-15.890291956394583,0.3162077743739266,0.18886762194097567,16.0,15.0,15.0,18.0
42,5000097,2,-13.998600511305122,-13.774411727409591,0.3162077743739266,0.18886762194097567,22.0,12.0,18.0,12.0
42,5000098,2,6.269958142889846,4.607980622968959,0.3162077743739266,0.18886762194097567,14.0,13.0,18.0,19.0
42,5000099,2,1.3257478015379092,-7.110724450785028,0.3162077743739266,0.18886762194097567,17.0,20.0,13.0,14.0
42,5000100,2,4.556130849500816,22.068489615663385,0.3162077743739266,0.18886762194097567,14.0,19.0,16.0,15.0
42,5000101,2,13.212472771069367,4.536825767307438,0.3162077743739266,0.18886762194097567,14.0,16.0,16.0,18.0
42,5000102,2,-34.70454295079838,34.55030157960259,0.3162077743739266,0.18886762194097567,9.0,20.0,17.0,18.0
42,5000103,2,-13.470607004909319,17.371255770108228,0.3162077743739266,0.18886762194097567,11.0,15.0,18.0,20.0
42,5000104,2,14.291872659760612,-19.842212740693746,0.3162077743739266,0.18886762194097567,19.0,12.0,17.0,16.0
42,5000105,2,11.961235694894057,11.218673684988474,0.3162077743739266,0.18886762194097567,16.0,13.0,19.0,16.0
42,5000106,2,9.717568295971823,28.475703651895202,0.3162077743739266,0.18886762194097567,13.0,16.0,18.0,17.0
42,5000107,2,15.676970635640867,-0.23518651956237813,0.3162077743739266,0.18886762194097567,15.0,17.0,15.0,17.0
42,5000108,2,-0.9485660096674946,-13.779154010769881,0.3162077743739266,0.18886762194097567,14.0,13.0,16.0,21.0
42,5000109,2,-3.0401798341144,13.139905788288278,0.3162077743739266,0.18886762194097567,18.0,19.0,16.0,11.0
42,5000110,2,22.7886697652446,-2.452741241355048,0.3162077743739266,0.18886762194097567,16.0,17.0,15.0,16.0
42,5000111,2,-6.528333492590766,10.82129253870949,0.3162077743739266,0.18886762194097567,15.0,21.0,14.0,14.0
42,5000112,2,14.945393459890523,-7.537434231398011,0.3162077743739266,0.18886762194097567,19.0,14.0,17.0,14.0
42,5000113,2,16.562129539755706,6.091711767053039,0.3162077743739266,0.18886762194097567,15.0,18.0,15.0,16.0
42,5000114,2,15.6090765289002,-31.374041871373052,0.3162077743739266,0.18886762194097567,18.0,16.0,13.0,17.0
42,5000115,2,20.12772812641174,-23.532502823619552,0.3162077743739266,0.18886762194097567,17.0,14.0,15.0,18.0
42,5000116,2,-10.378974889651106,20.163724851056877,0.3162077743739266,0.18886762194097567,12.0,20.0,15.0,17.0
42,5000117,2,15.939856555015922,13.656486483151397,0.3162077743739266,0.18886762194097567,16.0,18.0,16.0,14.0
42,5000118,2,16.294361172643985,-16.248022524210484,0.3162077743739266,0.18886762194097567,17.0,15.0,15.0,17.0
42,5000119,2,-1.7124970122609562,19.17300658535242,0.3162077743739266,0.18886762194097567,12.0,18.0,16.0,18.0
42,5000120,2,13.61864201617388,25.452345452674088,0.3162077743739266,0.18886762194097567,16.0,15.0,19.0,14.0
42,5000121,2,15.730824316784327,-5.681464245106106,0.3162077743739266,0.18886762194097567,18.0,17.0,15.0,14.0
42,5000122,2,8.028388392369068,26.661019042124188,0.3162077743739266,0.18886762194097567,14.0,18.0,17.0,15.0
42,5000123,2,1.1192416501666225,-43.49491866060823,0.3162077743739266,0.18886762194097567,20.0,12.0,14.0,18.0
42,5000124,2,1.540829556711301,42.52630501488311,0.3162077743739266,0.18886762194097567,14.0,16.0,20.0,14.0
42,5000125,2,21.903218604637935,-12.763578004359866,0.3162077743739266,0.18886762194097567,18.0,16.0,15.0,15.0
42,5000126,2,5.232355626298323,35.16197479405815,0.3162077743739266,0.18886762194097567,14.0,15.0,20.0,15.0
42,5000127,2,15.833454522165932,-14.394410366082692,0.3162077743739266,0.18886762194097567,19.0,16.0,15.0,14.0
42,5000128,2,-3.9747072091664197,46.1785099448327,0.3162077743739266,0.18886762194097567,13.0,17.0,20.0,14.0
42,5000129,2,-18.93359617578322,32.123437729725836,0.3162077743739266,0.18886762194097567,10.0,16.0,19.0,19.0
42,5000130,2,25.65030447932943,-7.2250930424357085,0.3162077743739266,0.18886762194097567,17.0,15.0,16.0,16.0
42,5000131,2,10.22405312559399,4.7209081816144565,0.3162077743739266,0.18886762194097567,15.0,18.0,15.0,16.0
42,5000132,2,5.772532979600488,-3.527503223725085,0.3162077743739266,0.18886762194097567,18.0,19.0,14.0,13.0
42,5000133,2,7.191394279545395,13.15108743345629,0.3162077743739266,0.18886762194097567,13.0,17.0,16.0,18.0
42,5000134,2,17.832943754169165,21.028594320249542,0.3162077743739266,0.18886762194097567,15.0,17.0,17.0,15.0
42,5000135,2,1.5037010571196021,30.551256283616897,0.3162077743739266,0.18886762194097567,15.0,15.0,20.0,14.0
42,5000136,2,4.757209760896156,-17.76439057807302,0.3162077743739266,0.18886762194097567,20.0,12.0,17.0,15.0
42,5000137,2,-11.190224183682972,-16.267902849325445,0.3162077743739266,0.18886762194097567,19.0,20.0,12.0,13.0
42,5000138,2,13.031546796164445,17.263479846377454,0.3162077743739266,0.18886762194097567,16.0,14.0,19.0,15.0
42,5000139,2,8.292033261147882,9.593651151727082,0.3162077743739266,0.18886762194097567,18.0,15.0,18.0,13.0
42,5000140,2,12.506175811067568,7.909706968877858,0.3162077743739266,0.18886762194097567,14.0,18.0,15.0,17.0
42,5000141,2,18.158006192232875,-2.781629861157505,0.3162077743739266,0.18886762194097567,16.0,17.0,15.0,16.0
42,5000142,2,3.6168512324794615,34.35686899909602,0.3162077743739266,0.18886762194097567,15.0,17.0,19.0,13.0
42,5000143,2,-6.943191265600268,20.633791595236694,0.3162077743739266,0.18886762194097567,12.0,14.0,19.0,19.0
42,5000144,2,3.364805434421407,-43.414056403325745,0.3162077743739266,0.18886762194097567,17.0,15.0,12.0,20.0
42,5000145,2,18.831440985154988,15.237864328207046,0.3162077743739266,0.18886762194097567,16.0,15.0,18.0,15.0
42,5000146,2,12.279330680123126,12.790735521456444,0.3162077743739266,0.18886762194097567,16.0,18.0,16.0,14.0
42,5000147,2,13.06085911833665,-17.512388134293634,0.3162077743739266,0.18886762194097567,19.0,17.0,14.0,14.0
42,5000148,2,21.777761639094543,-1.045292724091854,0.3162077743739266,0.18886762194097567,16.0,14.0,17.0,17.0
42,5000149,2,25.056932179848697,1.6959916175537133,0.3162077743739266,0.18886762194097567,16.0,16.0,16.0,16.0
42,5000150,2,18.328157712439822,3.1867700158496093,0.3162077743739266,0.18886762194097567,15.0,16.0,16.0,17.0
42,5000151,2,3.7512243235177416,-10.77053911898047,0.3162077743739266,0.18886762194097567,14.0,15.0,15.0,20.0
42,5000152,2,2.8471510064219006,27.81078534363425,0.3162077743739266,0.18886762194097567,14.0,14.0,20.0,16.0
42,5000153,2,13.885265764701765,18.61036702529279,0.3162077743739266,0.18886762194097567,16.0,14.0,19.0,15.0
42,5000154,2,13.262141732292646,-28.031875301262847,0.3162077743739266,0.18886762194097567,17.0,13.0,15.0,19.0
42,5000155,2,23.89859615550403,-10.394309027343276,0.3162077743739266,0.18886762194097567,17.0,16.0,15.0,16.0
42,5000156,2,14.70034751662018,-23.2033905783396,0.3162077743739266,0.18886762194097567,19.0,16.0,14.0,15.0
42,5000157,2,2.509631099776924,25.155821106662323,0.3162077743739266,0.18886762194097567,17.0,16.0,19.0,12.0
42,5000158,2,12.858685151766506,16.223929219531037,0.3162077743739266,0.18886762194097567,17.0,14.0,19.0,14.0
42,5000159,2,6.269900912863033,26.43481780598799,0.3162077743739266,0.18886762194097567,15.0,17.0,18.0,14.0
42,5000160,2,-4.341063361484767,-5.031641160649654,0.3162077743739266,0.18886762194097567,21.0,15.0,17.0,11.0
42,5000161,2,9.583648628013988,-26.086108751405842,0.3162077743739266,0.18886762194097567,16.0,13.0,15.0,20.0
42,5000162,2,3.3869213432569083,38.0312743134402,0.3162077743739266,0.18886762194097567,13.0,18.0,18.0,15.0
42,5000163,2,16.366123394490057,0.8286582214164386,0.3162077743739266,0.18886762194097567,18.0,15.0,17.0,14.0
42,5000164,2,10.468954365391507,24.209395702433106,0.3162077743739266,0.18886762194097567,15.0,18.0,17.0,14.0
42,5000165,2,21.573672372554306,-1.8391175446912107,0.3162077743739266,0.18886762194097567,16.0,14.0,17.0,17.0
42,5000166,2,13.59206587098406,-18.75679302154912,0.3162077743739266,0.18886762194097567,17.0,18.0,13.0,16.0
42,5000167,2,22.32520985542456,3.92285236690613,0.3162077743739266,0.18886762194097567,17.0,15.0,17.0,15.0
42,5000168,2,18.1405540172208,21.476185324928153,0.3162077743739266,0.18886762194097567,15.0,17.0,17.0,15.0
42,5000169,2,19.11156908177668,6.418380889427397,0.3162077743739266,0.18886762194097567,17.0,17.0,16.0,14.0
42,5000170,2,-1.6377758262195092,-33.58171893024142,0.3162077743739266,0.18886762194097567,17.0,18.0,11.0,18.0
42,5000171,2,11.272747450364953,-1.4225949968444156,0.3162077743739266,0.18886762194097567,19.0,15.0,17.0,13.0
42,5000172,2,-2.2859372378270213,-28.92900111101574,0.3162077743739266,0.18886762194097567,20.0,18.0,12.0,14.0
42,5000173,2,9.972154431743256,-18.288754301618418,0.3162077743739266,0.18886762194097567,19.0,12.0,17.0,16.0
42,5000174,2,15.54095229918804,-6.504275914801767,0.3162077743739266,0.18886762194097567,15.0,13.0,17.0,19.0
42,5000175,2,13.269809582070643,-24.334739475293844,0.3162077743739266,0.18886762194097567,16.0,15.0,14.0,19.0
42,5000176,2,23.333563084370546,-9.32628095308233,0.3162077743739266,0.18886762194097567,18.0,15.0,16.0,15.0
42,5000177,2,-9.473523845114771,45.686768255536144,0.3162077743739266,0.18886762194097567,13.0,16.0,21.0,14.0
42,5000178,2,6.77500352634998,18.64997194237424,0.3162077743739266,0.18886762194097567,17.0,13.0,20.0,14.0
42,5000179,2,8.079975237014402,-26.43893874816872,0.3162077743739266,0.18886762194097567,17.0,18.0,12.0,17.0
42,5000180,2,20.567644479195327,-6.928607401323867,0.3162077743739266,0.18886762194097567,17.0,15.0,16.0,16.0
42,5000181,2,-9.53392936336683,22.12583254032961,0.3162077743739266,0.18886762194097567,18.0,15.0,20.0,11.0
42,5000182,2,7.120566449838782,-11.725045268610764,0.3162077743739266,0.18886762194097567,16.0,12.0,17.0,19.0
42,5000183,2,-4.9024303649644985,-8.137957547223689,0.3162077743739266,0.18886762194097567,20.0,11.0,19.0,14.0
42,5000184,2,18.6473773941376,17.93840502135212,0.3162077743739266,0.18886762194097567,15.0,15.0,18.0,16.0
42,5000185,2,15.942347648066047,6.299967792490878,0.3162077743739266,0.18886762194097567,14.0,16.0,16.0,18.0
42,5000186,2,20.613769751789754,-8.185620625777624,0.3162077743739266,0.18886762194097567,16.0,13.0,17.0,18.0
42,5000187,2,2.365137976980092,-40.600393829394534,0.3162077743739266,0.18886762194097567,19.0,11.0,15.0,19.0
42,5000188,2,6.899301553075508,-29.128692817748693,0.3162077743739266,0.18886762194097567,16.0,14.0,14.0,20.0
42,5000189,2,2.259122472916008,-49.61022530254337,0.3162077743739266,0.18886762194097567,21.0,13.0,13.0,17.0
42,5000190,2,4.114225418637501,-42.41818046462599,0.3162077743739266,0.18886762194097567,19.0,12.0,14.0,19.0
42,5000191,2,-30.965282156145616,20.67440987944325,0.3162077743739266,0.18886762194097567,9.0,17.0,17.0,21.0
42,5000192,2,-7.634284280713688,46.920946516442214,0.3162077743739266,0.18886762194097567,12.0,17.0,20.0,15.0
42,5000193,2,12.310607186011016,18.418412011475876,0.3162077743739266,0.18886762194097567,14.0,18.0,16.0,16.0
42,5000194,2,20.046489497501398,-20.102123313604242,0.3162077743739266,0.18886762194097567,16.0,16.0,14.0,18.0
42,5000195,2,21.685428946781986,4.091915902122001,0.3162077743739266,0.18886762194097567,15.0,16.0,16.0,17.0
42,5000196,2,17.503432202477267,-17.88949406080459,0.3162077743739266,0.18886762194097567,18.0,15.0,15.0,16.0
42,5000197,2,8.3762839145963,-1.1074541514660954,0.3162077743739266,0.18886762194097567,19.0,15.0,17.0,13.0
42,5000198,2,5.3110422862805065,-9.47322343143311,0.3162077743739266,0.18886762194097567,16.0,19.0,13.0,16.0
42,5000199,2,14.882065009582913,-18.570388992063755,0.3162077743739266,0.18886762194097567,20.0,14.0,16.0,14.0
42,5000200,2,20.663531127176235,-2.219460921871249,0.3162077743739266,0.18886762194097567,16.0,17.0,15.0,16.0
42,5000201,2,21.483703571664645,12.248746742369661,0.3162077743739266,0.18886762194097567,16.0,16.0,17.0,15.0
42,5000202,2,-2.515962624566617,25.733871641717943,0.3162077743739266,0.18886762194097567,15.0,20.0,16.0,13.0
42,5000203,2,9.71501039983393,-4.460149285603997,0.3162077743739266,0.18886762194097567,15.0,18.0,14.0,17.0
42,5000204,2,18.063575980019287,-2.289581946943359,0.3162077743739266,0.18886762194097567,17.0,14.0,17.0,16.0
42,5000205,2,12.417831360364325,17.081703821821996,0.3162077743739266,0.18886762194097567,16.0,14.0,19.0,15.0
42,5000206,2,-4.474343898076409,-14.498228569897513,0.3162077743739266,0.18886762194097567,17.0,20.0,12.0,15.0
42,5000207,2,8.095188489525244,-28.173593262306433,0.3162077743739266,0.18886762194097567,17.0,18.0,12.0,17.0
42,5000208,2,-4.233024632107437,39.52622120716029,0.3162077743739266,0.18886762194097567,12.0,15.0,20.0,17.0
42,5000209,2,23.736132729052635,2.399301967548931,0.3162077743739266,0.18886762194097567,16.0,16.0,16.0,16.0
42,5000210,2,5.675820131542416,31.098163020410098,0.3162077743739266,0.18886762194097567,15.0,19.0,17.0,13.0
42,5000211,2,-1.7485527862519752,3.097841584051256,0.3162077743739266,0.18886762194097567,20.0,16.0,17.0,11.0
42,5000212,2,15.490306086326477,-7.644073617590848,0.3162077743739266,0.18886762194097567,16.0,13.0,17.0,18.0
42,5000213,2,-11.831409265725274,2.5365492821873725,0.3162077743739266,0.18886762194097567,12.0,14.0,17.0,21.0
42,5000214,2,19.75579332237247,4.3128318729232396,0.3162077743739266,0.18886762194097567,15.0,16.0,16.0,17.0
42,5000215,2,7.888047656163647,-35.06503179720193,0.3162077743739266,0.18886762194097567,18.0,12.0,15.0,19.0
42,5000216,2,3.8470393788616115,-29.522954469142068,0.3162077743739266,0.18886762194097567,19.0,18.0,12.0,15.0
42,5000217,2,15.37139857144725,12.359738359589416,0.3162077743739266,0.18886762194097567,16.0,13.0,19.0,16.0
42,5000218,2,15.825975802792179,-26.38276358074276,0.3162077743739266,0.18886762194097567,19.0,14.0,15.0,16.0
42,5000219,2,22.867817139450537,-15.626888027132798,0.3162077743739266,0.18886762194097567,16.0,15.0,15.0,18.0
42,5000220,2,15.642565315138174,-21.221989384545715,0.3162077743739266,0.18886762194097567,18.0,16.0,14.0,16.0
42,5000221,2,1.670998937632866,-50.75772264330691,0.3162077743739266,0.18886762194097567,20.0,14.0,12.0,18.0
42,5000222,2,17.681609449473164,8.810883769886658,0.3162077743739266,0.18886762194097567,16.0,14.0,18.0,16.0
42,5000223,2,19.74856979053233,-1.494092972953809,0.3162077743739266,0.18886762194097567,16.0,14.0,17.0,17.0
42,5000224,2,9.45906723682642,30.00410558952274,0.3162077743739266,0.18886762194097567,14.0,17.0,18.0,15.0
42,5000225,2,21.49136998971877,-22.437825660943858,0.3162077743739266,0.18886762194097567,18.0,16.0,14.0,16.0
42,5000226,2,-21.2373217056226,46.32546470867397,0.3162077743739266,0.18886762194097567,13.0,14.0,23.0,14.0
42,5000227,2,1.9934325738665164,31.031643838369163,0.3162077743739266,0.18886762194097567,13.0,14.0,20.0,17.0
42,5000228,2,9.691643417196305,-33.426406963336134,0.3162077743739266,0.18886762194097567,17.0,17.0,12.0,18.0
42,5000229,2,16.63320725723749,-11.070585308186917,0.3162077743739266,0.18886762194097567,18.0,13.0,17.0,16.0
42,5000230,2,5.707896404811381,30.936837657613424,0.3162077743739266,0.18886762194097567,13.0,17.0,18.0,16.0
42,5000231,2,10.857139044551072,-17.102984539281824,0.3162077743739266,0.18886762194097567,16.0,13.0,16.0,19.0
42,5000232,2,-2.6333510222931693,45.036480523490184,0.3162077743739266,0.18886762194097567,15.0,17.0,20.0,12.0
42,5000233,2,15.364248380899406,15.944424609273801,0.3162077743739266,0.18886762194097567,14.0,16.0,17.0,17.0
42,5000234,2,2.588656368186699,29.3693582116336,0.3162077743739266,0.18886762194097567,15.0,19.0,17.0,13.0
42,5000235,2,21.211925131069147,9.195481631336007,0.3162077743739266,0.18886762194097567,16.0,14.0,18.0,16.0
42,5000236,2,-3.0060360902227368,-5.732362259689931,0.3162077743739266,0.18886762194097567,17.0,20.0,13.0,14.0
42,5000237,2,18.386882034597164,-35.83109343199858,0.3162077743739266,0.18886762194097567,18.0,14.0,14.0,18.0
42,5000238,2,9.099064455485042,-2.62448909675304,0.3162077743739266,0.18886762194097567,14.0,18.0,14.0,18.0
42,5000239,2,9.745233144900585,-31.148173003887983,0.3162077743739266,0.18886762194097567,16.0,14.0,14.0,20.0
42,5000240,2,13.034209472497256,-27.264503064651297,0.3162077743739266,0.18886762194097567,20.0,14.0,15.0,15.0
42,5000241,2,-18.703789887286312,8.44656988703375,0.3162077743739266,0.18886762194097567,14.0,22.0,13.0,15.0
42,5000242,2,15.573077792248203,-15.26574068216345,0.3162077743739266,0.18886762194097567,18.0,17.0,14.0,15.0
42,5000243,2,8.860838780572557,-15.04218780491811,0.3162077743739266,0.18886762194097567,15.0,18.0,13.0,18.0
42,5000244,2,18.827189814733533,10.110010347847744,0.3162077743739266,0.18886762194097567,15.0,17.0,16.0,16.0
42,5000245,2,13.688867569854757,6.774057139388406,0.3162077743739266,0.18886762194097567,18.0,16.0,17.0,13.0
42,5000246,2,17.320982076637627,4.519282897313431,0.3162077743739266,0.18886762194097567,16.0,18.0,15.0,15.0
42,5000247,2,14.386752924680465,7.698866531441913,0.3162077743739266,0.18886762194097567,15.0,18.0,15.0,16.0
42,5000248,2,20.839194307392425,-22.815537884909368,0.3162077743739266,0.18886762194097567,18.0,13.0,16.0,17.0
42,5000249,2,11.062454264136871,-0.9970377135023469,0.3162077743739266,0.18886762194097567,19.0,15.0,17.0,13.0
42,5000250,2,9.734647325636969,-26.003767035436766,0.3162077743739266,0.18886762194097567,20.0,14.0,15.0,15.0
42,5000251,2,21.909029698029507,12.297082271245834,0.3162077743739266,0.18886762194097567,16.0,16.0,17.0,15.0
42,5000252,2,-18.46583928473407,21.57756005713876,0.3162077743739266,0.18886762194097567,10.0,17.0,17.0,20.0
42,5000253,2,15.265692078692854,-15.725838293665621,0.3162077743739266,0.18886762194097567,18.0,17.0,14.0,15.0
42,5000254,2,3.4178443525727102,16.900220276184143,0.3162077743739266,0.18886762194097567,17.0,13.0,20.0,14.0
42,5000255,2,-20.33978815565404,49.72654372927416,0.3162077743739266,0.18886762194097567,12.0,16.0,22.0,14.0
100,5000000,2,18.54751848610531,17.19596515743934,0.33067055020314157,0.1902430491017978,15.0,17.0,17.0,15.0
100,5000001,2,4.598480067263943,23.841069894372694,0.33067055020314157,0.1902430491017978,12.0,17.0,17.0,18.0
100,5000002,2,17.011199121702262,-5.235817912071269,0.33067055020314157,0.1902430491017978,18.0,16.0,16.0,14.0
100,5000003,2,18.77943854292866,11.140820366659451,0.33067055020314157,0.1902430491017978,15.0,15.0,18.0,16.0
100,5000004,2,9.708058911174692,-20.45840248364597,0.33067055020314157,0.1902430491017978,16.0,16.0,13.0,19.0
100,5000005,2,14.723447338825308,-14.371436293717059,0.33067055020314157,0.1902430491017978,19.0,15.0,16.0,14.0
100,5000006,2,4.472459502174823,24.561835534146883,0.33067055020314157,0.1902430491017978,12.0,17.0,17.0,18.0
100,5000007,2,17.42108905504432,12.7629915293664,0.33067055020314157,0.1902430491017978,16.0,16.0,18.0,14.0
100,5000008,2,20.226337476721255,-8.871068295877773,0.33067055020314157,0.1902430491017978,16.0,16.0,15.0,17.0
100,5000009,2,17.094323605489034,-17.51305068153514,0.33067055020314157,0.1902430491017978,17.0,16.0,14.0,17.0
100,5000010,2,8.254214477203915,2.803681360353287,0.33067055020314157,0.1902430491017978,16.0,19.0,14.0,15.0
100,5000011,2,19.570119482599058,-2.725517028947876,0.33067055020314157,0.1902430491017978,17.0,15.0,17.0,15.0
100,5000012,2,-3.3505129050214753,-7.026270068037904,0.33067055020314157,0.1902430491017978,17.0,20.0,12.0,15.0
100,5000013,2,18.90169822137211,-20.310089685180692,0.33067055020314157,0.1902430491017978,18.0,15.0,15.0,16.0
100,5000014,2,20.45033534204611,-11.226477381822606,0.33067055020314157,0.1902430491017978,17.0,16.0,15.0,16.0
100,5000015,2,0.7093019841401608,20.00056216375969,0.33067055020314157,0.1902430491017978,17.0,18.0,18.0,11.0
100,5000016,2,4.9857311140825455,24.040777665672323,0.33067055020314157,0.1902430491017978,12.0,17.0,17.0,18.0
100,5000017,2,16.88171444091791,-17.30367897387373,0.33067055020314157,0.1902430491017978,17.0,16.0,14.0,17.0
100,5000018,2,2.8322856355469193,-3.0962732712734287,0.33067055020314157,0.1902430491017978,19.0,18.0,15.0,12.0
100,5000019,2,9.95340510069883,10.865666863917246,0.33067055020314157,0.1902430491017978,15.0,13.0,20.0,16.0
100,5000020,2,20.666732662639507,-10.026912319071155,0.33067055020314157,0.1902430491017978,17.0,14.0,17.0,16.0
100,5000021,2,5.928969180731795,26.279793830611297,0.33067055020314157,0.1902430491017978,13.0,15.0,20.0,16.0
100,5000022,2,-2.8726592830592983,20.064683120827056,0.33067055020314157,0.1902430491017978,12.0,19.0,15.0,18.0
100,5000023,2,15.829638607592875,-8.48314714401566,0.33067055020314157,0.1902430491017978,16.0,17.0,14.0,17.0
100,5000024,2,4.622159023127683,-33.92921104485207,0.33067055020314157,0.1902430491017978,19.0,11.0,16.0,18.0
100,5000025,2,16.795051525162947,-1.8390502058714226,0.33067055020314157,0.1902430491017978,16.0,17.0,15.0,16.0
100,5000026,2,15.467495654749714,-8.266183138681514,0.33067055020314157,0.1902430491017978,16.0,17.0,14.0,17.0
100,5000027,2,16.665364936271835,-17.792560387512896,0.33067055020314157,0.1902430491017978,17.0,16.0,14.0,17.0
100,5000028,2,9.016297108950479,9.621339392844254,0.33067055020314157,0.1902430491017978,13.0,16.0,16.0,19.0
100,5000029,2,12.55319309724961,25.30416714249111,0.33067055020314157,0.1902430491017978,14.0,18.0,17.0,15.0
100,5000030,2,20.39648305000511,-5.233104150184595,0.33067055020314157,0.1902430491017978,16.0,14.0,17.0,17.0
100,5000031,2,11.120254225839233,-8.921331227622039,0.33067055020314157,0.1902430491017978,19.0,16.0,16.0,13.0
100,5000032,2,14.603448217299734,-7.626987082324028,0.33067055020314157,0.1902430491017978,18.0,17.0,15.0,14.0
100,5000033,2,11.636525096980064,11.666170014086505,0.33067055020314157,0.1902430491017978,14.0,18.0,15.0,17.0
100,5000034,2,1.3389076151478934,17.26395884710414,0.33067055020314157,0.1902430491017978,12.0,14.0,19.0,19.0
100,5000035,2,21.847443541820486,-10.84794111431876,0.33067055020314157,0.1902430491017978,17.0,15.0,16.0,16.0
100,5000036,2,18.1479513028397,-5.141952136800125,0.33067055020314157,0.1902430491017978,17.0,17.0,15.0,15.0
100,5000037,2,14.48483305360875,-11.528076894546427,0.33067055020314157,0.1902430491017978,17.0,17.0,14.0,16.0
100,5000038,2,3.235925648668567,34.56961645580669,0.33067055020314157,0.1902430491017978,14.0,18.0,19.0,13.0
100,5000039,2,0.45426429506434474,33.70445202631316,0.33067055020314157,0.1902430491017978,12.0,19.0,17.0,16.0
100,5000040,2,11.155743708784026,-25.930516755391285,0.33067055020314157,0.1902430491017978,17.0,12.0,16.0,19.0
100,5000041,2,11.736054380461454,-26.82872939861164,0.33067055020314157,0.1902430491017978,18.0,16.0,13.0,17.0
100,5000042,2,10.800059014206832,19.681478578918863,0.33067055020314157,0.1902430491017978,16.0,18.0,17.0,13.0
100,5000043,2,14.561585390090885,8.528647001291564,0.33067055020314157,0.1902430491017978,15.0,18.0,15.0,16.0
100,5000044,2,10.779178479591454,19.384958405292373,0.33067055020314157,0.1902430491017978,16.0,18.0,17.0,13.0
100,5000045,2,9.55910127403938,32.55508590768645,0.33067055020314157,0.1902430491017978,14.0,17.0,19.0,14.0
100,5000046,2,19.960553161540574,-11.375172273575838,0.33067055020314157,0.1902430491017978,17.0,16.0,15.0,16.0
100,5000047,2,-2.716850862882619,-45.3213277175302,0.33067055020314157,0.1902430491017978,21.0,12.0,13.0,18.0
100,5000048,2,15.94535616614435,-11.979163663947014,0.33067055020314157,0.1902430491017978,17.0,17.0,14.0,16.0
100,5000049,2,18.061733575091505,4.322998163920307,0.33067055020314157,0.1902430491017978,15.0,16.0,16.0,17.0
100,5000050,2,17.37324437951246,-16.17622442024702,0.33067055020314157,0.1902430491017978,17.0,15.0,15.0,17.0
100,5000051,2,16.89197296510508,1.8285856403741882,0.33067055020314157,0.1902430491017978,16.0,14.0,18.0,16.0
100,5000052,2,-8.986443543332609,41.47275069874348,0.33067055020314157,0.1902430491017978,11.0,16.0,22.0,15.0
100,5000053,2,2.485060228066941,-10.603752544259752,0.33067055020314157,0.1902430491017978,20.0,17.0,15.0,12.0
100,5000054,2,18.681253316748823,-5.420777320242075,0.33067055020314157,0.1902430491017978,16.0,14.0,17.0,17.0
100,5000055,2,7.883401764573907,4.411958924113199,0.33067055020314157,0.1902430491017978,14.0,18.0,14.0,18.0
100,5000056,2,17.255193241925788,3.9285090167947194,0.33067055020314157,0.1902430491017978,17.0,17.0,16.0,14.0
100,5000057,2,17.686935787141607,4.159247621469301,0.33067055020314157,0.1902430491017978,17.0,15.0,18.0,14.0
100,5000058,2,14.855357463118846,6.231058341001281,0.33067055020314157,0.1902430491017978,14.0,15.0,17.0,18.0
100,5000059,2,17.49515920588275,13.832319369182443,0.33067055020314157,0.1902430491017978,16.0,17.0,17.0,14.0
100,5000060,2,-21.368255555117585,-5.61682830434294,0.33067055020314157,0.1902430491017978,19.0,22.0,11.0,12.0
100,5000061,2,15.063658666951243,-9.079320825017614,0.33067055020314157,0.1902430491017978,15.0,15.0,15.0,19.0
100,5000062,2,-7.802528474181111,-0.874715549457658,0.33067055020314157,0.1902430491017978,13.0,19.0,12.0,20.0
100,5000063,2,9.674393668755634,21.579381834859387,0.33067055020314157,0.1902430491017978,13.0,15.0,19.0,17.0
100,5000064,2,9.75592892667198,-34.958270420591845,0.33067055020314157,0.1902430491017978,18.0,13.0,14.0,19.0
100,5000065,2,3.578542062983366,-24.367235771701996,0.33067055020314157,0.1902430491017978,20.0,17.0,13.0,14.0
100,5000066,2,11.90198769693201,-30.204944214002897,0.33067055020314157,0.1902430491017978,18.0,14.0,14.0,18.0
100,5000067,2,6.92303802175526,-21.192297216203123,0.33067055020314157,0.1902430491017978,19.0,17.0,13.0,15.0
100,5000068,2,13.578120484587219,-30.740626238214723,0.33067055020314157,0.1902430491017978,18.0,14.0,14.0,18.0
100,5000069,2,15.639166235552473,-14.687405145122609,0.33067055020314157,0.1902430491017978,16.0,16.0,14.0,18.0
100,5000070,2,4.82924803163321,-31.135521903360853,0.33067055020314157,0.1902430491017978,17.0,14.0,13.0,20.0
100,5000071,2,10.329505531702534,9.632681867157697,0.33067055020314157,0.1902430491017978,17.0,18.0,16.0,13.0
100,5000072,2,15.789253354356706,-12.31118199762614,0.33067055020314157,0.1902430491017978,16.0,15.0,15.0,18.0
100,5000073,2,15.557240160608844,14.313972164362646,0.33067055020314157,0.1902430491017978,14.0,16.0,17.0,17.0
100,5000074,2,1.5986945586759918,25.126105989344367,0.33067055020314157,0.1902430491017978,15.0,20.0,16.0,13.0
100,5000075,2,12.62259284063644,-2.382154896894701,0.33067055020314157,0.1902430491017978,16.0,18.0,14.0,16.0
100,5000076,2,-4.843768169585274,-24.33292545531281,0.33067055020314157,0.1902430491017978,16.0,10.0,17.0,21.0
100,5000077,2,-0.1803569389810975,-40.76984378404583,0.33067055020314157,0.1902430491017978,21.0,15.0,12.0,16.0
100,5000078,2,8.319036629500335,-7.895482499423868,0.33067055020314157,0.1902430491017978,18.0,18.0,14.0,14.0
100,5000079,2,10.87917992387547,-4.03090593932756,0.33067055020314157,0.1902430491017978,18.0,13.0,19.0,14.0
100,5000080,2,-0.5230644615715199,20.751999908933048,0.33067055020314157,0.1902430491017978,12.0,19.0,15.0,18.0
100,5000081,2,1.3226527872222473,3.2272398174088597,0.33067055020314157,0.1902430491017978,18.0,19.0,15.0,12.0
100,5000082,2,11.170073708413938,26.612662571374212,0.33067055020314157,0.1902430491017978,14.0,16.0,19.0,15.0
100,5000083,2,2.9875064586898903,17.12768107363316,0.33067055020314157,0.1902430491017978,12.0,17.0,16.0,19.0
100,5000084,2,1.2319046598876344,32.247946112148455,0.33067055020314157,0.1902430491017978,14.0,20.0,17.0,13.0
100,5000085,2,-0.7002974954934261,21.61664598101683,0.33067055020314157,0.1902430491017978,12.0,19.0,15.0,18.0
100,5000086,2,15.504694493415244,2.9661665829813604,0.33067055020314157,0.1902430491017978,15.0,17.0,15.0,17.0
100,5000087,2,20.09853404709938,8.212593510465839,0.33067055020314157,0.1902430491017978,16.0,16.0,17.0,15.0
100,5000088,2,16.629355182443717,-5.697324984570216,0.33067055020314157,0.1902430491017978,18.0,16.0,16.0,14.0
100,5000089,2,11.966587871827258,0.9850763397275739,0.33067055020314157,0.1902430491017978,15.0,18.0,14.0,17.0
100,5000090,2,1.9630162532901791,-33.493123545804735,0.33067055020314157,0.1902430491017978,17.0,15.0,12.0,20.0
100,5000091,2,18.48568459114313,-6.862918750223076,0.33067055020314157,0.1902430491017978,16.0,16.0,15.0,17.0
100,5000092,2,4.557868761585094,-28.803663634710734,0.33067055020314157,0.1902430491017978,19.0,17.0,12.0,16.0
100,5000093,2,18.873792632336116,3.140039492870811,0.33067055020314157,0.1902430491017978,17.0,16.0,17.0,14.0
100,5000094,2,-9.871803148194692,-5.843265547437772,0.33067055020314157,0.1902430491017978,16.0,21.0,11.0,16.0
100,5000095,2,0.5863303503478652,-15.310755409421022,0.33067055020314157,0.1902430491017978,18.0,19.0,12.0,15.0
100,5000096,2,17.85715413042238,-12.720003529760824,0.33067055020314157,0.1902430491017978,16.0,15.0,15.0,18.0
100,5000097,2,-6.377648993024348,-21.07076863927676,0.33067055020314157,0.1902430491017978,22.0,12.0,18.0,12.0
100,5000098,2,8.70074895515332,0.9803597998208435,0.33067055020314157,0.1902430491017978,14.0,13.0,18.0,19.0
100,5000099,2,0.16268880798326507,-0.9444727085242808,0.33067055020314157,0.1902430491017978,17.0,20.0,13.0,14.0
100,5000100,2,9.316469093964198,23.173911677636703,0.33067055020314157,0.1902430491017978,14.0,19.0,16.0,15.0
100,5000101,2,15.34396504492268,6.222032886848773,0.33067055020314157,0.1902430491017978,14.0,16.0,16.0,18.0
100,5000102,2,-21.13149828635415,37.12652757335749,0.33067055020314157,0.1902430491017978,9.0,20.0,17.0,18.0
100,5000103,2,-3.919628645449576,19.37842455682518,0.33067055020314157,0.1902430491017978,11.0,15.0,18.0,20.0
100,5000104,2,11.273464143319712,-25.761779673603122,0.33067055020314157,0.1902430491017978,19.0,12.0,17.0,16.0
100,5000105,2,13.822077318846052,1.7719207592096888,0.33067055020314157,0.1902430491017978,16.0,13.0,19.0,16.0
100,5000106,2,9.829604125493022,24.081168706356422,0.33067055020314157,0.1902430491017978,13.0,16.0,18.0,17.0
100,5000107,2,17.14920817479216,2.5131975810555787,0.33067055020314157,0.1902430491017978,15.0,17.0,15.0,17.0
100,5000108,2,4.306804467628514,-10.704513173412451,0.33067055020314157,0.1902430491017978,14.0,13.0,16.0,21.0
100,5000109,2,-2.059483665856816,10.784096958047442,0.33067055020314157,0.1902430491017978,18.0,19.0,16.0,11.0
100,5000110,2,18.5436314763813,-0.5177646642215941,0.33067055020314157,0.1902430491017978,16.0,17.0,15.0,16.0
100,5000111,2,-2.3369837665471698,15.939263744727882,0.33067055020314157,0.1902430491017978,15.0,21.0,14.0,14.0
100,5000112,2,14.343334875103526,-16.10487102743713,0.33067055020314157,0.1902430491017978,19.0,14.0,17.0,14.0
100,5000113,2,14.598849736429123,8.461668050075122,0.33067055020314157,0.1902430491017978,15.0,18.0,15.0,16.0
100,5000114,2,11.329282365927178,-26.663920083762946,0.33067055020314157,0.1902430491017978,18.0,16.0,13.0,17.0
100,5000115,2,17.406086700851972,-22.76541449205581,0.33067055020314157,0.1902430491017978,17.0,14.0,15.0,18.0
100,5000116,2,-4.0822863480839295,24.910426789187895,0.33067055020314157,0.1902430491017978,12.0,20.0,15.0,17.0
100,5000117,2,13.034461504604714,12.650954579814073,0.33067055020314157,0.1902430491017978,16.0,18.0,16.0,14.0
100,5000118,2,16.392621184221056,-16.833918556963752,0.33067055020314157,0.1902430491017978,17.0,15.0,15.0,17.0
100,5000119,2,2.8995115117270327,22.41932363960333,0.33067055020314157,0.1902430491017978,12.0,18.0,16.0,18.0
100,5000120,2,15.144311919247812,14.27575618250453,0.33067055020314157,0.1902430491017978,16.0,15.0,19.0,14.0
100,5000121,2,12.637938459742735,-5.954219804004989,0.33067055020314157,0.1902430491017978,18.0,17.0,15.0,14.0
100,5000122,2,12.053719869101997,24.59658678173425,0.33067055020314157,0.1902430491017978,14.0,18.0,17.0,15.0
100,5000123,2,2.7202545780708176,-40.77483631310482,0.33067055020314157,0.1902430491017978,20.0,12.0,14.0,18.0
100,5000124,2,8.421529354685216,31.152733792517925,0.33067055020314157,0.1902430491017978,14.0,16.0,20.0,14.0
100,5000125,2,18.14752668651458,-13.998517374184022,0.33067055020314157,0.1902430491017978,18.0,16.0,15.0,15.0
100,5000126,2,10.400921396302191,25.117137572324815,0.33067055020314157,0.1902430491017978,14.0,15.0,20.0,15.0
100,5000127,2,13.832295334261975,-14.910618569300171,0.33067055020314157,0.1902430491017978,19.0,16.0,15.0,14.0
100,5000128,2,3.5054991897613013,38.16787353967744,0.33067055020314157,0.1902430491017978,13.0,17.0,20.0,14.0
100,5000129,2,-9.373441393611618,30.772822065350777,0.33067055020314157,0.1902430491017978,10.0,16.0,19.0,19.0
100,5000130,2,21.95844649214462,-9.9255103384436,0.33067055020314157,0.1902430491017978,17.0,15.0,16.0,16.0
100,5000131,2,15.256942304081871,6.8150360025808885,0.33067055020314157,0.1902430491017978,15.0,18.0,15.0,16.0
100,5000132,2,3.0427920417992778,-2.0846408876224496,0.33067055020314157,0.1902430491017978,18.0,19.0,14.0,13.0
100,5000133,2,10.193026596553407,15.339438789932267,0.33067055020314157,0.1902430491017978,13.0,17.0,16.0,18.0
100,5000134,2,17.949030055283746,17.60671255008048,0.33067055020314157,0.1902430491017978,15.0,17.0,17.0,15.0
100,5000135,2,9.510994205952509,21.659554619415054,0.33067055020314157,0.1902430491017978,15.0,15.0,20.0,14.0
100,5000136,2,7.098433900800047,-23.671629826366704,0.33067055020314157,0.1902430491017978,20.0,12.0,17.0,15.0
100,5000137,2,-9.012997345609108,-10.168354327765698,0.33067055020314157,0.1902430491017978,19.0,20.0,12.0,13.0
100,5000138,2,15.780245926309906,6.305198845613981,0.33067055020314157,0.1902430491017978,16.0,14.0,19.0,15.0
100,5000139,2,12.393534879293863,2.0460553101865817,0.33067055020314157,0.1902430491017978,18.0,15.0,18.0,13.0
100,5000140,2,11.252321291752677,11.54885642797527,0.33067055020314157,0.1902430491017978,14.0,18.0,15.0,17.0
100,5000141,2,18.929713498376906,-1.1206528291283546,0.33067055020314157,0.1902430491017978,16.0,17.0,15.0,16.0
100,5000142,2,9.793236629819495,26.39881113875996,0.33067055020314157,0.1902430491017978,15.0,17.0,19.0,13.0
100,5000143,2,1.0306561754119388,18.89446223611798,0.33067055020314157,0.1902430491017978,12.0,14.0,19.0,19.0
100,5000144,2,2.0922360650432865,-32.192111476178056,0.33067055020314157,0.1902430491017978,17.0,15.0,12.0,20.0
100,5000145,2,19.747805435792458,7.788126383851856,0.33067055020314157,0.1902430491017978,16.0,15.0,18.0,15.0
100,5000146,2,13.661504055255351,11.310882717563445,0.33067055020314157,0.1902430491017978,16.0,18.0,16.0,14.0
100,5000147,2,10.090898045252615,-16.994051242306703,0.33067055020314157,0.1902430491017978,19.0,17.0,14.0,14.0
100,5000148,2,20.00490886016861,-5.799391287163578,0.33067055020314157,0.1902430491017978,16.0,14.0,17.0,17.0
100,5000149,2,21.888251559342123,0.09366910356308356,0.33067055020314157,0.1902430491017978,16.0,16.0,16.0,16.0
100,5000150,2,18.616420431367075,2.4940427243406225,0.33067055020314157,0.1902430491017978,15.0,16.0,16.0,17.0
100,5000151,2,9.408803331439742,-5.799436067094698,0.33067055020314157,0.1902430491017978,14.0,15.0,15.0,20.0
100,5000152,2,9.926628939484715,18.941408114548572,0.33067055020314157,0.1902430491017978,14.0,14.0,20.0,16.0
100,5000153,2,15.310328070724381,9.250114462958305,0.33067055020314157,0.1902430491017978,16.0,14.0,19.0,15.0
100,5000154,2,12.997523798729429,-25.949303891199005,0.33067055020314157,0.1902430491017978,17.0,13.0,15.0,19.0
100,5000155,2,20.125889256988145,-11.07056740975061,0.33067055020314157,0.1902430491017978,17.0,16.0,15.0,16.0
100,5000156,2,11.702475910174485,-21.44994807415057,0.33067055020314157,0.1902430491017978,19.0,16.0,14.0,15.0
100,5000157,2,7.9444128657426125,15.564665991706953,0.33067055020314157,0.1902430491017978,17.0,16.0,19.0,12.0
100,5000158,2,14.095891357787487,4.288624298720937,0.33067055020314157,0.1902430491017978,17.0,14.0,19.0,14.0
100,5000159,2,13.944279414428568,21.96233375134312,0.33067055020314157,0.1902430491017978,15.0,17.0,18.0,14.0
100,5000160,2,-1.2356810220909915,-12.18262103975633,0.33067055020314157,0.1902430491017978,21.0,15.0,17.0,11.0
100,5000161,2,9.461478342208695,-23.025660978788594,0.33067055020314157,0.1902430491017978,16.0,13.0,15.0,20.0
100,5000162,2,7.919353467473732,33.74483194177516,0.33067055020314157,0.1902430491017978,13.0,18.0,18.0,15.0
100,5000163,2,17.370572397772186,-5.919639271093866,0.33067055020314157,0.1902430491017978,18.0,15.0,17.0,14.0
100,5000164,2,13.14696765712819,21.073065238001504,0.33067055020314157,0.1902430491017978,15.0,18.0,17.0,14.0
100,5000165,2,19.843170457518436,-6.233133671592651,0.33067055020314157,0.1902430491017978,16.0,14.0,17.0,17.0
100,5000166,2,9.456131298795533,-12.539193517008036,0.33067055020314157,0.1902430491017978,17.0,18.0,13.0,16.0
100,5000167,2,21.561397211935883,-2.822572241229773,0.33067055020314157,0.1902430491017978,17.0,15.0,17.0,15.0
100,5000168,2,18.419908564249482,17.204224463693464,0.33067055020314157,0.1902430491017978,15.0,17.0,17.0,15.0
100,5000169,2,17.335903812639827,3.1213221018485413,0.33067055020314157,0.1902430491017978,17.0,17.0,16.0,14.0
100,5000170,2,-2.337729477024907,-22.987291544961153,0.33067055020314157,0.1902430491017978,17.0,18.0,11.0,18.0
100,5000171,2,11.565670663750458,-8.191756859868033,0.33067055020314157,0.1902430491017978,19.0,15.0,17.0,13.0
100,5000172,2,-2.5046031698583646,-23.365194460642385,0.33067055020314157,0.1902430491017978,20.0,18.0,12.0,14.0
100,5000173,2,9.63239110535817,-23.47858027088119,0.33067055020314157,0.1902430491017978,19.0,12.0,17.0,16.0
100,5000174,2,12.546088826829948,-8.860894180769964,0.33067055020314157,0.1902430491017978,15.0,13.0,17.0,19.0
100,5000175,2,13.078477910635073,-18.930908855528603,0.33067055020314157,0.1902430491017978,16.0,15.0,14.0,19.0
100,5000176,2,19.873993139050913,-12.763009486308466,0.33067055020314157,0.1902430491017978,18.0,15.0,16.0,15.0
100,5000177,2,1.423384453764023,36.77130158936066,0.33067055020314157,0.1902430491017978,13.0,16.0,21.0,14.0
100,5000178,2,8.570952980750247,5.743329478280823,0.33067055020314157,0.1902430491017978,17.0,13.0,20.0,14.0
100,5000179,2,4.672986555279655,-18.768162839913455,0.33067055020314157,0.1902430491017978,17.0,18.0,12.0,17.0
100,5000180,2,19.842449115727984,-9.672592819639952,0.33067055020314157,0.1902430491017978,17.0,15.0,16.0,16.0
100,5000181,2,-0.21815279726809456,12.440798995430143,0.33067055020314157,0.1902430491017978,18.0,15.0,20.0,11.0
100,5000182,2,8.561436413951295,-13.525662129609017,0.33067055020314157,0.1902430491017978,16.0,12.0,17.0,19.0
100,5000183,2,-0.2504967814897394,-17.41469131838193,0.33067055020314157,0.1902430491017978,20.0,11.0,19.0,14.0
100,5000184,2,18.978043953697984,11.254814234596383,0.33067055020314157,0.1902430491017978,15.0,15.0,18.0,16.0
100,5000185,2,14.851056831391318,6.955025505204455,0.33067055020314157,0.1902430491017978,14.0,16.0,16.0,18.0
100,5000186,2,16.236910372445443,-12.60799169621538,0.33067055020314157,0.1902430491017978,16.0,13.0,17.0,18.0
100,5000187,2,2.842949441615695,-38.12278133723237,0.33067055020314157,0.1902430491017978,19.0,11.0,15.0,19.0
100,5000188,2,8.802122150948982,-23.64434338533513,0.33067055020314157,0.1902430491017978,16.0,14.0,14.0,20.0
100,5000189,2,1.363995855965415,-45.3181316983287,0.33067055020314157,0.1902430491017978,21.0,13.0,13.0,17.0
100,5000190,2,5.069480234164191,-39.63835167006049,0.33067055020314157,0.1902430491017978,19.0,12.0,14.0,19.0
100,5000191,2,-20.295051316985212,25.083241602613732,0.33067055020314157,0.1902430491017978,9.0,17.0,17.0,21.0
100,5000192,2,0.3503076111532389,39.74447039439616,0.33067055020314157,0.1902430491017978,12.0,17.0,20.0,15.0
100,5000193,2,12.979627864761804,18.6503191095039,0.33067055020314157,0.1902430491017978,14.0,18.0,16.0,16.0
100,5000194,2,15.448530240361574,-14.27749952159871,0.33067055020314157,0.1902430491017978,16.0,16.0,14.0,18.0
100,5000195,2,19.9132284850265,2.988745452128488,0.33067055020314157,0.1902430491017978,15.0,16.0,16.0,17.0
100,5000196,2,16.901797854361206,-19.889521563102477,0.33067055020314157,0.1902430491017978,18.0,15.0,15.0,16.0
100,5000197,2,12.142075456141487,-7.823137249087817,0.33067055020314157,0.1902430491017978,19.0,15.0,17.0,13.0
100,5000198,2,6.140883750969439,-3.031362282462265,0.33067055020314157,0.1902430491017978,16.0,19.0,13.0,16.0
100,5000199,2,12.47725881025896,-23.676392400836534,0.33067055020314157,0.1902430491017978,20.0,14.0,16.0,14.0
100,5000200,2,17.14999394445571,-0.13284812326878628,0.33067055020314157,0.1902430491017978,16.0,17.0,15.0,16.0
100,5000201,2,20.941820470166128,7.406698260986947,0.33067055020314157,0.1902430491017978,16.0,16.0,17.0,15.0
100,5000202,2,1.897446712587498,25.081450525796765,0.33067055020314157,0.1902430491017978,15.0,20.0,16.0,13.0
100,5000203,2,9.99543500899547,0.6698420597986945,0.33067055020314157,0.1902430491017978,15.0,18.0,14.0,17.0
100,5000204,2,17.869891356185732,-7.267441429004217,0.33067055020314157,0.1902430491017978,17.0,14.0,17.0,16.0
100,5000205,2,15.998810869879508,7.201576630102252,0.33067055020314157,0.1902430491017978,16.0,14.0,19.0,15.0
100,5000206,2,-2.145508565141992,-8.021613578275968,0.33067055020314157,0.1902430491017978,17.0,20.0,12.0,15.0
100,5000207,2,4.325110224457304,-18.305270704005647,0.33067055020314157,0.1902430491017978,17.0,18.0,12.0,17.0
100,5000208,2,0.9252080918347634,31.97365769566813,0.33067055020314157,0.1902430491017978,12.0,15.0,20.0,17.0
100,5000209,2,22.109836308582523,-0.1406073526649968,0.33067055020314157,0.1902430491017978,16.0,16.0,16.0,16.0
100,5000210,2,5.765247827843995,26.567071734542687,0.33067055020314157,0.1902430491017978,15.0,19.0,17.0,13.0
100,5000211,2,1.4140353750777765,-3.426209203681046,0.33067055020314157,0.1902430491017978,20.0,16.0,17.0,11.0
100,5000212,2,14.297817879729454,-11.68574330497135,0.33067055020314157,0.1902430491017978,16.0,13.0,17.0,18.0
100,5000213,2,-2.567878612836383,6.202152738957675,0.33067055020314157,0.1902430491017978,12.0,14.0,17.0,21.0
100,5000214,2,19.923408973278995,2.443680710097116,0.33067055020314157,0.1902430491017978,15.0,16.0,16.0,17.0
100,5000215,2,6.8117607438425285,-32.32277983635856,0.33067055020314157,0.1902430491017978,18.0,12.0,15.0,19.0
100,5000216,2,0.39099284791732397,-22.04430457450264,0.33067055020314157,0.1902430491017978,19.0,18.0,12.0,15.0
100,5000217,2,14.609724779157924,1.2961534935268464,0.33067055020314157,0.1902430491017978,16.0,13.0,19.0,16.0
100,5000218,2,14.78055531975383,-27.125738199408204,0.33067055020314157,0.1902430491017978,19.0,14.0,15.0,16.0
100,5000219,2,18.555325068281782,-13.755123685703767,0.33067055020314157,0.1902430491017978,16.0,15.0,15.0,18.0
100,5000220,2,15.895577119791273,-19.739710266798845,0.33067055020314157,0.1902430491017978,18.0,16.0,14.0,16.0
100,5000221,2,0.6177713920837828,-43.32832393324646,0.33067055020314157,0.1902430491017978,20.0,14.0,12.0,18.0
100,5000222,2,18.2123258418016,1.3748621739434856,0.33067055020314157,0.1902430491017978,16.0,14.0,18.0,16.0
100,5000223,2,18.943740477694224,-5.437925676682355,0.33067055020314157,0.1902430491017978,16.0,14.0,17.0,17.0
100,5000224,2,11.94003841286612,25.909961886137054,0.33067055020314157,0.1902430491017978,14.0,17.0,18.0,15.0
100,5000225,2,16.604029207045976,-21.312343770992822,0.33067055020314157,0.1902430491017978,18.0,16.0,14.0,16.0
100,5000226,2,-9.61849850232386,35.10554176310117,0.33067055020314157,0.1902430491017978,13.0,14.0,23.0,14.0
100,5000227,2,6.478293914351218,22.277666771801027,0.33067055020314157,0.1902430491017978,13.0,14.0,20.0,17.0
100,5000228,2,5.415205412531382,-24.44032034403039,0.33067055020314157,0.1902430491017978,17.0,17.0,12.0,18.0
100,5000229,2,15.884045971196254,-17.064559339324816,0.33067055020314157,0.1902430491017978,18.0,13.0,17.0,16.0
100,5000230,2,10.979877642684333,28.113098104875764,0.33067055020314157,0.1902430491017978,13.0,17.0,18.0,16.0
100,5000231,2,12.73640910131634,-16.673034600552345,0.33067055020314157,0.1902430491017978,16.0,13.0,16.0,19.0
100,5000232,2,3.4020257618001346,34.32671190289436,0.33067055020314157,0.1902430491017978,15.0,17.0,20.0,12.0
100,5000233,2,16.017487925693963,13.33990395038584,0.33067055020314157,0.1902430491017978,14.0,16.0,17.0,17.0
100,5000234,2,6.415610533204283,25.63034583408001,0.33067055020314157,0.1902430491017978,15.0,19.0,17.0,13.0
100,5000235,2,19.50381647182774,1.1979825226454057,0.33067055020314157,0.1902430491017978,16.0,14.0,18.0,16.0
100,5000236,2,-0.054097482711849866,-1.3250775776733978,0.33067055020314157,0.1902430491017978,17.0,20.0,13.0,14.0
100,5000237,2,12.797614585412829,-31.204444341114502,0.33067055020314157,0.1902430491017978,18.0,14.0,14.0,18.0
100,5000238,2,7.853351953126836,3.341721523029369,0.33067055020314157,0.1902430491017978,14.0,18.0,14.0,18.0
100,5000239,2,7.205307238174836,-24.50349963780002,0.33067055020314157,0.1902430491017978,16.0,14.0,14.0,20.0
100,5000240,2,11.41616603444884,-28.956198413938807,0.33067055020314157,0.1902430491017978,20.0,14.0,15.0,15.0
100,5000241,2,-11.1626670146627,16.10800498738632,0.33067055020314157,0.1902430491017978,14.0,22.0,13.0,15.0
100,5000242,2,13.806311054572424,-14.773114354665958,0.33067055020314157,0.1902430491017978,18.0,17.0,14.0,15.0
100,5000243,2,7.270781605070361,-6.023937984684395,0.33067055020314157,0.1902430491017978,15.0,18.0,13.0,18.0
100,5000244,2,19.73643058356759,8.772776535961363,0.33067055020314157,0.1902430491017978,15.0,17.0,16.0,16.0
100,5000245,2,13.820397658135242,0.3259914063814511,0.33067055020314157,0.1902430491017978,18.0,16.0,17.0,13.0
100,5000246,2,14.441932908608056,5.900085046720074,0.33067055020314157,0.1902430491017978,16.0,18.0,15.0,15.0
100,5000247,2,13.511257293620863,8.536042437055848,0.33067055020314157,0.1902430491017978,15.0,18.0,15.0,16.0
100,5000248,2,16.449221969735973,-24.81282205983696,0.33067055020314157,0.1902430491017978,18.0,13.0,16.0,17.0
100,5000249,2,12.083742532353911,-8.419981320117989,0.33067055020314157,0.1902430491017978,19.0,15.0,17.0,13.0
100,5000250,2,10.340897906029298,-27.230666600001683,0.33067055020314157,0.1902430491017978,20.0,14.0,15.0,15.0
100,5000251,2,21.12894219560876,7.41031766795779,0.33067055020314157,0.1902430491017978,16.0,16.0,17.0,15.0
100,5000252,2,-10.997874171325428,24.709446104173338,0.33067055020314157,0.1902430491017978,10.0,17.0,17.0,20.0
100,5000253,2,13.999775985633875,-15.923547899749808,0.33067055020314157,0.1902430491017978,18.0,17.0,14.0,15.0
100,5000254,2,7.767255013534452,5.569453994086672,0.33067055020314157,0.1902430491017978,17.0,13.0,20.0,14.0
100,5000255,2,-6.645023369494396,41.66376715855368,0.33067055020314157,0.1902430491017978,12.0,16.0,22.0,14.0
2026,5000000,2,19.58974276317663,-12.326571597643195,0.2914965262146443,0.2010871075563889,15.0,17.0,17.0,15.0
2026,5000001,2,7.032005361327151,-17.20679618956106,0.2914965262146443,0.2010871075563889,12.0,17.0,17.0,18.0
2026,5000002,2,15.428686568829345,6.499054526377508,0.2914965262146443,0.2010871075563889,18.0,16.0,16.0,14.0
2026,5000003,2,19.733725221490484,-11.360136826753262,0.2914965262146443,0.2010871075563889,15.0,15.0,18.0,16.0
2026,5000004,2,2.8707950461925633,24.302693687185617,0.2914965262146443,0.2010871075563889,16.0,16.0,13.0,19.0
2026,5000005,2,12.086691560137574,11.808947559609463,0.2914965262146443,0.2010871075563889,19.0,15.0,16.0,14.0
2026,5000006,2,8.226682844062982,-17.682499081220286,0.2914965262146443,0.2010871075563889,12.0,17.0,17.0,18.0
2026,5000007,2,19.108966954027537,-12.935804606297417,0.2914965262146443,0.2010871075563889,16.0,16.0,18.0,14.0
2026,5000008,2,14.92026941602328,11.161068729934035,0.2914965262146443,0.2010871075563889,16.0,16.0,15.0,17.0
2026,5000009,2,9.405955000165394,21.652141380984226,0.2914965262146443,0.2010871075563889,17.0,16.0,14.0,17.0
2026,5000010,2,6.660653289916866,6.62335226139126,0.2914965262146443,0.2010871075563889,16.0,19.0,14.0,15.0
2026,5000011,2,18.214368479420077,1.819752306380402,0.2914965262146443,0.2010871075563889,17.0,15.0,17.0,15.0
2026,5000012,2,-3.35780572056387,15.876997605588437,0.2914965262146443,0.2010871075563889,17.0,20.0,12.0,15.0
2026,5000013,2,13.014907742696423,19.80828950875381,0.2914965262146443,0.2010871075563889,18.0,15.0,15.0,16.0
2026,5000014,2,15.887268964903608,14.243197335851836,0.2914965262146443,0.2010871075563889,17.0,16.0,15.0,16.0
2026,5000015,2,6.77906420096775,-17.200312796927662,0.2914965262146443,0.2010871075563889,17.0,18.0,18.0,11.0
2026,5000016,2,7.893562796981949,-17.369702595621177,0.2914965262146443,0.2010871075563889,12.0,17.0,17.0,18.0
2026,5000017,2,10.849138563662825,20.99287795379125,0.2914965262146443,0.2010871075563889,17.0,16.0,14.0,17.0
2026,5000018,2,4.413494108248274,5.776499572238254,0.2914965262146443,0.2010871075563889,19.0,18.0,15.0,12.0
2026,5000019,2,12.963113975442525,-17.966549401448226,0.2914965262146443,0.2010871075563889,15.0,13.0,20.0,16.0
2026,5000020,2,17.65294983777786,6.1284655199636235,0.2914965262146443,0.2010871075563889,17.0,14.0,17.0,16.0
2026,5000021,2,10.215229109996207,-27.0939402336734,0.2914965262146443,0.2010871075563889,13.0,15.0,20.0,16.0
2026,5000022,2,-0.6918554631879168,-9.65536978835125,0.2914965262146443,0.2010871075563889,12.0,19.0,15.0,18.0
2026,5000023,2,9.335991788592759,15.879641571799871,0.2914965262146443,0.2010871075563889,16.0,17.0,14.0,17.0
2026,5000024,2,0.8934003113566744,21.68238119433127,0.2914965262146443,0.2010871075563889,19.0,11.0,16.0,18.0
2026,5000025,2,13.800792217940401,6.970002460334675,0.2914965262146443,0.2010871075563889,16.0,17.0,15.0,16.0
2026,5000026,2,9.39271293164894,15.676257247644688,0.2914965262146443,0.2010871075563889,16.0,17.0,14.0,17.0
2026,5000027,2,9.28379990763799,21.204847045806247,0.2914965262146443,0.2010871075563889,17.0,16.0,14.0,17.0
2026,5000028,2,8.410464617719787,-5.109196861510332,0.2914965262146443,0.2010871075563889,13.0,16.0,16.0,19.0
2026,5000029,2,15.698599807409208,-17.540055666033645,0.2914965262146443,0.2010871075563889,14.0,18.0,17.0,15.0
2026,5000030,2,17.507858159852592,3.2509844452592467,0.2914965262146443,0.2010871075563889,16.0,14.0,17.0,17.0
2026,5000031,2,9.2167538861046,8.015970829307719,0.2914965262146443,0.2010871075563889,19.0,16.0,16.0,13.0
2026,5000032,2,11.351786973584952,10.979211954011635,0.2914965262146443,0.2010871075563889,18.0,17.0,15.0,14.0
2026,5000033,2,11.579926457862253,-1.960320202055304,0.2914965262146443,0.2010871075563889,14.0,18.0,15.0,17.0
2026,5000034,2,4.9554043269485675,-19.663124876979662,0.2914965262146443,0.2010871075563889,12.0,14.0,19.0,19.0
2026,5000035,2,17.373611526969004,10.724176002429425,0.2914965262146443,0.2010871075563889,17.0,15.0,16.0,16.0
2026,5000036,2,14.306299891045239,10.075341195819831,0.2914965262146443,0.2010871075563889,17.0,17.0,15.0,15.0
2026,5000037,2,10.656889403395265,16.830168527677117,0.2914965262146443,0.2010871075563889,17.0,17.0,14.0,16.0
2026,5000038,2,10.457079906634203,-29.911805657528248,0.2914965262146443,0.2010871075563889,14.0,18.0,19.0,13.0
2026,5000039,2,7.270603969190891,-26.435325994793246,0.2914965262146443,0.2010871075563889,12.0,19.0,17.0,16.0
2026,5000040,2,5.506771998153399,17.753590132268382,0.2914965262146443,0.2010871075563889,17.0,12.0,16.0,19.0
2026,5000041,2,4.82203045012191,28.673932589622492,0.2914965262146443,0.2010871075563889,18.0,16.0,13.0,17.0
2026,5000042,2,14.543693186278432,-13.743345850040285,0.2914965262146443,0.2010871075563889,16.0,18.0,17.0,13.0
2026,5000043,2,13.406050659107489,1.0303283494425184,0.2914965262146443,0.2010871075563889,15.0,18.0,15.0,16.0
2026,5000044,2,14.15929981150071,-13.415483447820602,0.2914965262146443,0.2010871075563889,16.0,18.0,17.0,13.0
2026,5000045,2,15.881107634530304,-29.41203324990294,0.2914965262146443,0.2010871075563889,14.0,17.0,19.0,14.0
2026,5000046,2,14.383640395617252,14.662536919652272,0.2914965262146443,0.2010871075563889,17.0,16.0,15.0,16.0
2026,5000047,2,-7.639445393353184,36.01704007187272,0.2914965262146443,0.2010871075563889,21.0,12.0,13.0,18.0
2026,5000048,2,10.82247710993121,17.761629781530363,0.2914965262146443,0.2010871075563889,17.0,17.0,14.0,16.0
2026,5000049,2,16.44558209331293,-0.3262352752699289,0.2914965262146443,0.2010871075563889,15.0,16.0,16.0,17.0
2026,5000050,2,12.764211167782257,16.238747103373246,0.2914965262146443,0.2010871075563889,17.0,15.0,15.0,17.0
2026,5000051,2,17.337285992298185,-5.534434847113307,0.2914965262146443,0.2010871075563889,16.0,14.0,18.0,16.0
2026,5000052,2,-0.08959484685359365,-42.03645507780107,0.2914965262146443,0.2010871075563889,11.0,16.0,22.0,15.0
2026,5000053,2,2.9136895813828265,10.969075062316596,0.2914965262146443,0.2010871075563889,20.0,17.0,15.0,12.0
2026,5000054,2,16.264982815258517,2.8041167773855658,0.2914965262146443,0.2010871075563889,16.0,14.0,17.0,17.0
2026,5000055,2,5.600637580198049,5.844375506085198,0.2914965262146443,0.2010871075563889,14.0,18.0,14.0,18.0
2026,5000056,2,16.30329949642325,1.393822754212986,0.2914965262146443,0.2010871075563889,17.0,17.0,16.0,14.0
2026,5000057,2,17.90280269647917,-6.925087844919574,0.2914965262146443,0.2010871075563889,17.0,15.0,18.0,14.0
2026,5000058,2,13.160562315802341,-4.99248695042229,0.2914965262146443,0.2010871075563889,14.0,15.0,17.0,18.0
2026,5000059,2,19.42383958324466,-10.011048430863022,0.2914965262146443,0.2010871075563889,16.0,17.0,17.0,14.0
2026,5000060,2,-16.66318445500237,13.702321409738683,0.2914965262146443,0.2010871075563889,19.0,22.0,11.0,12.0
2026,5000061,2,9.644816924329872,11.656345480511716,0.2914965262146443,0.2010871075563889,15.0,15.0,15.0,19.0
2026,5000062,2,-7.855501084982851,10.924992140777583,0.2914965262146443,0.2010871075563889,13.0,19.0,12.0,20.0
2026,5000063,2,12.32294506232978,-22.013203553050797,0.2914965262146443,0.2010871075563889,13.0,15.0,19.0,17.0
2026,5000064,2,1.55238369254687,29.390469505847157,0.2914965262146443,0.2010871075563889,18.0,13.0,14.0,19.0
2026,5000065,2,-0.42062280540201286,25.100567732014017,0.2914965262146443,0.2010871075563889,20.0,17.0,13.0,14.0
2026,5000066,2,5.5078350603179125,27.1115846754854,0.2914965262146443,0.2010871075563889,18.0,14.0,14.0,18.0
2026,5000067,2,3.1417739614497697,24.333142123722077,0.2914965262146443,0.2010871075563889,19.0,17.0,13.0,15.0
2026,5000068,2,5.891760409644683,27.80298555486214,0.2914965262146443,0.2010871075563889,18.0,14.0,14.0,18.0
2026,5000069,2,9.622752173086369,18.338421046491078,0.2914965262146443,0.2010871075563889,16.0,16.0,14.0,18.0
2026,5000070,2,-1.3564303956221617,29.206484106215957,0.2914965262146443,0.2010871075563889,17.0,14.0,13.0,20.0
2026,5000071,2,12.325367459809282,-4.123298983865418,0.2914965262146443,0.2010871075563889,17.0,18.0,16.0,13.0
2026,5000072,2,11.604450389025093,13.581349489390924,0.2914965262146443,0.2010871075563889,16.0,15.0,15.0,18.0
2026,5000073,2,16.153230645527444,-10.545155735574824,0.2914965262146443,0.2010871075563889,14.0,16.0,17.0,17.0
2026,5000074,2,6.566740823295619,-15.133798280325376,0.2914965262146443,0.2010871075563889,15.0,20.0,16.0,13.0
2026,5000075,2,9.149764658213545,10.822317924278735,0.2914965262146443,0.2010871075563889,16.0,18.0,14.0,16.0
2026,5000076,2,-4.20064662954163,11.569943646639224,0.2914965262146443,0.2010871075563889,16.0,10.0,17.0,21.0
2026,5000077,2,-7.258301860177526,36.40956625468604,0.2914965262146443,0.2010871075563889,21.0,15.0,12.0,16.0
2026,5000078,2,7.034424734718081,13.613820214233536,0.2914965262146443,0.2010871075563889,18.0,18.0,14.0,14.0
2026,5000079,2,13.220179542008681,-4.295569668202017,0.2914965262146443,0.2010871075563889,18.0,13.0,19.0,14.0
2026,5000080,2,2.1789816141175167,-9.873841842955644,0.2914965262146443,0.2010871075563889,12.0,19.0,15.0,18.0
2026,5000081,2,2.746959721630802,2.1406579117758064,0.2914965262146443,0.2010871075563889,18.0,19.0,15.0,12.0
2026,5000082,2,15.947118710685995,-25.622460252080323,0.2914965262146443,0.2010871075563889,14.0,16.0,19.0,15.0
2026,5000083,2,4.008158273711693,-10.081255048849702,0.2914965262146443,0.2010871075563889,12.0,17.0,16.0,19.0
2026,5000084,2,7.435536680385137,-23.53089361339194,0.2914965262146443,0.2010871075563889,14.0,20.0,17.0,13.0
2026,5000085,2,2.3925958251849275,-10.574904057935385,0.2914965262146443,0.2010871075563889,12.0,19.0,15.0,18.0
2026,5000086,2,13.516097108103839,4.330575486455586,0.2914965262146443,0.2010871075563889,15.0,17.0,15.0,17.0
2026,5000087,2,19.61953026426641,-4.773748364005996,0.2914965262146443,0.2010871075563889,16.0,16.0,17.0,15.0
2026,5000088,2,14.734023867751532,6.465149257037923,0.2914965262146443,0.2010871075563889,18.0,16.0,16.0,14.0
2026,5000089,2,9.07902591804071,8.893731398199261,0.2914965262146443,0.2010871075563889,15.0,18.0,14.0,17.0
2026,5000090,2,-5.199282558413476,32.51953019467534,0.2914965262146443,0.2010871075563889,17.0,15.0,12.0,20.0
2026,5000091,2,14.419660213332854,10.800185798688496,0.2914965262146443,0.2010871075563889,16.0,16.0,15.0,17.0
2026,5000092,2,-2.4560541048462152,31.351239111181787,0.2914965262146443,0.2010871075563889,19.0,17.0,12.0,16.0
2026,5000093,2,18.32360172681036,-2.8035857336438355,0.2914965262146443,0.2010871075563889,17.0,16.0,17.0,14.0
2026,5000094,2,-10.050972149984355,16.58862116860653,0.2914965262146443,0.2010871075563889,16.0,21.0,11.0,16.0
2026,5000095,2,-2.3937536372125514,22.559199769423103,0.2914965262146443,0.2010871075563889,18.0,19.0,12.0,15.0
2026,5000096,2,12.452910273287692,15.466598426149314,0.2914965262146443,0.2010871075563889,16.0,15.0,15.0,18.0
2026,5000097,2,-4.33538396115576,8.820790048587746,0.2914965262146443,0.2010871075563889,22.0,12.0,18.0,12.0
2026,5000098,2,8.05873344131149,-5.244494631691726,0.2914965262146443,0.2010871075563889,14.0,13.0,18.0,19.0
2026,5000099,2,-0.7312324496699215,10.2005950462067,0.2914965262146443,0.2010871075563889,17.0,20.0,13.0,14.0
2026,5000100,2,11.139696571195842,-13.249319028760844,0.2914965262146443,0.2010871075563889,14.0,19.0,16.0,15.0
2026,5000101,2,12.717684399619536,-1.5571418462388222,0.2914965262146443,0.2010871075563889,14.0,16.0,16.0,18.0
2026,5000102,2,-8.695703906393318,-28.66468747668377,0.2914965262146443,0.2010871075563889,9.0,20.0,17.0,18.0
2026,5000103,2,-0.4382224693962684,-17.74376094180075,0.2914965262146443,0.2010871075563889,11.0,15.0,18.0,20.0
2026,5000104,2,7.519396113120284,14.960581938778315,0.2914965262146443,0.2010871075563889,19.0,12.0,17.0,16.0
2026,5000105,2,14.776358124140755,-7.579863184102616,0.2914965262146443,0.2010871075563889,16.0,13.0,19.0,16.0
2026,5000106,2,14.358094178364908,-20.82435364771416,0.2914965262146443,0.2010871075563889,13.0,16.0,18.0,17.0
2026,5000107,2,14.24046091265906,5.176176777257179,0.2914965262146443,0.2010871075563889,15.0,17.0,15.0,17.0
2026,5000108,2,1.076722419121658,6.63851542034208,0.2914965262146443,0.2010871075563889,14.0,13.0,16.0,21.0
2026,5000109,2,2.6792683590482014,-5.705673596968998,0.2914965262146443,0.2010871075563889,18.0,19.0,16.0,11.0
2026,5000110,2,15.312665870208253,8.071972277496648,0.2914965262146443,0.2010871075563889,16.0,17.0,15.0,16.0
2026,5000111,2,-0.3310795250009884,-3.2671826859646496,0.2914965262146443,0.2010871075563889,15.0,21.0,14.0,14.0
2026,5000112,2,11.436447545993179,7.8190797111199455,0.2914965262146443,0.2010871075563889,19.0,14.0,17.0,14.0
2026,5000113,2,12.345744679095272,1.7568883221223608,0.2914965262146443,0.2010871075563889,15.0,18.0,15.0,16.0
2026,5000114,2,4.6218581038282744,29.002789850730817,0.2914965262146443,0.2010871075563889,18.0,16.0,13.0,17.0
2026,5000115,2,10.771811298859712,21.006653637411397,0.2914965262146443,0.2010871075563889,17.0,14.0,15.0,18.0
2026,5000116,2,0.3622504072458892,-12.892628773625486,0.2914965262146443,0.2010871075563889,12.0,20.0,15.0,17.0
2026,5000117,2,14.441993386037348,-5.470940965066779,0.2914965262146443,0.2010871075563889,16.0,18.0,16.0,14.0
2026,5000118,2,9.57721997286317,16.53620634879609,0.2914965262146443,0.2010871075563889,17.0,15.0,15.0,17.0
2026,5000119,2,6.1374541566072445,-13.772379178259225,0.2914965262146443,0.2010871075563889,12.0,18.0,16.0,18.0
2026,5000120,2,18.101924394513137,-16.946726531867736,0.2914965262146443,0.2010871075563889,16.0,15.0,19.0,14.0
2026,5000121,2,11.810917048481372,9.479116210967499,0.2914965262146443,0.2010871075563889,18.0,17.0,15.0,14.0
2026,5000122,2,14.975260405781318,-17.22046215756115,0.2914965262146443,0.2010871075563889,14.0,18.0,17.0,15.0
2026,5000123,2,-2.9157028864819914,31.625949752417906,0.2914965262146443,0.2010871075563889,20.0,12.0,14.0,18.0
2026,5000124,2,15.295376896990664,-31.59803243061515,0.2914965262146443,0.2010871075563889,14.0,16.0,20.0,14.0
2026,5000125,2,13.844759540157575,15.13885576471351,0.2914965262146443,0.2010871075563889,18.0,16.0,15.0,15.0
2026,5000126,2,14.395427898328773,-26.907774545566078,0.2914965262146443,0.2010871075563889,14.0,15.0,20.0,15.0
2026,5000127,2,10.466414164627642,15.593216044809825,0.2914965262146443,0.2010871075563889,19.0,16.0,15.0,14.0
2026,5000128,2,11.534556609026211,-35.44166434355522,0.2914965262146443,0.2010871075563889,13.0,17.0,20.0,14.0
2026,5000129,2,-0.8503450143312865,-28.028188949375018,0.2914965262146443,0.2010871075563889,10.0,16.0,19.0,19.0
2026,5000130,2,17.977505498651077,10.1720610820627,0.2914965262146443,0.2010871075563889,17.0,15.0,16.0,16.0
2026,5000131,2,12.813636821624755,0.8345069244738359,0.2914965262146443,0.2010871075563889,15.0,18.0,15.0,16.0
2026,5000132,2,3.7223860929955563,8.3517986971298,0.2914965262146443,0.2010871075563889,18.0,19.0,14.0,13.0
2026,5000133,2,11.422499828098896,-8.8080080710452,0.2914965262146443,0.2010871075563889,13.0,17.0,16.0,18.0
2026,5000134,2,19.059725652570865,-11.925026130758296,0.2914965262146443,0.2010871075563889,15.0,17.0,17.0,15.0
2026,5000135,2,13.967625134304484,-23.778043506869952,0.2914965262146443,0.2010871075563889,15.0,15.0,20.0,14.0
2026,5000136,2,5.35290622006081,14.261961049137323,0.2914965262146443,0.2010871075563889,20.0,12.0,17.0,15.0
2026,5000137,2,-7.446540050460075,16.99978311195308,0.2914965262146443,0.2010871075563889,19.0,20.0,12.0,13.0
2026,5000138,2,16.91823691798297,-11.447264388518173,0.2914965262146443,0.2010871075563889,16.0,14.0,19.0,15.0
2026,5000139,2,13.224879468141165,-5.299742365153464,0.2914965262146443,0.2010871075563889,18.0,15.0,18.0,13.0
2026,5000140,2,10.338010336035811,-1.826559539770947,0.2914965262146443,0.2010871075563889,14.0,18.0,15.0,17.0
2026,5000141,2,14.800537185133857,8.61169395596873,0.2914965262146443,0.2010871075563889,16.0,17.0,15.0,16.0
2026,5000142,2,14.235939653373066,-24.97630451011369,0.2914965262146443,0.2010871075563889,15.0,17.0,19.0,13.0
2026,5000143,2,4.691941945228477,-20.003217206877814,0.2914965262146443,0.2010871075563889,12.0,14.0,19.0,19.0
2026,5000144,2,-4.353081232457605,32.06829361686558,0.2914965262146443,0.2010871075563889,17.0,15.0,12.0,20.0
2026,5000145,2,19.49342495513696,-8.686521638581661,0.2914965262146443,0.2010871075563889,16.0,15.0,18.0,15.0
2026,5000146,2,12.687605436740254,-3.4977429321700124,0.2914965262146443,0.2010871075563889,16.0,18.0,16.0,14.0
2026,5000147,2,4.768317040787426,19.327987960825368,0.2914965262146443,0.2010871075563889,19.0,17.0,14.0,14.0
2026,5000148,2,17.26004797580497,2.878475684972911,0.2914965262146443,0.2010871075563889,16.0,14.0,17.0,17.0
2026,5000149,2,19.38529278563264,3.837750107482821,0.2914965262146443,0.2010871075563889,16.0,16.0,16.0,16.0
2026,5000150,2,15.3887795336659,1.2337796558048475,0.2914965262146443,0.2010871075563889,15.0,16.0,16.0,17.0
2026,5000151,2,5.2349872977042144,7.863836760689487,0.2914965262146443,0.2010871075563889,14.0,15.0,15.0,20.0
2026,5000152,2,12.65339402675443,-22.609355117881986,0.2914965262146443,0.2010871075563889,14.0,14.0,20.0,16.0
2026,5000153,2,17.76423973031144,-13.044990691519248,0.2914965262146443,0.2010871075563889,16.0,14.0,19.0,15.0
2026,5000154,2,6.228332268436619,21.716531838648603,0.2914965262146443,0.2010871075563889,17.0,13.0,15.0,19.0
2026,5000155,2,15.290271656598645,14.557400289615794,0.2914965262146443,0.2010871075563889,17.0,16.0,15.0,16.0
2026,5000156,2,7.099802497318325,22.158951900321245,0.2914965262146443,0.2010871075563889,19.0,16.0,14.0,15.0
2026,5000157,2,12.062425116269152,-17.26143478892807,0.2914965262146443,0.2010871075563889,17.0,16.0,19.0,12.0
2026,5000158,2,16.58489973810041,-10.317990842367507,0.2914965262146443,0.2010871075563889,17.0,14.0,19.0,14.0
2026,5000159,2,17.011201792404997,-18.479984199576407,0.2914965262146443,0.2010871075563889,15.0,17.0,18.0,14.0
2026,5000160,2,-0.34775644541245937,5.170169889080341,0.2914965262146443,0.2010871075563889,21.0,15.0,17.0,11.0
2026,5000161,2,3.9173928318948685,19.043453857151313,0.2914965262146443,0.2010871075563889,16.0,13.0,15.0,20.0
2026,5000162,2,12.943440579478724,-27.067560689195453,0.2914965262146443,0.2010871075563889,13.0,18.0,18.0,15.0
2026,5000163,2,16.108553667371147,2.8244137272650076,0.2914965262146443,0.2010871075563889,18.0,15.0,17.0,14.0
2026,5000164,2,15.10742911952031,-14.821681611972082,0.2914965262146443,0.2010871075563889,15.0,18.0,17.0,14.0
2026,5000165,2,16.27471928754686,3.7611682041433783,0.2914965262146443,0.2010871075563889,16.0,14.0,17.0,17.0
2026,5000166,2,4.397456506057466,20.29235512376598,0.2914965262146443,0.2010871075563889,17.0,18.0,13.0,16.0
2026,5000167,2,19.072469717242466,1.8904159962598865,0.2914965262146443,0.2010871075563889,17.0,15.0,17.0,15.0
2026,5000168,2,19.392094710052916,-11.593804495841791,0.2914965262146443,0.2010871075563889,15.0,17.0,17.0,15.0
2026,5000169,2,16.276252249375595,1.042602296643476,0.2914965262146443,0.2010871075563889,17.0,17.0,16.0,14.0
2026,5000170,2,-6.714529497303956,28.78974902060555,0.2914965262146443,0.2010871075563889,17.0,18.0,11.0,18.0
2026,5000171,2,11.405233583179111,4.297569285962204,0.2914965262146443,0.2010871075563889,19.0,15.0,17.0,13.0
2026,5000172,2,-4.9143791741103255,26.44171983641229,0.2914965262146443,0.2010871075563889,20.0,18.0,12.0,14.0
2026,5000173,2,7.413973590335253,13.683060818649196,0.2914965262146443,0.2010871075563889,19.0,12.0,17.0,16.0
2026,5000174,2,9.681172942026155,3.8953087439957867,0.2914965262146443,0.2010871075563889,15.0,13.0,17.0,19.0
2026,5000175,2,6.802625961760569,21.235166673492333,0.2914965262146443,0.2010871075563889,16.0,15.0,14.0,19.0
2026,5000176,2,15.741203377276335,11.911844441065323,0.2914965262146443,0.2010871075563889,18.0,15.0,16.0,15.0
2026,5000177,2,9.077971792205245,-37.14705668072016,0.2914965262146443,0.2010871075563889,13.0,16.0,21.0,14.0
2026,5000178,2,12.966345804109231,-13.636307634739405,0.2914965262146443,0.2010871075563889,17.0,13.0,20.0,14.0
2026,5000179,2,-0.6328058474094481,25.650940777315537,0.2914965262146443,0.2010871075563889,17.0,18.0,12.0,17.0
2026,5000180,2,16.692083923226466,9.770921077023264,0.2914965262146443,0.2010871075563889,17.0,15.0,16.0,16.0
2026,5000181,2,5.312312604825781,-16.783344036372426,0.2914965262146443,0.2010871075563889,18.0,15.0,20.0,11.0
2026,5000182,2,6.81085749319277,7.681100761961931,0.2914965262146443,0.2010871075563889,16.0,12.0,17.0,19.0
2026,5000183,2,1.8103096610636213,4.758680008764251,0.2914965262146443,0.2010871075563889,20.0,11.0,19.0,14.0
2026,5000184,2,19.873118348419,-11.053960248356393,0.2914965262146443,0.2010871075563889,15.0,15.0,18.0,16.0
2026,5000185,2,14.01655243382047,-2.781322982737693,0.2914965262146443,0.2010871075563889,14.0,16.0,16.0,18.0
2026,5000186,2,13.314725152607952,6.445986209434862,0.2914965262146443,0.2010871075563889,16.0,13.0,17.0,18.0
2026,5000187,2,-2.4855328260655813,27.0460072600617,0.2914965262146443,0.2010871075563889,19.0,11.0,15.0,19.0
2026,5000188,2,2.844578602358566,22.548527483530158,0.2914965262146443,0.2010871075563889,16.0,14.0,14.0,20.0
2026,5000189,2,-5.739227224296933,36.14834953313163,0.2914965262146443,0.2010871075563889,21.0,13.0,13.0,17.0
2026,5000190,2,-1.5880127263193193,30.978399737407813,0.2914965262146443,0.2010871075563889,19.0,12.0,14.0,19.0
2026,5000191,2,-9.081092666504059,-20.572312085982013,0.2914965262146443,0.2010871075563889,9.0,17.0,17.0,21.0
2026,5000192,2,8.525448022297699,-36.83141075202268,0.2914965262146443,0.2010871075563889,12.0,17.0,20.0,15.0
2026,5000193,2,14.094280238351768,-9.929889668294846,0.2914965262146443,0.2010871075563889,14.0,18.0,16.0,16.0
2026,5000194,2,8.520891029544405,18.946823587445085,0.2914965262146443,0.2010871075563889,16.0,16.0,14.0,18.0
2026,5000195,2,16.924395218217548,1.5472195559256647,0.2914965262146443,0.2010871075563889,15.0,16.0,16.0,17.0
2026,5000196,2,12.325062391291782,18.715713760495838,0.2914965262146443,0.2010871075563889,18.0,15.0,15.0,16.0
2026,5000197,2,10.638255691866037,4.0848785957907285,0.2914965262146443,0.2010871075563889,19.0,15.0,17.0,13.0
2026,5000198,2,3.496227028307677,14.166311608997539,0.2914965262146443,0.2010871075563889,16.0,19.0,13.0,16.0
2026,5000199,2,8.385613438009273,16.890826483771086,0.2914965262146443,0.2010871075563889,20.0,14.0,16.0,14.0
2026,5000200,2,14.985851435466127,7.171726054771515,0.2914965262146443,0.2010871075563889,16.0,17.0,15.0,16.0
2026,5000201,2,20.00254140254156,-4.450257472606468,0.2914965262146443,0.2010871075563889,16.0,16.0,17.0,15.0
2026,5000202,2,6.741181026103865,-14.482494546306645,0.2914965262146443,0.2010871075563889,15.0,20.0,16.0,13.0
2026,5000203,2,8.058771469703746,7.817678204998082,0.2914965262146443,0.2010871075563889,15.0,18.0,14.0,17.0
2026,5000204,2,15.36800187435904,3.9579210034632384,0.2914965262146443,0.2010871075563889,17.0,14.0,17.0,16.0
2026,5000205,2,17.252519109785194,-11.8098939559271,0.2914965262146443,0.2010871075563889,16.0,14.0,19.0,15.0
2026,5000206,2,-3.4122840932428518,17.581526171419533,0.2914965262146443,0.2010871075563889,17.0,20.0,12.0,15.0
2026,5000207,2,-0.9158097061188701,25.434044642260176,0.2914965262146443,0.2010871075563889,17.0,18.0,12.0,17.0
2026,5000208,2,8.869025328957955,-32.57516091775724,0.2914965262146443,0.2010871075563889,12.0,15.0,20.0,17.0
2026,5000209,2,19.03454087419184,4.0972593716434345,0.2914965262146443,0.2010871075563889,16.0,16.0,16.0,16.0
2026,5000210,2,11.053663629733359,-19.238797612670265,0.2914965262146443,0.2010871075563889,15.0,19.0,17.0,13.0
2026,5000211,2,4.24446320614597,1.0815039694387791,0.2914965262146443,0.2010871075563889,20.0,16.0,17.0,11.0
2026,5000212,2,11.131592646142073,6.1525662365921026,0.2914965262146443,0.2010871075563889,16.0,13.0,17.0,18.0
2026,5000213,2,-1.4204825093942701,-6.262683144038856,0.2914965262146443,0.2010871075563889,12.0,14.0,17.0,21.0
2026,5000214,2,16.26925696129464,2.0190306800814657,0.2914965262146443,0.2010871075563889,15.0,16.0,16.0,17.0
2026,5000215,2,2.1809332873662512,24.305733477632874,0.2914965262146443,0.2010871075563889,18.0,12.0,15.0,19.0
2026,5000216,2,-2.6092599944396886,26.879029045082547,0.2914965262146443,0.2010871075563889,19.0,18.0,12.0,15.0
2026,5000217,2,15.575459103615133,-8.593526443912875,0.2914965262146443,0.2010871075563889,16.0,13.0,19.0,16.0
2026,5000218,2,8.91706591726201,23.37871840560434,0.2914965262146443,0.2010871075563889,19.0,14.0,15.0,16.0
2026,5000219,2,12.381576310595728,15.563969585892792,0.2914965262146443,0.2010871075563889,16.0,15.0,15.0,18.0
2026,5000220,2,9.887980155046646,22.116214757159717,0.2914965262146443,0.2010871075563889,18.0,16.0,14.0,16.0
2026,5000221,2,-6.4853455714889385,37.973330674279126,0.2914965262146443,0.2010871075563889,20.0,14.0,12.0,18.0
2026,5000222,2,17.685604794504243,-5.489395377104808,0.2914965262146443,0.2010871075563889,16.0,14.0,18.0,16.0
2026,5000223,2,16.378738652448035,3.007855651414486,0.2914965262146443,0.2010871075563889,16.0,14.0,17.0,17.0
2026,5000224,2,15.1032849378945,-20.50862086332482,0.2914965262146443,0.2010871075563889,14.0,17.0,18.0,15.0
2026,5000225,2,9.651030547091032,23.476298097429105,0.2914965262146443,0.2010871075563889,18.0,16.0,14.0,16.0
2026,5000226,2,2.006082539758033,-40.91616382315487,0.2914965262146443,0.2010871075563889,13.0,14.0,23.0,14.0
2026,5000227,2,11.041235735739269,-24.924918976754828,0.2914965262146443,0.2010871075563889,13.0,14.0,20.0,17.0
2026,5000228,2,-0.8591059452655778,28.321396207881925,0.2914965262146443,0.2010871075563889,17.0,17.0,12.0,18.0
2026,5000229,2,12.928829598453977,10.544499471005784,0.2914965262146443,0.2010871075563889,18.0,13.0,17.0,16.0
2026,5000230,2,13.861832730953736,-23.062411357166106,0.2914965262146443,0.2010871075563889,13.0,17.0,18.0,16.0
2026,5000231,2,8.509712906331327,12.733313779250828,0.2914965262146443,0.2010871075563889,16.0,13.0,16.0,19.0
2026,5000232,2,10.718046611599695,-34.16008280084551,0.2914965262146443,0.2010871075563889,15.0,17.0,20.0,12.0
2026,5000233,2,15.814467433803845,-9.776497518935813,0.2914965262146443,0.2010871075563889,14.0,16.0,17.0,17.0
2026,5000234,2,11.200484458052008,-18.763055369845734,0.2914965262146443,0.2010871075563889,15.0,19.0,17.0,13.0
2026,5000235,2,18.695027527697867,-4.864802610815436,0.2914965262146443,0.2010871075563889,16.0,14.0,18.0,16.0
2026,5000236,2,0.09761457665918025,10.845478165068087,0.2914965262146443,0.2010871075563889,17.0,20.0,13.0,14.0
2026,5000237,2,5.343295431199574,28.310628308159938,0.2914965262146443,0.2010871075563889,18.0,14.0,14.0,18.0
2026,5000238,2,5.469909841537957,5.077646744189864,0.2914965262146443,0.2010871075563889,14.0,18.0,14.0,18.0
2026,5000239,2,2.1660487495436356,21.247822300308513,0.2914965262146443,0.2010871075563889,16.0,14.0,14.0,20.0
2026,5000240,2,6.106571418316587,23.696693848928913,0.2914965262146443,0.2010871075563889,20.0,14.0,15.0,15.0
2026,5000241,2,-6.414134778706579,-3.166250561829484,0.2914965262146443,0.2010871075563889,14.0,22.0,13.0,15.0
2026,5000242,2,9.122495646451739,18.911128095431515,0.2914965262146443,0.2010871075563889,18.0,17.0,14.0,15.0
2026,5000243,2,3.345699775156544,15.202086038273348,0.2914965262146443,0.2010871075563889,15.0,18.0,13.0,18.0
2026,5000244,2,17.62480252747155,-2.724650310795663,0.2914965262146443,0.2010871075563889,15.0,17.0,16.0,16.0
2026,5000245,2,13.434272030328035,-0.5618949595368959,0.2914965262146443,0.2010871075563889,18.0,16.0,17.0,13.0
2026,5000246,2,13.520989603710095,2.6957997257312485,0.2914965262146443,0.2010871075563889,16.0,18.0,15.0,15.0
2026,5000247,2,12.727554934847156,-0.1353676420099698,0.2914965262146443,0.2010871075563889,15.0,18.0,15.0,16.0
2026,5000248,2,10.704366790301648,17.523403530929237,0.2914965262146443,0.2010871075563889,18.0,13.0,16.0,17.0
2026,5000249,2,10.644600028759305,4.7015490979305525,0.2914965262146443,0.2010871075563889,19.0,15.0,17.0,13.0
2026,5000250,2,6.17463398217771,22.55044395484131,0.2914965262146443,0.2010871075563889,20.0,14.0,15.0,15.0
2026,5000251,2,20.80783847460934,-5.062245240215537,0.2914965262146443,0.2010871075563889,16.0,16.0,17.0,15.0
2026,5000252,2,-4.484385492828548,-19.25743197193911,0.2914965262146443,0.2010871075563889,10.0,17.0,17.0,20.0
2026,5000253,2,8.700894570088417,19.04157157768787,0.2914965262146443,0.2010871075563889,18.0,17.0,14.0,15.0
2026,5000254,2,11.623093388935821,-13.830349321158803,0.2914965262146443,0.2010871075563889,17.0,13.0,20.0,14.0
2026,5000255,2,2.209823778801603,-42.941751808906794,0.2914965262146443,0.2010871075563889,12.0,16.0,22.0,14.0
