variant,window,estimate,lower,upper,seed_42,seed_100,seed_2026
raw_summary,1,29.053385416666668,26.21728515625,32.09817708333333,28.14453125,31.4453125,27.5703125
raw_summary,2,43.826822916666664,40.54208984375,46.9314453125,41.87890625,46.00390625,43.59765625
raw_summary,3,44.829427083333336,41.89039713541667,47.76855468749999,43.1015625,46.52734375,44.859375
raw_summary,4,45.40234375,42.511653645833334,48.408854166666664,43.921875,46.68359375,45.6015625
raw_summary,5,45.734375,43.2107421875,48.431315104166664,44.76953125,46.81640625,45.6171875
raw_summary,6,45.893229166666664,43.091015625000004,48.711002604166666,44.78515625,46.9921875,45.90234375
raw_summary,7,46.006510416666664,43.29293619791667,48.68899739583333,45.07421875,46.92578125,46.01953125
raw_summary,8,45.950520833333336,43.3080078125,48.46748046875,45.046875,46.9765625,45.828125
raw_segment,1,2.0416666666666665,1.63671875,2.716243489583333,1.74609375,2.2890625,2.08984375
raw_segment,2,2.51171875,1.92958984375,3.5159179687499984,2.01953125,2.65234375,2.86328125
raw_segment,3,2.7109375,2.09365234375,3.9154947916666663,2.1796875,2.9765625,2.9765625
raw_segment,4,2.8216145833333335,2.1364257812500007,3.9454101562499995,2.140625,3.1015625,3.22265625
raw_segment,5,2.8020833333333335,2.14189453125,3.8906575520833333,2.2109375,3.07421875,3.12109375
raw_segment,6,2.8828125,2.2265299479166667,3.9832682291666655,2.2734375,3.18359375,3.19140625
raw_segment,7,2.8424479166666665,2.21865234375,3.872493489583333,2.29296875,3.09375,3.140625
raw_segment,8,2.8619791666666665,2.166634114583333,4.0157226562499995,2.20703125,3.22265625,3.15625
full_context,1,27.42578125,24.94248046875,29.88951822916667,28.69140625,27.6484375,25.9375
full_context,2,40.451822916666664,37.28746744791666,43.62763671875,41.46484375,38.109375,41.78125
full_context,3,37.751302083333336,34.37522786458334,41.211230468749996,35.171875,40.03515625,38.046875
full_context,4,30.059895833333332,25.79794921875,35.356738281249996,27.37890625,35.5234375,27.27734375
full_context,5,26.436197916666668,22.0205078125,30.85953776041666,27.20703125,21.91796875,30.18359375
full_context,6,31.782552083333332,28.73427734375,35.19306640625,30.703125,34.32421875,30.3203125
full_context,7,27.079427083333332,23.521484375000004,30.992382812499997,24.25390625,26.73046875,30.25390625
full_context,8,28.154947916666668,23.67565104166667,32.94664713541667,24.265625,27.16015625,33.0390625
full_gru,1,29.59765625,24.6751953125,33.67760416666667,33.0390625,31.00390625,24.75
full_gru,2,40.37890625,36.36845703125,44.312923177083334,43.796875,40.1015625,37.23828125
full_gru,3,40.434895833333336,36.77184244791666,44.15625,43.33203125,40.14453125,37.828125
full_gru,4,40.510416666666664,36.78248697916667,44.00185546875,43.41015625,40.140625,37.98046875
full_gru,5,40.575520833333336,37.0880859375,44.2232421875,43.41796875,40.1875,38.12109375
full_gru,6,40.559895833333336,37.16477864583334,44.07434895833333,43.37890625,40.1328125,38.16796875
full_gru,7,40.584635416666664,36.795507812500006,44.01933593749999,43.359375,40.203125,38.19140625
full_gru,8,40.58203125,36.770605468750006,44.159082031249994,43.41015625,40.16796875,38.16796875
memo,1,29.58203125,26.38515625,32.7541015625,27.6171875,31.71875,29.41015625
memo,2,14.7578125,11.409765625,18.53912760416666,18.03515625,13.60546875,12.6328125
memo,3,15.520833333333334,9.914843750000001,21.774609374999994,15.08203125,21.74609375,9.734375
memo,4,17.462239583333332,7.245800781250001,26.222916666666666,19.35546875,25.9609375,7.0703125
memo,5,14.8515625,6.471972656250001,22.562565104166666,16.18359375,22.40234375,5.96875
memo,6,9.43359375,5.7030273437500005,13.693033854166666,13.51953125,9.05859375,5.72265625
memo,7,11.0859375,6.106477864583334,16.684082031249996,10.5078125,16.74609375,6.00390625
memo,8,10.59765625,3.781901041666668,20.26591796875,7.14453125,21.0078125,3.640625
memo_fixed,1,26.765625,23.356608072916664,30.058626302083333,29.23828125,27.55859375,23.5
memo_fixed,2,40.33984375,37.17565104166667,43.73753255208333,41.61328125,42.03515625,37.37109375
memo_fixed,3,39.446614583333336,34.132421875,43.78037109375,41.90625,42.10546875,34.328125
memo_fixed,4,37.989583333333336,34.1951171875,41.971484374999996,38.5390625,41.1328125,34.296875
memo_fixed,5,36.697916666666664,32.47216796875,41.035579427083334,36.140625,40.90234375,33.05078125
memo_fixed,6,36.6796875,33.0572265625,40.275325520833334,39.796875,36.796875,33.4453125
memo_fixed,7,34.283854166666664,30.78505859375,37.692936197916666,34.48046875,37.1796875,31.19140625
memo_fixed,8,31.352864583333332,26.8576171875,36.81826171874999,27.609375,37.015625,29.43359375
