seed,task_id,segment,pc1,pc2,pc1_share,pc2_share,key_row,key_column,door_row,door_column
42,5000000,8,-12.270996483159603,21.318638815868105,0.1538261627556057,0.14160650867010813,4.0,7.0,5.0,2.0
42,5000001,8,-4.751376133645917,7.855117488819809,0.1538261627556057,0.14160650867010813,2.0,5.0,5.0,7.0
42,5000002,8,6.120140986366882,-1.4061070717725694,0.1538261627556057,0.14160650867010813,1.0,4.0,4.0,2.0
42,5000003,8,-9.721871858993854,5.28311591998333,0.1538261627556057,0.14160650867010813,5.0,4.0,2.0,0.0
42,5000004,8,-3.555678295376996,2.9813926242693913,0.1538261627556057,0.14160650867010813,3.0,5.0,3.0,3.0
42,5000005,8,-1.8510953390700424,5.254330364041882,0.1538261627556057,0.14160650867010813,0.0,1.0,3.0,7.0
42,5000006,8,-9.62663338273257,8.454823349520105,0.1538261627556057,0.14160650867010813,3.0,5.0,7.0,1.0
42,5000007,8,-14.408443705484014,7.11325661898753,0.1538261627556057,0.14160650867010813,7.0,4.0,0.0,4.0
42,5000008,8,-9.651335858734496,7.104568513836902,0.1538261627556057,0.14160650867010813,1.0,7.0,4.0,3.0
42,5000009,8,22.17478998599258,-17.194272495558536,0.1538261627556057,0.14160650867010813,1.0,2.0,2.0,4.0
42,5000010,8,-6.71510591924541,-3.2643752787129365,0.1538261627556057,0.14160650867010813,7.0,1.0,2.0,1.0
42,5000011,8,16.405158998720758,-13.31877359653067,0.1538261627556057,0.14160650867010813,5.0,1.0,1.0,7.0
42,5000012,8,16.01098714710691,-14.076709673286594,0.1538261627556057,0.14160650867010813,2.0,0.0,7.0,2.0
42,5000013,8,-23.859076777065553,8.588021695157927,0.1538261627556057,0.14160650867010813,4.0,7.0,6.0,5.0
42,5000014,8,-4.533745049921146,-5.161178615949658,0.1538261627556057,0.14160650867010813,3.0,4.0,5.0,3.0
42,5000015,8,-19.667276700489694,4.834438174756608,0.1538261627556057,0.14160650867010813,7.0,6.0,2.0,6.0
42,5000016,8,-26.7595144238383,6.743068924876291,0.1538261627556057,0.14160650867010813,6.0,6.0,6.0,5.0
42,5000017,8,5.7458246255583,-11.909466219539999,0.1538261627556057,0.14160650867010813,7.0,0.0,3.0,7.0
42,5000018,8,-18.632227234690696,-2.926981698904235,0.1538261627556057,0.14160650867010813,7.0,4.0,7.0,6.0
42,5000019,8,-3.9176362478614815,-5.645323312589816,0.1538261627556057,0.14160650867010813,4.0,3.0,5.0,2.0
42,5000020,8,16.181234152796243,-11.86942486477817,0.1538261627556057,0.14160650867010813,4.0,2.0,3.0,7.0
42,5000021,8,-17.449648002093927,10.865685528998249,0.1538261627556057,0.14160650867010813,7.0,5.0,5.0,0.0
42,5000022,8,-8.30386759025113,7.392071512402855,0.1538261627556057,0.14160650867010813,1.0,7.0,2.0,2.0
42,5000023,8,-7.285664757986057,6.051651114422814,0.1538261627556057,0.14160650867010813,7.0,3.0,7.0,5.0
42,5000024,8,0.8801955363277455,13.939760058210982,0.1538261627556057,0.14160650867010813,2.0,6.0,6.0,1.0
42,5000025,8,10.851255835422668,-14.329472859608472,0.1538261627556057,0.14160650867010813,5.0,0.0,6.0,6.0
42,5000026,8,-11.585213712339835,13.282799381802498,0.1538261627556057,0.14160650867010813,7.0,5.0,1.0,2.0
42,5000027,8,-10.277099250492654,9.715898845970376,0.1538261627556057,0.14160650867010813,5.0,5.0,2.0,2.0
42,5000028,8,17.02376616529613,-9.083982526633918,0.1538261627556057,0.14160650867010813,3.0,2.0,4.0,4.0
42,5000029,8,31.770779390704018,-11.637966854434147,0.1538261627556057,0.14160650867010813,2.0,0.0,6.0,2.0
42,5000030,8,-16.86684482885608,3.423460716072389,0.1538261627556057,0.14160650867010813,7.0,4.0,0.0,0.0
42,5000031,8,24.1093017701715,-21.695571271557082,0.1538261627556057,0.14160650867010813,1.0,0.0,3.0,5.0
42,5000032,8,0.9766621952679801,10.280056489645384,0.1538261627556057,0.14160650867010813,1.0,5.0,3.0,0.0
42,5000033,8,10.73454582871448,-9.94249919562477,0.1538261627556057,0.14160650867010813,5.0,1.0,0.0,2.0
42,5000034,8,17.954053461070462,-1.7628543428083276,0.1538261627556057,0.14160650867010813,4.0,2.0,5.0,0.0
42,5000035,8,-10.617550896755345,-3.62679547053781,0.1538261627556057,0.14160650867010813,4.0,5.0,2.0,3.0
42,5000036,8,-2.234038649296488,-4.546693920777898,0.1538261627556057,0.14160650867010813,6.0,3.0,6.0,6.0
42,5000037,8,-7.4492635962763805,4.598200279807076,0.1538261627556057,0.14160650867010813,4.0,6.0,7.0,7.0
42,5000038,8,-19.059049976742834,15.290988304019676,0.1538261627556057,0.14160650867010813,4.0,7.0,3.0,1.0
42,5000039,8,8.864269796834083,-7.076331658606081,0.1538261627556057,0.14160650867010813,4.0,3.0,3.0,0.0
42,5000040,8,32.233307725227306,-12.13497498624944,0.1538261627556057,0.14160650867010813,1.0,0.0,5.0,2.0
42,5000041,8,3.952045156261952,-1.9412248290265604,0.1538261627556057,0.14160650867010813,1.0,3.0,7.0,1.0
42,5000042,8,-3.294436302514817,-0.820994048468918,0.1538261627556057,0.14160650867010813,3.0,6.0,1.0,6.0
42,5000043,8,-3.3635891441715637,5.314951832841239,0.1538261627556057,0.14160650867010813,4.0,6.0,2.0,6.0
42,5000044,8,-17.32070234803653,11.274321992937438,0.1538261627556057,0.14160650867010813,7.0,5.0,4.0,3.0
42,5000045,8,-0.2557808537267196,-11.268208299592315,0.1538261627556057,0.14160650867010813,7.0,0.0,3.0,4.0
42,5000046,8,-4.0039885191106706,-5.797944182931981,0.1538261627556057,0.14160650867010813,7.0,3.0,1.0,6.0
42,5000047,8,-1.8510953390700424,5.254330364041882,0.1538261627556057,0.14160650867010813,0.0,0.0,5.0,5.0
42,5000048,8,-7.058365952768254,0.1714684914841177,0.1538261627556057,0.14160650867010813,4.0,4.0,5.0,3.0
42,5000049,8,33.80935072789531,-10.576587495372582,0.1538261627556057,0.14160650867010813,1.0,1.0,4.0,0.0
42,5000050,8,-0.007080878901093018,6.658238421011526,0.1538261627556057,0.14160650867010813,4.0,4.0,2.0,1.0
42,5000051,8,-12.724076115698605,11.160082333011525,0.1538261627556057,0.14160650867010813,6.0,5.0,2.0,6.0
42,5000052,8,-3.5383687287023506,7.115635637188016,0.1538261627556057,0.14160650867010813,1.0,6.0,6.0,4.0
42,5000053,8,-14.253191789427284,11.288599998020544,0.1538261627556057,0.14160650867010813,6.0,6.0,0.0,2.0
42,5000054,8,-14.138269946759765,10.824479189313566,0.1538261627556057,0.14160650867010813,6.0,5.0,1.0,0.0
42,5000055,8,-11.363790906899986,16.78047689660633,0.1538261627556057,0.14160650867010813,3.0,7.0,1.0,0.0
42,5000056,8,1.3526259077040508,5.246828809218108,0.1538261627556057,0.14160650867010813,0.0,7.0,0.0,5.0
42,5000057,8,19.465147431022643,-15.420598730482329,0.1538261627556057,0.14160650867010813,1.0,1.0,6.0,7.0
42,5000058,8,8.565652828596923,-9.532101769465726,0.1538261627556057,0.14160650867010813,6.0,1.0,1.0,5.0
42,5000059,8,-4.918769082503667,2.5090816800735354,0.1538261627556057,0.14160650867010813,2.0,5.0,7.0,4.0
42,5000060,8,5.247067503609735,0.12480509474601101,0.1538261627556057,0.14160650867010813,4.0,3.0,0.0,0.0
42,5000061,8,14.055870400716474,-11.359768494477443,0.1538261627556057,0.14160650867010813,5.0,0.0,1.0,2.0
42,5000062,8,31.59515157429202,-13.175255705980613,0.1538261627556057,0.14160650867010813,1.0,0.0,3.0,1.0
42,5000063,8,1.2925412897116413,-10.53733296633761,0.1538261627556057,0.14160650867010813,6.0,0.0,7.0,4.0
42,5000064,8,31.3947021127127,-13.670322857293783,0.1538261627556057,0.14160650867010813,0.0,1.0,1.0,2.0
42,5000065,8,-8.811505730414439,10.402769923445536,0.1538261627556057,0.14160650867010813,2.0,7.0,2.0,3.0
42,5000066,8,-2.1295166571020276,-2.5378274089680213,0.1538261627556057,0.14160650867010813,6.0,2.0,3.0,2.0
42,5000067,8,1.2383428525854159,-3.04260964572969,0.1538261627556057,0.14160650867010813,7.0,1.0,6.0,0.0
42,5000068,8,-6.013461209057277,0.6114119085932037,0.1538261627556057,0.14160650867010813,3.0,6.0,3.0,6.0
42,5000069,8,6.074889175357304,-5.30201519325129,0.1538261627556057,0.14160650867010813,4.0,4.0,1.0,5.0
42,5000070,8,-7.004006420435243,5.151045890907476,0.1538261627556057,0.14160650867010813,4.0,6.0,4.0,6.0
42,5000071,8,33.16152469376797,-14.736464832825481,0.1538261627556057,0.14160650867010813,0.0,2.0,1.0,6.0
42,5000072,8,8.82383734516872,-1.0949111682836339,0.1538261627556057,0.14160650867010813,2.0,5.0,3.0,6.0
42,5000073,8,-2.971902805115496,2.1609741907099673,0.1538261627556057,0.14160650867010813,0.0,6.0,5.0,3.0
42,5000074,8,-3.2286139524519193,-8.19188477119243,0.1538261627556057,0.14160650867010813,6.0,3.0,5.0,7.0
42,5000075,8,-6.387659241107866,-3.045520916086777,0.1538261627556057,0.14160650867010813,6.0,3.0,2.0,3.0
42,5000076,8,-13.357470474323225,10.051100586513346,0.1538261627556057,0.14160650867010813,6.0,6.0,0.0,3.0
42,5000077,8,-12.780076724428353,13.256031140923728,0.1538261627556057,0.14160650867010813,1.0,7.0,7.0,1.0
42,5000078,8,7.940981611135309,-2.7653411723541206,0.1538261627556057,0.14160650867010813,4.0,3.0,7.0,0.0
42,5000079,8,-20.6804355370511,12.198456957432631,0.1538261627556057,0.14160650867010813,3.0,7.0,6.0,1.0
42,5000080,8,-4.009097071442984,4.648062427615643,0.1538261627556057,0.14160650867010813,3.0,6.0,1.0,2.0
42,5000081,8,-4.5607421381919195,5.774541812531089,0.1538261627556057,0.14160650867010813,5.0,6.0,0.0,6.0
42,5000082,8,-33.03210185849484,11.948922723794931,0.1538261627556057,0.14160650867010813,7.0,6.0,6.0,1.0
42,5000083,8,-0.14796165610017076,-4.5682149792685856,0.1538261627556057,0.14160650867010813,5.0,3.0,0.0,2.0
42,5000084,8,19.052057571612156,-15.71697375293933,0.1538261627556057,0.14160650867010813,4.0,1.0,1.0,6.0
42,5000085,8,17.093847525083138,-10.668558916134945,0.1538261627556057,0.14160650867010813,4.0,2.0,3.0,6.0
42,5000086,8,-4.065333969960989,4.965719015000515,0.1538261627556057,0.14160650867010813,6.0,4.0,3.0,5.0
42,5000087,8,-4.738551848799309,0.4449625755637565,0.1538261627556057,0.14160650867010813,4.0,3.0,7.0,2.0
42,5000088,8,10.131668860544139,13.676868078096732,0.1538261627556057,0.14160650867010813,0.0,6.0,4.0,2.0
42,5000089,8,10.205650010683271,3.599129629130502,0.1538261627556057,0.14160650867010813,0.0,6.0,2.0,6.0
42,5000090,8,-13.336301089180512,13.56947035108913,0.1538261627556057,0.14160650867010813,4.0,7.0,0.0,0.0
42,5000091,8,-5.259482079711595,1.6511908250124048,0.1538261627556057,0.14160650867010813,1.0,2.0,2.0,5.0
42,5000092,8,5.907942446108477,1.5053637842363954,0.1538261627556057,0.14160650867010813,0.0,5.0,6.0,4.0
42,5000093,8,-9.18543477614725,10.845211960513657,0.1538261627556057,0.14160650867010813,1.0,7.0,7.0,4.0
42,5000094,8,29.279981180736634,-7.342139149414968,0.1538261627556057,0.14160650867010813,2.0,2.0,6.0,6.0
42,5000095,8,31.933887246360868,-19.96518881917627,0.1538261627556057,0.14160650867010813,1.0,0.0,1.0,6.0
42,5000096,8,-33.198099024218806,9.838022224069906,0.1538261627556057,0.14160650867010813,7.0,6.0,6.0,4.0
42,5000097,8,25.034587915664158,-12.209672865574136,0.1538261627556057,0.14160650867010813,3.0,1.0,0.0,5.0
42,5000098,8,11.250356046056766,-1.5515211888477993,0.1538261627556057,0.14160650867010813,3.0,5.0,0.0,7.0
42,5000099,8,7.433919969405092,-3.5174718733805053,0.1538261627556057,0.14160650867010813,7.0,0.0,6.0,4.0
42,5000100,8,-2.2808701685859605,5.450691698263714,0.1538261627556057,0.14160650867010813,0.0,7.0,0.0,1.0
42,5000101,8,-1.6440847383964403,-2.398881221285631,0.1538261627556057,0.14160650867010813,1.0,6.0,4.0,6.0
42,5000102,8,27.079722553333454,-14.977424035186322,0.1538261627556057,0.14160650867010813,2.0,1.0,1.0,3.0
42,5000103,8,10.628024266429657,-2.998623974391049,0.1538261627556057,0.14160650867010813,0.0,4.0,5.0,4.0
42,5000104,8,-3.224450936023702,4.57792278041455,0.1538261627556057,0.14160650867010813,0.0,4.0,1.0,7.0
42,5000105,8,-27.609613728371205,6.45923534105646,0.1538261627556057,0.14160650867010813,7.0,6.0,6.0,6.0
42,5000106,8,21.28808822119226,-5.718689505978695,0.1538261627556057,0.14160650867010813,4.0,1.0,7.0,0.0
42,5000107,8,3.67236955414942,1.512784764820104,0.1538261627556057,0.14160650867010813,2.0,6.0,0.0,6.0
42,5000108,8,10.513018906102625,-11.58494218907057,0.1538261627556057,0.14160650867010813,5.0,2.0,2.0,6.0
42,5000109,8,14.050629085553744,-10.862693129828857,0.1538261627556057,0.14160650867010813,6.0,0.0,0.0,5.0
42,5000110,8,-3.6460612426977135,4.257880974723667,0.1538261627556057,0.14160650867010813,5.0,1.0,7.0,1.0
42,5000111,8,-23.267160020564756,11.503927486622626,0.1538261627556057,0.14160650867010813,5.0,7.0,2.0,2.0
42,5000112,8,16.18285074528964,-8.434307836381466,0.1538261627556057,0.14160650867010813,0.0,3.0,6.0,6.0
42,5000113,8,-5.225289927591867,-0.2695905686254227,0.1538261627556057,0.14160650867010813,2.0,6.0,3.0,5.0
42,5000114,8,0.6602400497898916,8.413089634653385,0.1538261627556057,0.14160650867010813,1.0,7.0,0.0,5.0
42,5000115,8,3.0169033987067433,-5.292029351592406,0.1538261627556057,0.14160650867010813,3.0,5.0,4.0,7.0
42,5000116,8,-2.151803575822604,9.497033306938267,0.1538261627556057,0.14160650867010813,1.0,7.0,0.0,3.0
42,5000117,8,-17.64192130504199,8.458017341880641,0.1538261627556057,0.14160650867010813,7.0,5.0,1.0,2.0
42,5000118,8,-5.267548041545041,-2.1627091362871176,0.1538261627556057,0.14160650867010813,7.0,2.0,2.0,4.0
42,5000119,8,-1.5880167467038793,0.6774323240343347,0.1538261627556057,0.14160650867010813,2.0,5.0,7.0,5.0
42,5000120,8,3.71455121236161,-5.026908311912946,0.1538261627556057,0.14160650867010813,1.0,3.0,7.0,2.0
42,5000121,8,-37.36840052173879,11.203073378443637,0.1538261627556057,0.14160650867010813,7.0,7.0,6.0,4.0
42,5000122,8,1.2539571261934577,-5.049571910202701,0.1538261627556057,0.14160650867010813,7.0,1.0,7.0,4.0
42,5000123,8,-31.872860219406903,17.68952215418265,0.1538261627556057,0.14160650867010813,6.0,7.0,5.0,1.0
42,5000124,8,16.197486513042726,-8.101895963401814,0.1538261627556057,0.14160650867010813,0.0,4.0,3.0,5.0
42,5000125,8,9.101881083222825,-2.767126714451394,0.1538261627556057,0.14160650867010813,1.0,3.0,7.0,3.0
42,5000126,8,11.975430541509521,3.055882060235552,0.1538261627556057,0.14160650867010813,3.0,5.0,0.0,6.0
42,5000127,8,-11.305405269346064,8.417699002360344,0.1538261627556057,0.14160650867010813,4.0,5.0,4.0,0.0
42,5000128,8,-22.544339987986007,5.364508364096397,0.1538261627556057,0.14160650867010813,7.0,5.0,2.0,1.0
42,5000129,8,-4.751376133645917,7.855117488819809,0.1538261627556057,0.14160650867010813,2.0,1.0,6.0,3.0
42,5000130,8,-31.379183016323623,16.325891855316772,0.1538261627556057,0.14160650867010813,6.0,7.0,6.0,1.0
42,5000131,8,-1.52958863317398,7.667628166862549,0.1538261627556057,0.14160650867010813,1.0,1.0,5.0,1.0
42,5000132,8,0.031094132371685734,8.158380868929004,0.1538261627556057,0.14160650867010813,0.0,1.0,0.0,6.0
42,5000133,8,24.979963565551714,2.7818804868734626,0.1538261627556057,0.14160650867010813,0.0,4.0,5.0,0.0
42,5000134,8,-4.485683960059083,10.181908784040976,0.1538261627556057,0.14160650867010813,0.0,6.0,6.0,0.0
42,5000135,8,17.05559533185463,-19.6876043095708,0.1538261627556057,0.14160650867010813,0.0,3.0,2.0,4.0
42,5000136,8,-3.230855898441895,4.639443146438607,0.1538261627556057,0.14160650867010813,5.0,4.0,5.0,6.0
42,5000137,8,-6.981859053362898,3.142650496378456,0.1538261627556057,0.14160650867010813,6.0,4.0,0.0,7.0
42,5000138,8,29.494109681722836,-8.062474228395008,0.1538261627556057,0.14160650867010813,3.0,0.0,1.0,0.0
42,5000139,8,-1.292868351626901,10.150179251055755,0.1538261627556057,0.14160650867010813,3.0,4.0,5.0,2.0
42,5000140,8,-0.6919907456622846,3.2110270920967845,0.1538261627556057,0.14160650867010813,0.0,6.0,2.0,1.0
42,5000141,8,14.278024392955206,-17.433390445368467,0.1538261627556057,0.14160650867010813,3.0,0.0,7.0,7.0
42,5000142,8,25.346110028229745,-20.986357751557367,0.1538261627556057,0.14160650867010813,2.0,0.0,3.0,5.0
42,5000143,8,4.189287422338904,-2.2158658540066885,0.1538261627556057,0.14160650867010813,5.0,3.0,0.0,3.0
42,5000144,8,1.3028109957944294,7.786102412118083,0.1538261627556057,0.14160650867010813,0.0,7.0,1.0,4.0
42,5000145,8,21.954351658147228,-3.1072611882359,0.1538261627556057,0.14160650867010813,1.0,3.0,0.0,3.0
42,5000146,8,27.479628127158925,-13.392962646583204,0.1538261627556057,0.14160650867010813,2.0,0.0,0.0,3.0
42,5000147,8,4.029525072840485,2.7621828754980062,0.1538261627556057,0.14160650867010813,0.0,7.0,2.0,7.0
42,5000148,8,4.608503812932392,-3.503178979009561,0.1538261627556057,0.14160650867010813,4.0,4.0,1.0,5.0
42,5000149,8,16.775598737134192,-10.539726633115977,0.1538261627556057,0.14160650867010813,1.0,2.0,1.0,2.0
42,5000150,8,-16.527413452823264,2.7778649103408375,0.1538261627556057,0.14160650867010813,5.0,6.0,5.0,6.0
42,5000151,8,-3.3635891441715637,5.314951832841239,0.1538261627556057,0.14160650867010813,1.0,6.0,1.0,0.0
42,5000152,8,-12.718399365129047,3.2187594807347297,0.1538261627556057,0.14160650867010813,3.0,7.0,2.0,6.0
42,5000153,8,-4.613198731640482,4.09957514105345,0.1538261627556057,0.14160650867010813,0.0,0.0,1.0,7.0
42,5000154,8,3.5974749534030606,-2.6007048653856883,0.1538261627556057,0.14160650867010813,2.0,5.0,2.0,5.0
42,5000155,8,16.855851897607565,-18.67973565796104,0.1538261627556057,0.14160650867010813,3.0,0.0,6.0,6.0
42,5000156,8,-7.716559358614035,7.315739385344873,0.1538261627556057,0.14160650867010813,0.0,3.0,1.0,1.0
42,5000157,8,-14.00528173895342,7.059336466731613,0.1538261627556057,0.14160650867010813,6.0,4.0,6.0,2.0
42,5000158,8,-8.843188314781303,3.6911833418911173,0.1538261627556057,0.14160650867010813,5.0,4.0,5.0,0.0
42,5000159,8,16.462134441543427,-10.460607951345704,0.1538261627556057,0.14160650867010813,3.0,0.0,7.0,4.0
42,5000160,8,16.69343435984514,-16.565637959915463,0.1538261627556057,0.14160650867010813,0.0,1.0,5.0,3.0
42,5000161,8,22.11055627633421,-8.170412476444282,0.1538261627556057,0.14160650867010813,4.0,1.0,1.0,0.0
42,5000162,8,15.626468406208456,-10.992981260612328,0.1538261627556057,0.14160650867010813,4.0,1.0,5.0,5.0
42,5000163,8,-13.900244598514616,16.783007741978782,0.1538261627556057,0.14160650867010813,3.0,7.0,2.0,0.0
42,5000164,8,-6.490089099716485,4.683069081449611,0.1538261627556057,0.14160650867010813,5.0,2.0,2.0,5.0
42,5000165,8,-22.65723044879919,7.359635535014014,0.1538261627556057,0.14160650867010813,5.0,6.0,7.0,4.0
42,5000166,8,10.864376607952842,-12.024122019839087,0.1538261627556057,0.14160650867010813,5.0,2.0,0.0,6.0
42,5000167,8,6.629012416540739,-8.014467761602983,0.1538261627556057,0.14160650867010813,6.0,1.0,0.0,3.0
42,5000168,8,-10.377737223437702,3.537186196086669,0.1538261627556057,0.14160650867010813,1.0,7.0,6.0,5.0
42,5000169,8,-7.374908019915554,4.37060112427013,0.1538261627556057,0.14160650867010813,6.0,3.0,2.0,1.0
42,5000170,8,2.4333444868994993,0.9626908692177979,0.1538261627556057,0.14160650867010813,0.0,5.0,2.0,1.0
42,5000171,8,19.313416321682364,-10.156466628910295,0.1538261627556057,0.14160650867010813,4.0,1.0,0.0,0.0
42,5000172,8,8.99549358610514,-9.057710875633989,0.1538261627556057,0.14160650867010813,7.0,0.0,1.0,7.0
42,5000173,8,11.92964749890967,2.8615976120410482,0.1538261627556057,0.14160650867010813,0.0,4.0,1.0,0.0
42,5000174,8,-0.12037527644836646,-0.2747059332817068,0.1538261627556057,0.14160650867010813,0.0,5.0,7.0,3.0
42,5000175,8,-5.259482079711595,1.6511908250124048,0.1538261627556057,0.14160650867010813,1.0,5.0,7.0,4.0
42,5000176,8,8.954020192576543,-4.313603444799863,0.1538261627556057,0.14160650867010813,4.0,3.0,7.0,6.0
42,5000177,8,22.41939014926903,-11.19634074198986,0.1538261627556057,0.14160650867010813,0.0,3.0,4.0,7.0
42,5000178,8,-10.749582338760767,3.3261849296659087,0.1538261627556057,0.14160650867010813,7.0,2.0,4.0,1.0
42,5000179,8,-13.233069872017785,-5.206536716799506,0.1538261627556057,0.14160650867010813,6.0,3.0,4.0,3.0
42,5000180,8,21.897736546964186,-17.279385622824137,0.1538261627556057,0.14160650867010813,2.0,1.0,4.0,4.0
42,5000181,8,3.47980275021471,-0.7031238964200082,0.1538261627556057,0.14160650867010813,6.0,2.0,1.0,0.0
42,5000182,8,14.29332601672095,-20.96456944729046,0.1538261627556057,0.14160650867010813,4.0,0.0,3.0,3.0
42,5000183,8,-24.93946389240102,12.17772564411167,0.1538261627556057,0.14160650867010813,7.0,6.0,2.0,1.0
42,5000184,8,-26.357162681638258,4.656799501532971,0.1538261627556057,0.14160650867010813,7.0,6.0,4.0,6.0
42,5000185,8,-4.91532243130307,-8.833698447398877,0.1538261627556057,0.14160650867010813,6.0,3.0,4.0,6.0
42,5000186,8,-2.875464726376946,1.4593667644388777,0.1538261627556057,0.14160650867010813,7.0,2.0,3.0,0.0
42,5000187,8,26.22649705477261,-13.23096630009349,0.1538261627556057,0.14160650867010813,3.0,0.0,4.0,6.0
42,5000188,8,13.768285254828886,-15.56837085133207,0.1538261627556057,0.14160650867010813,3.0,1.0,5.0,4.0
42,5000189,8,7.507335475780129,-8.349709015524564,0.1538261627556057,0.14160650867010813,4.0,4.0,2.0,7.0
42,5000190,8,-4.308325080807492,3.5330371417203548,0.1538261627556057,0.14160650867010813,2.0,2.0,2.0,0.0
42,5000191,8,-14.010362612028672,-3.4138726965907717,0.1538261627556057,0.14160650867010813,7.0,3.0,4.0,4.0
42,5000192,8,16.714161611591628,7.210892702632121,0.1538261627556057,0.14160650867010813,0.0,5.0,5.0,2.0
42,5000193,8,11.218930870024156,-10.43686305518321,0.1538261627556057,0.14160650867010813,5.0,2.0,0.0,7.0
42,5000194,8,-12.46299567635714,4.460471002381996,0.1538261627556057,0.14160650867010813,3.0,7.0,2.0,6.0
42,5000195,8,-27.50651662749073,14.052067243035532,0.1538261627556057,0.14160650867010813,7.0,6.0,5.0,1.0
42,5000196,8,-2.2231979977946006,3.713371098540472,0.1538261627556057,0.14160650867010813,2.0,6.0,7.0,7.0
42,5000197,8,-8.31839795804468,5.040810500515899,0.1538261627556057,0.14160650867010813,5.0,4.0,2.0,1.0
42,5000198,8,-8.860384546687566,-2.1697356921831292,0.1538261627556057,0.14160650867010813,5.0,5.0,5.0,7.0
42,5000199,8,-28.12212229099037,17.02728620292166,0.1538261627556057,0.14160650867010813,7.0,7.0,2.0,7.0
42,5000200,8,-22.838281465871457,-0.45901786150487006,0.1538261627556057,0.14160650867010813,7.0,4.0,7.0,4.0
42,5000201,8,16.44795313298939,-7.469766944554867,0.1538261627556057,0.14160650867010813,3.0,0.0,7.0,3.0
42,5000202,8,-10.7433742381896,-3.023545278572697,0.1538261627556057,0.14160650867010813,6.0,3.0,6.0,3.0
42,5000203,8,-0.594048603815822,-0.3019952370889429,0.1538261627556057,0.14160650867010813,3.0,5.0,7.0,7.0
42,5000204,8,20.638691500872138,-3.931143500096082,0.1538261627556057,0.14160650867010813,1.0,4.0,0.0,4.0
42,5000205,8,7.6261483947346544,-6.782424189588215,0.1538261627556057,0.14160650867010813,6.0,0.0,3.0,1.0
42,5000206,8,19.21821390150763,-13.079238201629813,0.1538261627556057,0.14160650867010813,2.0,1.0,0.0,0.0
42,5000207,8,-5.998158942845318,2.776484215899656,0.1538261627556057,0.14160650867010813,4.0,4.0,7.0,0.0
42,5000208,8,-3.196228451147853,5.891874863506134,0.1538261627556057,0.14160650867010813,7.0,3.0,1.0,6.0
42,5000209,8,30.63422451155889,-9.059050092397904,0.1538261627556057,0.14160650867010813,0.0,3.0,0.0,6.0
42,5000210,8,-7.064533635609203,-3.973419570586951,0.1538261627556057,0.14160650867010813,7.0,1.0,4.0,2.0
42,5000211,8,2.8020518399006633,2.6325463437529115,0.1538261627556057,0.14160650867010813,0.0,5.0,7.0,4.0
42,5000212,8,-7.741296853835557,0.8702468635767174,0.1538261627556057,0.14160650867010813,2.0,5.0,3.0,4.0
42,5000213,8,16.030805359414416,-5.665992310481676,0.1538261627556057,0.14160650867010813,4.0,0.0,1.0,0.0
42,5000214,8,-2.5906054753717167,-10.569420517566215,0.1538261627556057,0.14160650867010813,4.0,2.0,7.0,3.0
42,5000215,8,6.444796409059103,-7.60827281893369,0.1538261627556057,0.14160650867010813,5.0,1.0,4.0,2.0
42,5000216,8,16.427567235869482,13.659845130985172,0.1538261627556057,0.14160650867010813,1.0,5.0,7.0,5.0
42,5000217,8,-24.265652545313735,12.650226886748252,0.1538261627556057,0.14160650867010813,6.0,6.0,4.0,0.0
42,5000218,8,-9.367284341896264,12.185852360614927,0.1538261627556057,0.14160650867010813,5.0,5.0,1.0,0.0
42,5000219,8,12.543294465194677,-6.26572012538689,0.1538261627556057,0.14160650867010813,6.0,0.0,4.0,2.0
42,5000220,8,21.449627671399952,-6.510091644051454,0.1538261627556057,0.14160650867010813,1.0,1.0,3.0,1.0
42,5000221,8,-11.132537359542974,8.550025619844662,0.1538261627556057,0.14160650867010813,6.0,6.0,0.0,4.0
42,5000222,8,11.71202184459075,-7.010249553864211,0.1538261627556057,0.14160650867010813,4.0,3.0,4.0,7.0
42,5000223,8,21.761259616143203,-7.379854564383909,0.1538261627556057,0.14160650867010813,0.0,3.0,3.0,4.0
42,5000224,8,5.927477667634036,6.923546459242809,0.1538261627556057,0.14160650867010813,2.0,5.0,7.0,0.0
42,5000225,8,-8.502051973841203,13.189987633968943,0.1538261627556057,0.14160650867010813,3.0,7.0,0.0,2.0
42,5000226,8,-6.39397344241036,-0.31419883226870116,0.1538261627556057,0.14160650867010813,7.0,3.0,3.0,5.0
42,5000227,8,-28.888150693235154,1.8551315059969833,0.1538261627556057,0.14160650867010813,7.0,6.0,5.0,6.0
42,5000228,8,-18.98105404649378,16.279334303124916,0.1538261627556057,0.14160650867010813,3.0,7.0,5.0,0.0
42,5000229,8,28.52023849831854,0.23674083403866167,0.1538261627556057,0.14160650867010813,1.0,3.0,5.0,0.0
42,5000230,8,-30.84452935939023,16.098154478065247,0.1538261627556057,0.14160650867010813,6.0,7.0,7.0,2.0
42,5000231,8,-20.06064253373629,2.101714366126387,0.1538261627556057,0.14160650867010813,7.0,5.0,3.0,5.0
42,5000232,8,-1.292868351626901,10.150179251055755,0.1538261627556057,0.14160650867010813,4.0,4.0,6.0,3.0
42,5000233,8,-2.9762312209216297,0.41309289197592086,0.1538261627556057,0.14160650867010813,5.0,5.0,2.0,6.0
42,5000234,8,17.10090149676777,-14.005655824007857,0.1538261627556057,0.14160650867010813,4.0,2.0,1.0,6.0
42,5000235,8,-20.375842968727675,7.781146880887155,0.1538261627556057,0.14160650867010813,6.0,6.0,2.0,0.0
42,5000236,8,29.38478846892464,-18.745031622365573,0.1538261627556057,0.14160650867010813,1.0,1.0,1.0,5.0
42,5000237,8,17.9324287838107,-17.1452389455212,0.1538261627556057,0.14160650867010813,3.0,1.0,5.0,7.0
42,5000238,8,6.155173859749111,-4.624287672420545,0.1538261627556057,0.14160650867010813,0.0,6.0,2.0,6.0
42,5000239,8,14.467849404190773,-14.888175350716129,0.1538261627556057,0.14160650867010813,0.0,3.0,3.0,4.0
42,5000240,8,28.93551264565971,-5.622645777938548,0.1538261627556057,0.14160650867010813,2.0,1.0,5.0,6.0
42,5000241,8,-20.936289294595383,10.575878763330074,0.1538261627556057,0.14160650867010813,4.0,7.0,3.0,4.0
42,5000242,8,-20.976217236303423,11.36954541757,0.1538261627556057,0.14160650867010813,6.0,6.0,7.0,0.0
42,5000243,8,1.09782894145475,-4.8580892987414295,0.1538261627556057,0.14160650867010813,7.0,1.0,0.0,1.0
42,5000244,8,26.537874186791335,-16.487785868383398,0.1538261627556057,0.14160650867010813,3.0,0.0,0.0,5.0
42,5000245,8,21.738209661199157,-7.107229532981323,0.1538261627556057,0.14160650867010813,2.0,0.0,2.0,0.0
42,5000246,8,23.068390405419063,-3.4244917105083754,0.1538261627556057,0.14160650867010813,3.0,2.0,0.0,4.0
42,5000247,8,0.812212800760594,-12.18512692912024,0.1538261627556057,0.14160650867010813,7.0,1.0,5.0,7.0
42,5000248,8,0.19642815501087404,-1.8910689747120413,0.1538261627556057,0.14160650867010813,4.0,5.0,2.0,6.0
42,5000249,8,-3.5031188106064484,1.125179540248518,0.1538261627556057,0.14160650867010813,2.0,5.0,5.0,3.0
42,5000250,8,20.394210805254435,-18.94571542884821,0.1538261627556057,0.14160650867010813,3.0,1.0,2.0,6.0
42,5000251,8,-4.751376133645917,7.855117488819809,0.1538261627556057,0.14160650867010813,2.0,1.0,6.0,2.0
42,5000252,8,-21.305757212916134,5.401000117758263,0.1538261627556057,0.14160650867010813,7.0,5.0,6.0,6.0
42,5000253,8,-21.42467989883583,5.826357495011595,0.1538261627556057,0.14160650867010813,4.0,7.0,6.0,5.0
42,5000254,8,30.297654767970748,2.4999238002564406,0.1538261627556057,0.14160650867010813,0.0,3.0,7.0,6.0
42,5000255,8,-2.2808701685859605,5.450691698263714,0.1538261627556057,0.14160650867010813,0.0,7.0,0.0,1.0
100,5000000,8,-1.2894129275901105,13.476375230213536,0.17369943986919156,0.14096526190976877,4.0,7.0,5.0,2.0
100,5000001,8,-4.160584746215042,-6.903247508167967,0.17369943986919156,0.14096526190976877,2.0,5.0,5.0,7.0
100,5000002,8,5.737677708579156,-15.638458030293233,0.17369943986919156,0.14096526190976877,1.0,4.0,4.0,2.0
100,5000003,8,6.426332138386272,6.554574174071044,0.17369943986919156,0.14096526190976877,5.0,4.0,2.0,0.0
100,5000004,8,13.484296355849576,1.1069277154349821,0.17369943986919156,0.14096526190976877,3.0,5.0,3.0,3.0
100,5000005,8,-2.8522917725876598,-27.78365814185049,0.17369943986919156,0.14096526190976877,0.0,1.0,3.0,7.0
100,5000006,8,-1.7516332571082618,-1.8685186855607863,0.17369943986919156,0.14096526190976877,3.0,5.0,7.0,1.0
100,5000007,8,6.986642335805919,19.66645610380978,0.17369943986919156,0.14096526190976877,7.0,4.0,0.0,4.0
100,5000008,8,-0.7914682033696587,-2.178704934872545,0.17369943986919156,0.14096526190976877,1.0,7.0,4.0,3.0
100,5000009,8,2.861017356388338,-27.597287105666098,0.17369943986919156,0.14096526190976877,1.0,2.0,2.0,4.0
100,5000010,8,-1.5507945227876605,6.4703390536711005,0.17369943986919156,0.14096526190976877,7.0,1.0,2.0,1.0
100,5000011,8,8.919803682633043,1.2022785107727325,0.17369943986919156,0.14096526190976877,5.0,1.0,1.0,7.0
100,5000012,8,-3.710375694603197,-26.858568622281393,0.17369943986919156,0.14096526190976877,2.0,0.0,7.0,2.0
100,5000013,8,0.2584820344787778,14.461671820932374,0.17369943986919156,0.14096526190976877,4.0,7.0,6.0,5.0
100,5000014,8,0.3398663995402842,-8.440089398776077,0.17369943986919156,0.14096526190976877,3.0,4.0,5.0,3.0
100,5000015,8,-2.548551278858916,23.939862869723388,0.17369943986919156,0.14096526190976877,7.0,6.0,2.0,6.0
100,5000016,8,0.34446093154648794,19.787986604722853,0.17369943986919156,0.14096526190976877,6.0,6.0,6.0,5.0
100,5000017,8,4.145356274260397,4.9389847281242645,0.17369943986919156,0.14096526190976877,7.0,0.0,3.0,7.0
100,5000018,8,-1.5539165527600833,17.15568184900946,0.17369943986919156,0.14096526190976877,7.0,4.0,7.0,6.0
100,5000019,8,6.86716377686883,-7.427680826178904,0.17369943986919156,0.14096526190976877,4.0,3.0,5.0,2.0
100,5000020,8,3.3227958851193007,-5.040359489178171,0.17369943986919156,0.14096526190976877,4.0,2.0,3.0,7.0
100,5000021,8,1.0895364547358088,19.42251375548523,0.17369943986919156,0.14096526190976877,7.0,5.0,5.0,0.0
100,5000022,8,3.5117348080445154,-2.058098358249378,0.17369943986919156,0.14096526190976877,1.0,7.0,2.0,2.0
100,5000023,8,-0.43299578593686094,12.254686860722547,0.17369943986919156,0.14096526190976877,7.0,3.0,7.0,5.0
100,5000024,8,-7.906707286685567,-0.7077808345253487,0.17369943986919156,0.14096526190976877,2.0,6.0,6.0,1.0
100,5000025,8,-1.7593378856784132,-8.854728950784892,0.17369943986919156,0.14096526190976877,5.0,0.0,6.0,6.0
100,5000026,8,6.030691345329358,20.215206337123583,0.17369943986919156,0.14096526190976877,7.0,5.0,1.0,2.0
100,5000027,8,4.046450597699737,10.871951380348666,0.17369943986919156,0.14096526190976877,5.0,5.0,2.0,2.0
100,5000028,8,0.8151804695409415,1.7619394164453952,0.17369943986919156,0.14096526190976877,3.0,2.0,4.0,4.0
100,5000029,8,0.01509157213032987,-28.23131209544248,0.17369943986919156,0.14096526190976877,2.0,0.0,6.0,2.0
100,5000030,8,2.4754517594510257,27.875761302312167,0.17369943986919156,0.14096526190976877,7.0,4.0,0.0,0.0
100,5000031,8,-0.5015667513721662,-29.665543979722106,0.17369943986919156,0.14096526190976877,1.0,0.0,3.0,5.0
100,5000032,8,-6.6400601492225375,-12.097623122097668,0.17369943986919156,0.14096526190976877,1.0,5.0,3.0,0.0
100,5000033,8,6.040840562835272,-4.448106524831893,0.17369943986919156,0.14096526190976877,5.0,1.0,0.0,2.0
100,5000034,8,6.606399952036232,-6.008740828293828,0.17369943986919156,0.14096526190976877,4.0,2.0,5.0,0.0
100,5000035,8,3.902129870330895,4.497959337423598,0.17369943986919156,0.14096526190976877,4.0,5.0,2.0,3.0
100,5000036,8,9.448158050293479,6.442928989224866,0.17369943986919156,0.14096526190976877,6.0,3.0,6.0,6.0
100,5000037,8,-4.341577968823783,8.995926185092857,0.17369943986919156,0.14096526190976877,4.0,6.0,7.0,7.0
100,5000038,8,-8.993621818383751,12.765465547452779,0.17369943986919156,0.14096526190976877,4.0,7.0,3.0,1.0
100,5000039,8,10.695282867612061,2.9070905362144903,0.17369943986919156,0.14096526190976877,4.0,3.0,3.0,0.0
100,5000040,8,-6.82378839513423,-29.981904088275588,0.17369943986919156,0.14096526190976877,1.0,0.0,5.0,2.0
100,5000041,8,-3.8419770878007258,-19.725330459240816,0.17369943986919156,0.14096526190976877,1.0,3.0,7.0,1.0
100,5000042,8,8.394068996068931,7.009064689056849,0.17369943986919156,0.14096526190976877,3.0,6.0,1.0,6.0
100,5000043,8,1.7398910877302765,21.92377079770986,0.17369943986919156,0.14096526190976877,4.0,6.0,2.0,6.0
100,5000044,8,9.089121499070442,32.60172931793163,0.17369943986919156,0.14096526190976877,7.0,5.0,4.0,3.0
100,5000045,8,6.143211618610926,4.452414658883903,0.17369943986919156,0.14096526190976877,7.0,0.0,3.0,4.0
100,5000046,8,-4.651604184719101,15.41636025507255,0.17369943986919156,0.14096526190976877,7.0,3.0,1.0,6.0
100,5000047,8,2.296106861624008,-34.78476177705085,0.17369943986919156,0.14096526190976877,0.0,0.0,5.0,5.0
100,5000048,8,6.50706715706929,1.8166034124401669,0.17369943986919156,0.14096526190976877,4.0,4.0,5.0,3.0
100,5000049,8,7.940816600058282,-30.07834087038434,0.17369943986919156,0.14096526190976877,1.0,1.0,4.0,0.0
100,5000050,8,1.9072900869114302,-0.16676448553855489,0.17369943986919156,0.14096526190976877,4.0,4.0,2.0,1.0
100,5000051,8,4.700102447254744,18.366919506181436,0.17369943986919156,0.14096526190976877,6.0,5.0,2.0,6.0
100,5000052,8,-13.039821616864083,-7.123097996889936,0.17369943986919156,0.14096526190976877,1.0,6.0,6.0,4.0
100,5000053,8,-2.873023116656114,30.922139495980886,0.17369943986919156,0.14096526190976877,6.0,6.0,0.0,2.0
100,5000054,8,3.9825549584129463,27.87681752569385,0.17369943986919156,0.14096526190976877,6.0,5.0,1.0,0.0
100,5000055,8,2.4535909499608577,10.890711578939232,0.17369943986919156,0.14096526190976877,3.0,7.0,1.0,0.0
100,5000056,8,-8.771315232028538,-2.9945387155263568,0.17369943986919156,0.14096526190976877,0.0,7.0,0.0,5.0
100,5000057,8,7.082765679008693,-33.15054547692926,0.17369943986919156,0.14096526190976877,1.0,1.0,6.0,7.0
100,5000058,8,3.386544506487943,3.0139622066291953,0.17369943986919156,0.14096526190976877,6.0,1.0,1.0,5.0
100,5000059,8,-7.490413000664573,-6.417113651916165,0.17369943986919156,0.14096526190976877,2.0,5.0,7.0,4.0
100,5000060,8,4.800564253655532,1.941541163532327,0.17369943986919156,0.14096526190976877,4.0,3.0,0.0,0.0
100,5000061,8,2.8389366338253375,-8.429532882386532,0.17369943986919156,0.14096526190976877,5.0,0.0,1.0,2.0
100,5000062,8,10.427157108711372,-31.32450437342314,0.17369943986919156,0.14096526190976877,1.0,0.0,3.0,1.0
100,5000063,8,10.939009640177552,0.09496053860247344,0.17369943986919156,0.14096526190976877,6.0,0.0,7.0,4.0
100,5000064,8,4.504383200165956,-32.22728335574341,0.17369943986919156,0.14096526190976877,0.0,1.0,1.0,2.0
100,5000065,8,12.170664227683615,5.128567345742924,0.17369943986919156,0.14096526190976877,2.0,7.0,2.0,3.0
100,5000066,8,0.8094012924563688,6.559751575681279,0.17369943986919156,0.14096526190976877,6.0,2.0,3.0,2.0
100,5000067,8,0.31950779689957004,-0.3909017580238465,0.17369943986919156,0.14096526190976877,7.0,1.0,6.0,0.0
100,5000068,8,0.5796006086811009,4.75010000862123,0.17369943986919156,0.14096526190976877,3.0,6.0,3.0,6.0
100,5000069,8,10.32714542416959,7.030740983871635,0.17369943986919156,0.14096526190976877,4.0,4.0,1.0,5.0
100,5000070,8,5.416841021837777,9.345767640226466,0.17369943986919156,0.14096526190976877,4.0,6.0,4.0,6.0
100,5000071,8,6.0183296249874,-28.4366106067277,0.17369943986919156,0.14096526190976877,0.0,2.0,1.0,6.0
100,5000072,8,-1.8537882323660493,-7.633842645946638,0.17369943986919156,0.14096526190976877,2.0,5.0,3.0,6.0
100,5000073,8,12.121185805616275,-11.143013083753752,0.17369943986919156,0.14096526190976877,0.0,6.0,5.0,3.0
100,5000074,8,-5.681283391928846,10.25429113854657,0.17369943986919156,0.14096526190976877,6.0,3.0,5.0,7.0
100,5000075,8,-1.3515043029855747,11.16203380957333,0.17369943986919156,0.14096526190976877,6.0,3.0,2.0,3.0
100,5000076,8,-2.169573330661113,19.828832978377545,0.17369943986919156,0.14096526190976877,6.0,6.0,0.0,3.0
100,5000077,8,-0.01030672606291282,1.2921073682017354,0.17369943986919156,0.14096526190976877,1.0,7.0,7.0,1.0
100,5000078,8,6.732851022935494,0.4633908051774526,0.17369943986919156,0.14096526190976877,4.0,3.0,7.0,0.0
100,5000079,8,-0.7821161813665307,6.882444051639217,0.17369943986919156,0.14096526190976877,3.0,7.0,6.0,1.0
100,5000080,8,6.415386687405675,5.688327183052122,0.17369943986919156,0.14096526190976877,3.0,6.0,1.0,2.0
100,5000081,8,-0.40681066561108475,18.220444714406888,0.17369943986919156,0.14096526190976877,5.0,6.0,0.0,6.0
100,5000082,8,-5.270208541426955,23.993784015539156,0.17369943986919156,0.14096526190976877,7.0,6.0,6.0,1.0
100,5000083,8,7.1861285370340084,11.539433643301926,0.17369943986919156,0.14096526190976877,5.0,3.0,0.0,2.0
100,5000084,8,11.232631700862555,-8.25225545564958,0.17369943986919156,0.14096526190976877,4.0,1.0,1.0,6.0
100,5000085,8,0.8151804695409415,1.7619394164453952,0.17369943986919156,0.14096526190976877,4.0,2.0,3.0,6.0
100,5000086,8,9.08346010576938,18.842061914177524,0.17369943986919156,0.14096526190976877,6.0,4.0,3.0,5.0
100,5000087,8,6.268615882892603,1.2029117685060517,0.17369943986919156,0.14096526190976877,4.0,3.0,7.0,2.0
100,5000088,8,11.14074117806824,1.3146574569725815,0.17369943986919156,0.14096526190976877,0.0,6.0,4.0,2.0
100,5000089,8,5.855869189622164,-4.514912452702411,0.17369943986919156,0.14096526190976877,0.0,6.0,2.0,6.0
100,5000090,8,2.8290224390259873,18.95320252183695,0.17369943986919156,0.14096526190976877,4.0,7.0,0.0,0.0
100,5000091,8,-4.977727461128313,-26.90205865723099,0.17369943986919156,0.14096526190976877,1.0,2.0,2.0,5.0
100,5000092,8,14.671224628477704,-13.75341436823415,0.17369943986919156,0.14096526190976877,0.0,5.0,6.0,4.0
100,5000093,8,5.462670650050209,6.140554141418346,0.17369943986919156,0.14096526190976877,1.0,7.0,7.0,4.0
100,5000094,8,-2.683565583543048,4.0800835234052,0.17369943986919156,0.14096526190976877,2.0,2.0,6.0,6.0
100,5000095,8,7.782233617161319,-25.993788993750712,0.17369943986919156,0.14096526190976877,1.0,0.0,1.0,6.0
100,5000096,8,-1.9004263180637957,33.355227975861496,0.17369943986919156,0.14096526190976877,7.0,6.0,6.0,4.0
100,5000097,8,0.44165686162719764,-14.37822378857812,0.17369943986919156,0.14096526190976877,3.0,1.0,0.0,5.0
100,5000098,8,1.9263734531960242,2.028720469141677,0.17369943986919156,0.14096526190976877,3.0,5.0,0.0,7.0
100,5000099,8,-1.4009775829392226,-0.37932726871577893,0.17369943986919156,0.14096526190976877,7.0,0.0,6.0,4.0
100,5000100,8,13.546166434477804,-3.2809280312746023,0.17369943986919156,0.14096526190976877,0.0,7.0,0.0,1.0
100,5000101,8,-16.22133329417124,-6.979321479488654,0.17369943986919156,0.14096526190976877,1.0,6.0,4.0,6.0
100,5000102,8,6.189555999197774,-24.863018389487543,0.17369943986919156,0.14096526190976877,2.0,1.0,1.0,3.0
100,5000103,8,-6.784442674730024,-21.20790823239704,0.17369943986919156,0.14096526190976877,0.0,4.0,5.0,4.0
100,5000104,8,1.1537560042718282,-19.673428618944538,0.17369943986919156,0.14096526190976877,0.0,4.0,1.0,7.0
100,5000105,8,-3.76532445516353,24.81949020684317,0.17369943986919156,0.14096526190976877,7.0,6.0,6.0,6.0
100,5000106,8,8.981256131112216,-10.884982032158199,0.17369943986919156,0.14096526190976877,4.0,1.0,7.0,0.0
100,5000107,8,0.07461583401030192,6.215579908342602,0.17369943986919156,0.14096526190976877,2.0,6.0,0.0,6.0
100,5000108,8,0.8920341686202733,-1.04842992247774,0.17369943986919156,0.14096526190976877,5.0,2.0,2.0,6.0
100,5000109,8,7.786562997665251,-1.670161776833973,0.17369943986919156,0.14096526190976877,6.0,0.0,0.0,5.0
100,5000110,8,4.317276280587615,-2.84139110449134,0.17369943986919156,0.14096526190976877,5.0,1.0,7.0,1.0
100,5000111,8,-7.130214164624169,19.059716014418804,0.17369943986919156,0.14096526190976877,5.0,7.0,2.0,2.0
100,5000112,8,-10.64419199739925,-23.97301671997844,0.17369943986919156,0.14096526190976877,0.0,3.0,6.0,6.0
100,5000113,8,-1.2737134556885523,-2.7675446567532083,0.17369943986919156,0.14096526190976877,2.0,6.0,3.0,5.0
100,5000114,8,-1.8251807336906893,3.08170257634961,0.17369943986919156,0.14096526190976877,1.0,7.0,0.0,5.0
100,5000115,8,5.6312408317561555,0.48592808203162396,0.17369943986919156,0.14096526190976877,3.0,5.0,4.0,7.0
100,5000116,8,1.5827456148064591,-0.9313892477380147,0.17369943986919156,0.14096526190976877,1.0,7.0,0.0,3.0
100,5000117,8,2.385209648538371,21.382916449958515,0.17369943986919156,0.14096526190976877,7.0,5.0,1.0,2.0
100,5000118,8,0.47652651146453673,12.070183992300198,0.17369943986919156,0.14096526190976877,7.0,2.0,2.0,4.0
100,5000119,8,-1.075210648283591,-5.504167493147272,0.17369943986919156,0.14096526190976877,2.0,5.0,7.0,5.0
100,5000120,8,-1.3915315742634864,-18.982676168141616,0.17369943986919156,0.14096526190976877,1.0,3.0,7.0,2.0
100,5000121,8,1.1902812220523404,34.60511626024664,0.17369943986919156,0.14096526190976877,7.0,7.0,6.0,4.0
100,5000122,8,-5.302276792890896,4.263030413986393,0.17369943986919156,0.14096526190976877,7.0,1.0,7.0,4.0
100,5000123,8,-6.928006889675916,21.053757276772465,0.17369943986919156,0.14096526190976877,6.0,7.0,5.0,1.0
100,5000124,8,1.7215003954313879,-22.81948570914548,0.17369943986919156,0.14096526190976877,0.0,4.0,3.0,5.0
100,5000125,8,0.1312544477101215,-19.20702350612308,0.17369943986919156,0.14096526190976877,1.0,3.0,7.0,3.0
100,5000126,8,3.2204873086943473,0.9618721985666276,0.17369943986919156,0.14096526190976877,3.0,5.0,0.0,6.0
100,5000127,8,9.825080985840867,3.847294359379391,0.17369943986919156,0.14096526190976877,4.0,5.0,4.0,0.0
100,5000128,8,8.15618347503067,34.311469994576385,0.17369943986919156,0.14096526190976877,7.0,5.0,2.0,1.0
100,5000129,8,-5.731615257708332,-25.72176094072803,0.17369943986919156,0.14096526190976877,2.0,1.0,6.0,3.0
100,5000130,8,-5.609891542278455,36.41466755499472,0.17369943986919156,0.14096526190976877,6.0,7.0,6.0,1.0
100,5000131,8,0.2854153219544177,-29.920597967829355,0.17369943986919156,0.14096526190976877,1.0,1.0,5.0,1.0
100,5000132,8,-0.9173328477413774,-28.054716553300608,0.17369943986919156,0.14096526190976877,0.0,1.0,0.0,6.0
100,5000133,8,0.5888556622791683,-22.59584630739237,0.17369943986919156,0.14096526190976877,0.0,4.0,5.0,0.0
100,5000134,8,4.077133682356358,-11.088284440335123,0.17369943986919156,0.14096526190976877,0.0,6.0,6.0,0.0
100,5000135,8,1.0295304570861439,-26.55274823767508,0.17369943986919156,0.14096526190976877,0.0,3.0,2.0,4.0
100,5000136,8,6.422007410661177,6.54052853222575,0.17369943986919156,0.14096526190976877,5.0,4.0,5.0,6.0
100,5000137,8,10.166763031631625,19.46814868403143,0.17369943986919156,0.14096526190976877,6.0,4.0,0.0,7.0
100,5000138,8,7.9066647612958905,-17.728600416247613,0.17369943986919156,0.14096526190976877,3.0,0.0,1.0,0.0
100,5000139,8,1.4435070688336802,-8.692577623876485,0.17369943986919156,0.14096526190976877,3.0,4.0,5.0,2.0
100,5000140,8,2.335200186836316,-7.863009233621392,0.17369943986919156,0.14096526190976877,0.0,6.0,2.0,1.0
100,5000141,8,-10.155488110761562,-15.553136775742937,0.17369943986919156,0.14096526190976877,3.0,0.0,7.0,7.0
100,5000142,8,-6.347153488726318,-25.70101691045414,0.17369943986919156,0.14096526190976877,2.0,0.0,3.0,5.0
100,5000143,8,-1.6351568195336381,3.787814616835563,0.17369943986919156,0.14096526190976877,5.0,3.0,0.0,3.0
100,5000144,8,14.411785333851551,-5.418000319024356,0.17369943986919156,0.14096526190976877,0.0,7.0,1.0,4.0
100,5000145,8,2.3074718937169343,-20.203963280106993,0.17369943986919156,0.14096526190976877,1.0,3.0,0.0,3.0
100,5000146,8,3.3512998954336295,-22.330840570822208,0.17369943986919156,0.14096526190976877,2.0,0.0,0.0,3.0
100,5000147,8,-3.032672072495618,-6.596800893615572,0.17369943986919156,0.14096526190976877,0.0,7.0,2.0,7.0
100,5000148,8,-4.482404629675848,2.534015431981583,0.17369943986919156,0.14096526190976877,4.0,4.0,1.0,5.0
100,5000149,8,19.23035233872153,-20.553897929388693,0.17369943986919156,0.14096526190976877,1.0,2.0,1.0,2.0
100,5000150,8,8.79348684518996,15.37320191802454,0.17369943986919156,0.14096526190976877,5.0,6.0,5.0,6.0
100,5000151,8,-6.368841912652223,-5.441898811016187,0.17369943986919156,0.14096526190976877,1.0,6.0,1.0,0.0
100,5000152,8,11.298668521212353,11.399912366967976,0.17369943986919156,0.14096526190976877,3.0,7.0,2.0,6.0
100,5000153,8,-8.54230499846037,-25.875982978618346,0.17369943986919156,0.14096526190976877,0.0,0.0,1.0,7.0
100,5000154,8,10.13610073327055,-4.391267571375175,0.17369943986919156,0.14096526190976877,2.0,5.0,2.0,5.0
100,5000155,8,-6.876042039483962,-18.462465592529256,0.17369943986919156,0.14096526190976877,3.0,0.0,6.0,6.0
100,5000156,8,-4.1210658567984195,-26.2089460058438,0.17369943986919156,0.14096526190976877,0.0,3.0,1.0,1.0
100,5000157,8,9.715860000368467,10.022028073675601,0.17369943986919156,0.14096526190976877,6.0,4.0,6.0,2.0
100,5000158,8,5.650979914194654,6.176608266300185,0.17369943986919156,0.14096526190976877,5.0,4.0,5.0,0.0
100,5000159,8,-2.223888774275899,-20.26534686286938,0.17369943986919156,0.14096526190976877,3.0,0.0,7.0,4.0
100,5000160,8,-7.1006178704437675,-32.6396677638437,0.17369943986919156,0.14096526190976877,0.0,1.0,5.0,3.0
100,5000161,8,0.7116871280716482,-11.886224648669774,0.17369943986919156,0.14096526190976877,4.0,1.0,1.0,0.0
100,5000162,8,-0.7197529589321572,-13.702644014547769,0.17369943986919156,0.14096526190976877,4.0,1.0,5.0,5.0
100,5000163,8,6.826245820530806,9.057244814213812,0.17369943986919156,0.14096526190976877,3.0,7.0,2.0,0.0
100,5000164,8,4.3715840510018005,1.2810848913533301,0.17369943986919156,0.14096526190976877,5.0,2.0,2.0,5.0
100,5000165,8,3.0418296263668987,27.10023295225305,0.17369943986919156,0.14096526190976877,5.0,6.0,7.0,4.0
100,5000166,8,3.3043173082952335,0.9105421892684044,0.17369943986919156,0.14096526190976877,5.0,2.0,0.0,6.0
100,5000167,8,4.747288207289676,1.8855684292712254,0.17369943986919156,0.14096526190976877,6.0,1.0,0.0,3.0
100,5000168,8,11.139472298536248,0.012926523081837499,0.17369943986919156,0.14096526190976877,1.0,7.0,6.0,5.0
100,5000169,8,-2.5641715410913615,8.90832940718457,0.17369943986919156,0.14096526190976877,6.0,3.0,2.0,1.0
100,5000170,8,-7.170166020811296,-12.631792493864747,0.17369943986919156,0.14096526190976877,0.0,5.0,2.0,1.0
100,5000171,8,1.7458069809800865,-9.659479107766256,0.17369943986919156,0.14096526190976877,4.0,1.0,0.0,0.0
100,5000172,8,5.892002491756744,5.367706790101472,0.17369943986919156,0.14096526190976877,7.0,0.0,1.0,7.0
100,5000173,8,-6.016720157284987,-18.687538746502668,0.17369943986919156,0.14096526190976877,0.0,4.0,1.0,0.0
100,5000174,8,-10.479587965023434,-15.209476472529644,0.17369943986919156,0.14096526190976877,0.0,5.0,7.0,3.0
100,5000175,8,-8.644062796662288,-11.784371407040378,0.17369943986919156,0.14096526190976877,1.0,5.0,7.0,4.0
100,5000176,8,-8.804688391533597,-4.8451887273350565,0.17369943986919156,0.14096526190976877,4.0,3.0,7.0,6.0
100,5000177,8,-3.3074381346490362,-23.513031898259165,0.17369943986919156,0.14096526190976877,0.0,3.0,4.0,7.0
100,5000178,8,1.3914456577009302,7.988959328795167,0.17369943986919156,0.14096526190976877,7.0,2.0,4.0,1.0
100,5000179,8,-0.5378363666473318,7.8580177712164465,0.17369943986919156,0.14096526190976877,6.0,3.0,4.0,3.0
100,5000180,8,6.056034914003366,-24.375714925298915,0.17369943986919156,0.14096526190976877,2.0,1.0,4.0,4.0
100,5000181,8,3.0911270853712844,4.192291664394084,0.17369943986919156,0.14096526190976877,6.0,2.0,1.0,0.0
100,5000182,8,4.856944164068761,-17.711333642832027,0.17369943986919156,0.14096526190976877,4.0,0.0,3.0,3.0
100,5000183,8,-0.7683933005921992,23.730021012378813,0.17369943986919156,0.14096526190976877,7.0,6.0,2.0,1.0
100,5000184,8,5.678576085906001,36.44232050276857,0.17369943986919156,0.14096526190976877,7.0,6.0,4.0,6.0
100,5000185,8,0.2718738739176476,7.6690370133657195,0.17369943986919156,0.14096526190976877,6.0,3.0,4.0,6.0
100,5000186,8,4.042691110450394,9.509655318609358,0.17369943986919156,0.14096526190976877,7.0,2.0,3.0,0.0
100,5000187,8,-7.331824579874713,-19.382839929855315,0.17369943986919156,0.14096526190976877,3.0,0.0,4.0,6.0
100,5000188,8,9.244070546940941,-20.89893259281876,0.17369943986919156,0.14096526190976877,3.0,1.0,5.0,4.0
100,5000189,8,1.7512312231605818,2.7336206333566744,0.17369943986919156,0.14096526190976877,4.0,4.0,2.0,7.0
100,5000190,8,3.396703846244875,-20.930855944191503,0.17369943986919156,0.14096526190976877,2.0,2.0,2.0,0.0
100,5000191,8,-4.370779569479964,14.467901100556993,0.17369943986919156,0.14096526190976877,7.0,3.0,4.0,4.0
100,5000192,8,8.677965678652829,-17.674568664826005,0.17369943986919156,0.14096526190976877,0.0,5.0,5.0,2.0
100,5000193,8,-5.069668169853697,2.075519954693023,0.17369943986919156,0.14096526190976877,5.0,2.0,0.0,7.0
100,5000194,8,4.1494470018801675,9.540475260461923,0.17369943986919156,0.14096526190976877,3.0,7.0,2.0,6.0
100,5000195,8,4.007287090105332,25.276838011086852,0.17369943986919156,0.14096526190976877,7.0,6.0,5.0,1.0
100,5000196,8,-1.6777477998698718,0.6887664550565828,0.17369943986919156,0.14096526190976877,2.0,6.0,7.0,7.0
100,5000197,8,0.9718652772524567,6.8330719773744955,0.17369943986919156,0.14096526190976877,5.0,4.0,2.0,1.0
100,5000198,8,-4.053704736761007,11.577979213268742,0.17369943986919156,0.14096526190976877,5.0,5.0,5.0,7.0
100,5000199,8,-6.045546722805939,27.068167638026956,0.17369943986919156,0.14096526190976877,7.0,7.0,2.0,7.0
100,5000200,8,3.2214581058898486,17.144056315887628,0.17369943986919156,0.14096526190976877,7.0,4.0,7.0,4.0
100,5000201,8,-4.495192474423543,-22.591594927118642,0.17369943986919156,0.14096526190976877,3.0,0.0,7.0,3.0
100,5000202,8,3.8350496370290084,7.772982656917649,0.17369943986919156,0.14096526190976877,6.0,3.0,6.0,3.0
100,5000203,8,-6.667588600090678,0.6504299030354572,0.17369943986919156,0.14096526190976877,3.0,5.0,7.0,7.0
100,5000204,8,16.136902072710342,-13.312557272435695,0.17369943986919156,0.14096526190976877,1.0,4.0,0.0,4.0
100,5000205,8,9.307912179593718,-4.845477975005623,0.17369943986919156,0.14096526190976877,6.0,0.0,3.0,1.0
100,5000206,8,4.481939426410742,-26.268285095504716,0.17369943986919156,0.14096526190976877,2.0,1.0,0.0,0.0
100,5000207,8,9.358782807934842,3.0730360424947243,0.17369943986919156,0.14096526190976877,4.0,4.0,7.0,0.0
100,5000208,8,5.33403042597755,23.255743459335417,0.17369943986919156,0.14096526190976877,7.0,3.0,1.0,6.0
100,5000209,8,-3.4889691279040296,-23.624178987825786,0.17369943986919156,0.14096526190976877,0.0,3.0,0.0,6.0
100,5000210,8,0.31950779689957004,-0.3909017580238465,0.17369943986919156,0.14096526190976877,7.0,1.0,4.0,2.0
100,5000211,8,3.0226499703347347,-4.023725203655047,0.17369943986919156,0.14096526190976877,0.0,5.0,7.0,4.0
100,5000212,8,6.349296168224941,1.2176935428675781,0.17369943986919156,0.14096526190976877,2.0,5.0,3.0,4.0
100,5000213,8,10.319471041889718,-15.32667784087496,0.17369943986919156,0.14096526190976877,4.0,0.0,1.0,0.0
100,5000214,8,-2.5655100697010975,-9.109600548051935,0.17369943986919156,0.14096526190976877,4.0,2.0,7.0,3.0
100,5000215,8,5.809284235247537,-2.970043071969905,0.17369943986919156,0.14096526190976877,5.0,1.0,4.0,2.0
100,5000216,8,4.391835091492357,1.519289440830508,0.17369943986919156,0.14096526190976877,1.0,5.0,7.0,5.0
100,5000217,8,2.9309872610854812,20.215849538904937,0.17369943986919156,0.14096526190976877,6.0,6.0,4.0,0.0
100,5000218,8,4.3495409130387355,11.589510222000904,0.17369943986919156,0.14096526190976877,5.0,5.0,1.0,0.0
100,5000219,8,5.342457198716489,-7.021943413840898,0.17369943986919156,0.14096526190976877,6.0,0.0,4.0,2.0
100,5000220,8,-1.6437988594263893,-31.64585955410447,0.17369943986919156,0.14096526190976877,1.0,1.0,3.0,1.0
100,5000221,8,2.9105033485750096,21.06177671676536,0.17369943986919156,0.14096526190976877,6.0,6.0,0.0,4.0
100,5000222,8,-2.082991950741757,-4.921124290361076,0.17369943986919156,0.14096526190976877,4.0,3.0,4.0,7.0
100,5000223,8,-6.644714416255314,-27.708337169897497,0.17369943986919156,0.14096526190976877,0.0,3.0,3.0,4.0
100,5000224,8,-2.636480260484765,0.8153237778632594,0.17369943986919156,0.14096526190976877,2.0,5.0,7.0,0.0
100,5000225,8,-2.9859481641169903,8.878521445474195,0.17369943986919156,0.14096526190976877,3.0,7.0,0.0,2.0
100,5000226,8,1.6693685753401857,13.464943863952811,0.17369943986919156,0.14096526190976877,7.0,3.0,3.0,5.0
100,5000227,8,-12.724910360346,24.92631060199691,0.17369943986919156,0.14096526190976877,7.0,6.0,5.0,6.0
100,5000228,8,-4.301012182959426,6.6767551645928,0.17369943986919156,0.14096526190976877,3.0,7.0,5.0,0.0
100,5000229,8,-3.085764702799182,-21.695880681679917,0.17369943986919156,0.14096526190976877,1.0,3.0,5.0,0.0
100,5000230,8,-4.382801690673926,34.293271565681806,0.17369943986919156,0.14096526190976877,6.0,7.0,7.0,2.0
100,5000231,8,-8.311846276766932,21.96275437663624,0.17369943986919156,0.14096526190976877,7.0,5.0,3.0,5.0
100,5000232,8,7.296236846819809,5.366797894502421,0.17369943986919156,0.14096526190976877,4.0,4.0,6.0,3.0
100,5000233,8,-0.6318631609807058,11.257544190830954,0.17369943986919156,0.14096526190976877,5.0,5.0,2.0,6.0
100,5000234,8,6.429076316318734,-5.971865809421917,0.17369943986919156,0.14096526190976877,4.0,2.0,1.0,6.0
100,5000235,8,2.871762418845425,19.78320488029178,0.17369943986919156,0.14096526190976877,6.0,6.0,2.0,0.0
100,5000236,8,10.784938812900297,-28.10600367769011,0.17369943986919156,0.14096526190976877,1.0,1.0,1.0,5.0
100,5000237,8,-1.2602483500882347,-16.368102204343177,0.17369943986919156,0.14096526190976877,3.0,1.0,5.0,7.0
100,5000238,8,5.469549145645891,-7.47993105784559,0.17369943986919156,0.14096526190976877,0.0,6.0,2.0,6.0
100,5000239,8,-2.038741695214122,-25.55723519333585,0.17369943986919156,0.14096526190976877,0.0,3.0,3.0,4.0
100,5000240,8,-2.1189198091324504,-22.553101385972752,0.17369943986919156,0.14096526190976877,2.0,1.0,5.0,6.0
100,5000241,8,-0.6574259728429287,13.99169918785932,0.17369943986919156,0.14096526190976877,4.0,7.0,3.0,4.0
100,5000242,8,7.272473476682637,16.769283686997895,0.17369943986919156,0.14096526190976877,6.0,6.0,7.0,0.0
100,5000243,8,3.7613709202602585,5.890653399575156,0.17369943986919156,0.14096526190976877,7.0,1.0,0.0,1.0
100,5000244,8,4.88776452507614,-23.601010385136746,0.17369943986919156,0.14096526190976877,3.0,0.0,0.0,5.0
100,5000245,8,13.00615273699478,-26.047285827739852,0.17369943986919156,0.14096526190976877,2.0,0.0,2.0,0.0
100,5000246,8,6.911108594856029,-13.053423458148815,0.17369943986919156,0.14096526190976877,3.0,2.0,0.0,4.0
100,5000247,8,-2.162360895322323,6.5523508316654215,0.17369943986919156,0.14096526190976877,7.0,1.0,5.0,7.0
100,5000248,8,4.8270971156911235,7.716928677665457,0.17369943986919156,0.14096526190976877,4.0,5.0,2.0,6.0
100,5000249,8,1.1244449661033111,-1.9195849002586032,0.17369943986919156,0.14096526190976877,2.0,5.0,5.0,3.0
100,5000250,8,4.316593379774226,-16.599387185090748,0.17369943986919156,0.14096526190976877,3.0,1.0,2.0,6.0
100,5000251,8,-3.1782589669523915,-25.484461450380174,0.17369943986919156,0.14096526190976877,2.0,1.0,6.0,2.0
100,5000252,8,-1.8258414206217202,22.111994833797173,0.17369943986919156,0.14096526190976877,7.0,5.0,6.0,6.0
100,5000253,8,0.71817590671102,13.739929707058929,0.17369943986919156,0.14096526190976877,4.0,7.0,6.0,5.0
100,5000254,8,2.3090819806333367,-27.38772246431739,0.17369943986919156,0.14096526190976877,0.0,3.0,7.0,6.0
100,5000255,8,13.546166434477804,-3.2809280312746023,0.17369943986919156,0.14096526190976877,0.0,7.0,0.0,1.0
2026,5000000,8,-8.51301452547605,-21.5727541880089,0.19142734809484388,0.15270707468910122,4.0,7.0,5.0,2.0
2026,5000001,8,-5.607978484096017,1.2090969641741274,0.19142734809484388,0.15270707468910122,2.0,5.0,5.0,7.0
2026,5000002,8,-4.652612336137652,27.333448041206985,0.19142734809484388,0.15270707468910122,1.0,4.0,4.0,2.0
2026,5000003,8,-7.413794251147653,-6.06177256989899,0.19142734809484388,0.15270707468910122,5.0,4.0,2.0,0.0
2026,5000004,8,-11.253207614274388,5.602362852138354,0.19142734809484388,0.15270707468910122,3.0,5.0,3.0,3.0
2026,5000005,8,6.311644164961667,26.607545826428666,0.19142734809484388,0.15270707468910122,0.0,1.0,3.0,7.0
2026,5000006,8,-8.93207928992718,3.1813990861560293,0.19142734809484388,0.15270707468910122,3.0,5.0,7.0,1.0
2026,5000007,8,-14.117806901970717,-17.961121759810013,0.19142734809484388,0.15270707468910122,7.0,4.0,0.0,4.0
2026,5000008,8,2.5559161180384753,2.758525086768923,0.19142734809484388,0.15270707468910122,1.0,7.0,4.0,3.0
2026,5000009,8,13.307883740358387,26.367463639273478,0.19142734809484388,0.15270707468910122,1.0,2.0,2.0,4.0
2026,5000010,8,-2.293709684677577,-12.336270161248201,0.19142734809484388,0.15270707468910122,7.0,1.0,2.0,1.0
2026,5000011,8,-3.1159751680605012,5.912312033723669,0.19142734809484388,0.15270707468910122,5.0,1.0,1.0,7.0
2026,5000012,8,13.457355600150255,17.23540005251549,0.19142734809484388,0.15270707468910122,2.0,0.0,7.0,2.0
2026,5000013,8,-2.7101498701343045,-22.875450335468653,0.19142734809484388,0.15270707468910122,4.0,7.0,6.0,5.0
2026,5000014,8,12.56970196792139,1.602855256047167,0.19142734809484388,0.15270707468910122,3.0,4.0,5.0,3.0
2026,5000015,8,-5.2218017836963755,-27.65668156682088,0.19142734809484388,0.15270707468910122,7.0,6.0,2.0,6.0
2026,5000016,8,1.2426806487969466,-31.25821334126313,0.19142734809484388,0.15270707468910122,6.0,6.0,6.0,5.0
2026,5000017,8,-7.059134252714883,-8.794109270434825,0.19142734809484388,0.15270707468910122,7.0,0.0,3.0,7.0
2026,5000018,8,2.613272799354945,-29.200068213887157,0.19142734809484388,0.15270707468910122,7.0,4.0,7.0,6.0
2026,5000019,8,11.88955116174229,-0.8131657701729575,0.19142734809484388,0.15270707468910122,4.0,3.0,5.0,2.0
2026,5000020,8,-0.8947819452499354,7.841652891488803,0.19142734809484388,0.15270707468910122,4.0,2.0,3.0,7.0
2026,5000021,8,-10.28069518880952,-32.96670984980025,0.19142734809484388,0.15270707468910122,7.0,5.0,5.0,0.0
2026,5000022,8,0.9424086826859123,0.020722737509430558,0.19142734809484388,0.15270707468910122,1.0,7.0,2.0,2.0
2026,5000023,8,2.447562757473003,-25.45981692821575,0.19142734809484388,0.15270707468910122,7.0,3.0,7.0,5.0
2026,5000024,8,0.14436000224444157,-4.120603940161439,0.19142734809484388,0.15270707468910122,2.0,6.0,6.0,1.0
2026,5000025,8,-5.352996029351032,10.150701751902158,0.19142734809484388,0.15270707468910122,5.0,0.0,6.0,6.0
2026,5000026,8,-11.767004088182727,-31.85066268096964,0.19142734809484388,0.15270707468910122,7.0,5.0,1.0,2.0
2026,5000027,8,-11.098969658489414,-13.77510648971905,0.19142734809484388,0.15270707468910122,5.0,5.0,2.0,2.0
2026,5000028,8,10.350905361947834,13.456822012879623,0.19142734809484388,0.15270707468910122,3.0,2.0,4.0,4.0
2026,5000029,8,-7.102926482416654,1.5792521002470914,0.19142734809484388,0.15270707468910122,2.0,0.0,6.0,2.0
2026,5000030,8,-7.049989083150373,-29.06788020076514,0.19142734809484388,0.15270707468910122,7.0,4.0,0.0,0.0
2026,5000031,8,5.951792026348851,37.2995091239767,0.19142734809484388,0.15270707468910122,1.0,0.0,3.0,5.0
2026,5000032,8,-4.72810002907109,21.484834545275874,0.19142734809484388,0.15270707468910122,1.0,5.0,3.0,0.0
2026,5000033,8,1.3175004003634405,-1.5231831250046617,0.19142734809484388,0.15270707468910122,5.0,1.0,0.0,2.0
2026,5000034,8,-4.919168458555396,15.00011552446809,0.19142734809484388,0.15270707468910122,4.0,2.0,5.0,0.0
2026,5000035,8,-5.073312679863269,-4.557664507052734,0.19142734809484388,0.15270707468910122,4.0,5.0,2.0,3.0
2026,5000036,8,-8.225931708594995,-13.050229234507963,0.19142734809484388,0.15270707468910122,6.0,3.0,6.0,6.0
2026,5000037,8,-2.174656445486736,-13.195842551141633,0.19142734809484388,0.15270707468910122,4.0,6.0,7.0,7.0
2026,5000038,8,-8.442160704410824,-17.77173839763023,0.19142734809484388,0.15270707468910122,4.0,7.0,3.0,1.0
2026,5000039,8,-7.057661839599083,2.7416628965806864,0.19142734809484388,0.15270707468910122,4.0,3.0,3.0,0.0
2026,5000040,8,14.475892829058338,32.12875328649325,0.19142734809484388,0.15270707468910122,1.0,0.0,5.0,2.0
2026,5000041,8,9.536871306996739,13.919796848332796,0.19142734809484388,0.15270707468910122,1.0,3.0,7.0,1.0
2026,5000042,8,-9.802883750907148,-2.089001396000863,0.19142734809484388,0.15270707468910122,3.0,6.0,1.0,6.0
2026,5000043,8,-4.1762080676564715,-10.577341541507561,0.19142734809484388,0.15270707468910122,4.0,6.0,2.0,6.0
2026,5000044,8,-11.17793737384456,-0.5974466612578228,0.19142734809484388,0.15270707468910122,7.0,5.0,4.0,3.0
2026,5000045,8,-6.377233099871163,3.3146355381419266,0.19142734809484388,0.15270707468910122,7.0,0.0,3.0,4.0
2026,5000046,8,-7.859104195933385,-16.7607317647763,0.19142734809484388,0.15270707468910122,7.0,3.0,1.0,6.0
2026,5000047,8,2.489774907643837,39.354804697495595,0.19142734809484388,0.15270707468910122,0.0,0.0,5.0,5.0
2026,5000048,8,11.487240867377905,-5.168911481924318,0.19142734809484388,0.15270707468910122,4.0,4.0,5.0,3.0
2026,5000049,8,0.4622532320988789,37.02403849871516,0.19142734809484388,0.15270707468910122,1.0,1.0,4.0,0.0
2026,5000050,8,-8.582421643083336,4.594257269257305,0.19142734809484388,0.15270707468910122,4.0,4.0,2.0,1.0
2026,5000051,8,-3.7796387613818827,-21.183834562744007,0.19142734809484388,0.15270707468910122,6.0,5.0,2.0,6.0
2026,5000052,8,12.218065384796766,1.3415296796749314,0.19142734809484388,0.15270707468910122,1.0,6.0,6.0,4.0
2026,5000053,8,-8.530518445918954,-28.868887650683718,0.19142734809484388,0.15270707468910122,6.0,6.0,0.0,2.0
2026,5000054,8,-8.601699692929163,-24.169885189958013,0.19142734809484388,0.15270707468910122,6.0,5.0,1.0,0.0
2026,5000055,8,-8.75207370829019,-8.65167753620577,0.19142734809484388,0.15270707468910122,3.0,7.0,1.0,0.0
2026,5000056,8,-2.617034688842523,9.82268047944046,0.19142734809484388,0.15270707468910122,0.0,7.0,0.0,5.0
2026,5000057,8,11.557821154500854,18.749210301717664,0.19142734809484388,0.15270707468910122,1.0,1.0,6.0,7.0
2026,5000058,8,-0.05487816449914346,-2.456180785572161,0.19142734809484388,0.15270707468910122,6.0,1.0,1.0,5.0
2026,5000059,8,5.378705927841065,2.4516570355152654,0.19142734809484388,0.15270707468910122,2.0,5.0,7.0,4.0
2026,5000060,8,-3.3943666879655594,6.124937252906723,0.19142734809484388,0.15270707468910122,4.0,3.0,0.0,0.0
2026,5000061,8,1.49402480235722,8.048755741050941,0.19142734809484388,0.15270707468910122,5.0,0.0,1.0,2.0
2026,5000062,8,9.54832974891442,32.33971954252087,0.19142734809484388,0.15270707468910122,1.0,0.0,3.0,1.0
2026,5000063,8,-0.3805725515432107,-6.061835070622732,0.19142734809484388,0.15270707468910122,6.0,0.0,7.0,4.0
2026,5000064,8,4.9397876092461095,35.95167437943776,0.19142734809484388,0.15270707468910122,0.0,1.0,1.0,2.0
2026,5000065,8,-6.020049228065816,-1.7358319971531606,0.19142734809484388,0.15270707468910122,2.0,7.0,2.0,3.0
2026,5000066,8,-9.284823153218216,-7.4214192801709675,0.19142734809484388,0.15270707468910122,6.0,2.0,3.0,2.0
2026,5000067,8,-6.377233099871163,3.3146355381419266,0.19142734809484388,0.15270707468910122,7.0,1.0,6.0,0.0
2026,5000068,8,-4.886262340332064,-4.751453487222058,0.19142734809484388,0.15270707468910122,3.0,6.0,3.0,6.0
2026,5000069,8,-14.140558071421,2.1487663622704365,0.19142734809484388,0.15270707468910122,4.0,4.0,1.0,5.0
2026,5000070,8,3.1164484133309194,-12.212262811811907,0.19142734809484388,0.15270707468910122,4.0,6.0,4.0,6.0
2026,5000071,8,-3.4055321010795803,39.53665726483915,0.19142734809484388,0.15270707468910122,0.0,2.0,1.0,6.0
2026,5000072,8,0.0651086266097049,1.697429161061626,0.19142734809484388,0.15270707468910122,2.0,5.0,3.0,6.0
2026,5000073,8,11.881500242092715,6.303319999257245,0.19142734809484388,0.15270707468910122,0.0,6.0,5.0,3.0
2026,5000074,8,-11.771953517249695,-13.07790877030337,0.19142734809484388,0.15270707468910122,6.0,3.0,5.0,7.0
2026,5000075,8,3.3494329256851505,4.860098618706417,0.19142734809484388,0.15270707468910122,6.0,3.0,2.0,3.0
2026,5000076,8,-11.779123212485818,-28.576723064858037,0.19142734809484388,0.15270707468910122,6.0,6.0,0.0,3.0
2026,5000077,8,1.0481665554557207,-5.841121753037957,0.19142734809484388,0.15270707468910122,1.0,7.0,7.0,1.0
2026,5000078,8,3.9253437658995516,-2.162300723561417,0.19142734809484388,0.15270707468910122,4.0,3.0,7.0,0.0
2026,5000079,8,8.298758878638228,-14.586149702044036,0.19142734809484388,0.15270707468910122,3.0,7.0,6.0,1.0
2026,5000080,8,-4.649860584340542,-4.678113465387161,0.19142734809484388,0.15270707468910122,3.0,6.0,1.0,2.0
2026,5000081,8,-18.264520025850615,-11.661793119657347,0.19142734809484388,0.15270707468910122,5.0,6.0,0.0,6.0
2026,5000082,8,-9.82007550506614,-35.26215859305127,0.19142734809484388,0.15270707468910122,7.0,6.0,6.0,1.0
2026,5000083,8,-1.3199061210988756,-1.0754182693674563,0.19142734809484388,0.15270707468910122,5.0,3.0,0.0,2.0
2026,5000084,8,0.9619364838269269,11.912020517649534,0.19142734809484388,0.15270707468910122,4.0,1.0,1.0,6.0
2026,5000085,8,-0.04609269002665675,8.486764046401664,0.19142734809484388,0.15270707468910122,4.0,2.0,3.0,6.0
2026,5000086,8,-2.4839106683718395,-19.14762131255176,0.19142734809484388,0.15270707468910122,6.0,4.0,3.0,5.0
2026,5000087,8,2.7222676615661943,-2.3800532075456733,0.19142734809484388,0.15270707468910122,4.0,3.0,7.0,2.0
2026,5000088,8,0.5062536948820824,8.452584695751293,0.19142734809484388,0.15270707468910122,0.0,6.0,4.0,2.0
2026,5000089,8,3.8010270340019687,12.185752817722584,0.19142734809484388,0.15270707468910122,0.0,6.0,2.0,6.0
2026,5000090,8,-1.4415488752130396,-20.992609169216532,0.19142734809484388,0.15270707468910122,4.0,7.0,0.0,0.0
2026,5000091,8,7.646036238243005,25.324705073927547,0.19142734809484388,0.15270707468910122,1.0,2.0,2.0,5.0
2026,5000092,8,15.36106578360816,10.510263960083412,0.19142734809484388,0.15270707468910122,0.0,5.0,6.0,4.0
2026,5000093,8,-1.0569478447157883,-5.640302906805705,0.19142734809484388,0.15270707468910122,1.0,7.0,7.0,4.0
2026,5000094,8,9.309643607633344,14.154623840167746,0.19142734809484388,0.15270707468910122,2.0,2.0,6.0,6.0
2026,5000095,8,6.119516885114928,29.533496186459704,0.19142734809484388,0.15270707468910122,1.0,0.0,1.0,6.0
2026,5000096,8,-3.172486087913144,-38.344962212015,0.19142734809484388,0.15270707468910122,7.0,6.0,6.0,4.0
2026,5000097,8,-8.269000388074629,18.88272747765855,0.19142734809484388,0.15270707468910122,3.0,1.0,0.0,5.0
2026,5000098,8,-17.653486754471484,5.842441635306548,0.19142734809484388,0.15270707468910122,3.0,5.0,0.0,7.0
2026,5000099,8,3.971102718066443,-12.194581796440698,0.19142734809484388,0.15270707468910122,7.0,0.0,6.0,4.0
2026,5000100,8,-11.364074917162243,9.163911774418079,0.19142734809484388,0.15270707468910122,0.0,7.0,0.0,1.0
2026,5000101,8,10.257762248577489,4.365467249147827,0.19142734809484388,0.15270707468910122,1.0,6.0,4.0,6.0
2026,5000102,8,8.008322736059679,24.727534591221705,0.19142734809484388,0.15270707468910122,2.0,1.0,1.0,3.0
2026,5000103,8,17.436192554395888,16.874539288065982,0.19142734809484388,0.15270707468910122,0.0,4.0,5.0,4.0
2026,5000104,8,8.10977076449129,23.137792599561003,0.19142734809484388,0.15270707468910122,0.0,4.0,1.0,7.0
2026,5000105,8,-0.31581205375674104,-36.27064143143777,0.19142734809484388,0.15270707468910122,7.0,6.0,6.0,6.0
2026,5000106,8,-3.5001145251500203,16.47565945350951,0.19142734809484388,0.15270707468910122,4.0,1.0,7.0,0.0
2026,5000107,8,-5.0625406370744255,4.3655425997893245,0.19142734809484388,0.15270707468910122,2.0,6.0,0.0,6.0
2026,5000108,8,-5.567340211671311,-0.2295685751393069,0.19142734809484388,0.15270707468910122,5.0,2.0,2.0,6.0
2026,5000109,8,-5.75854480409695,2.4954910996822752,0.19142734809484388,0.15270707468910122,6.0,0.0,0.0,5.0
2026,5000110,8,-2.3043613851181037,-0.448933335619942,0.19142734809484388,0.15270707468910122,5.0,1.0,7.0,1.0
2026,5000111,8,-8.716743664815318,-20.36010801736571,0.19142734809484388,0.15270707468910122,5.0,7.0,2.0,2.0
2026,5000112,8,0.8840076575007378,37.51175515970591,0.19142734809484388,0.15270707468910122,0.0,3.0,6.0,6.0
2026,5000113,8,9.147484879388891,-0.10262987307745196,0.19142734809484388,0.15270707468910122,2.0,6.0,3.0,5.0
2026,5000114,8,-7.356296602640842,5.03514480893187,0.19142734809484388,0.15270707468910122,1.0,7.0,0.0,5.0
2026,5000115,8,3.5635304372437053,0.06196864510772133,0.19142734809484388,0.15270707468910122,3.0,5.0,4.0,7.0
2026,5000116,8,-7.476004417291092,3.90150838135569,0.19142734809484388,0.15270707468910122,1.0,7.0,0.0,3.0
2026,5000117,8,-8.924511179249356,-36.037496733867115,0.19142734809484388,0.15270707468910122,7.0,5.0,1.0,2.0
2026,5000118,8,-6.76057808954539,-16.07528190783996,0.19142734809484388,0.15270707468910122,7.0,2.0,2.0,4.0
2026,5000119,8,6.625339592580199,0.5331132061013766,0.19142734809484388,0.15270707468910122,2.0,5.0,7.0,5.0
2026,5000120,8,14.515788877076709,13.741585263806657,0.19142734809484388,0.15270707468910122,1.0,3.0,7.0,2.0
2026,5000121,8,0.08565789123164269,-38.546651575528955,0.19142734809484388,0.15270707468910122,7.0,7.0,6.0,4.0
2026,5000122,8,-2.1908221957702363,-17.746361044502308,0.19142734809484388,0.15270707468910122,7.0,1.0,7.0,4.0
2026,5000123,8,-11.634684740214869,-35.8577324083035,0.19142734809484388,0.15270707468910122,6.0,7.0,5.0,1.0
2026,5000124,8,-5.7575650787827755,31.104075384828104,0.19142734809484388,0.15270707468910122,0.0,4.0,3.0,5.0
2026,5000125,8,11.930267091228734,13.041985777663257,0.19142734809484388,0.15270707468910122,1.0,3.0,7.0,3.0
2026,5000126,8,-12.7505180095328,4.993633757883741,0.19142734809484388,0.15270707468910122,3.0,5.0,0.0,6.0
2026,5000127,8,-3.439575565592822,-8.19367009982667,0.19142734809484388,0.15270707468910122,4.0,5.0,4.0,0.0
2026,5000128,8,-5.607978484096017,1.2090969641741274,0.19142734809484388,0.15270707468910122,7.0,5.0,2.0,1.0
2026,5000129,8,3.9730621378838453,30.30573907632692,0.19142734809484388,0.15270707468910122,2.0,1.0,6.0,3.0
2026,5000130,8,-15.886087062221563,-31.553520116386878,0.19142734809484388,0.15270707468910122,6.0,7.0,6.0,1.0
2026,5000131,8,18.322365609924397,22.128396964434916,0.19142734809484388,0.15270707468910122,1.0,1.0,5.0,1.0
2026,5000132,8,2.8734496041485578,41.44167152426104,0.19142734809484388,0.15270707468910122,0.0,1.0,0.0,6.0
2026,5000133,8,0.3852844977432644,31.204496250680304,0.19142734809484388,0.15270707468910122,0.0,4.0,5.0,0.0
2026,5000134,8,-4.084748851967746,17.3637906991595,0.19142734809484388,0.15270707468910122,0.0,6.0,6.0,0.0
2026,5000135,8,7.248503654431448,30.175004537002657,0.19142734809484388,0.15270707468910122,0.0,3.0,2.0,4.0
2026,5000136,8,3.5207368720468075,-10.563730335220386,0.19142734809484388,0.15270707468910122,5.0,4.0,5.0,6.0
2026,5000137,8,-12.860627269292074,-10.877593367129021,0.19142734809484388,0.15270707468910122,6.0,4.0,0.0,7.0
2026,5000138,8,-2.482669654216975,16.57842936320018,0.19142734809484388,0.15270707468910122,3.0,0.0,1.0,0.0
2026,5000139,8,9.97385787014711,1.2755492322175994,0.19142734809484388,0.15270707468910122,3.0,4.0,5.0,2.0
2026,5000140,8,3.0641202900682387,10.191000719374466,0.19142734809484388,0.15270707468910122,0.0,6.0,2.0,1.0
2026,5000141,8,3.7266794591779524,12.501775702497781,0.19142734809484388,0.15270707468910122,3.0,0.0,7.0,7.0
2026,5000142,8,11.39844601730663,22.04996783150727,0.19142734809484388,0.15270707468910122,2.0,0.0,3.0,5.0
2026,5000143,8,-9.384605528986711,-0.8192235691051708,0.19142734809484388,0.15270707468910122,5.0,3.0,0.0,3.0
2026,5000144,8,-11.364074917162243,9.163911774418079,0.19142734809484388,0.15270707468910122,0.0,7.0,1.0,4.0
2026,5000145,8,6.566874074767303,23.48982975312505,0.19142734809484388,0.15270707468910122,1.0,3.0,0.0,3.0
2026,5000146,8,11.44939518273232,25.1107236053946,0.19142734809484388,0.15270707468910122,2.0,0.0,0.0,3.0
2026,5000147,8,-2.1878036523303814,-0.26712837449319665,0.19142734809484388,0.15270707468910122,0.0,7.0,2.0,7.0
2026,5000148,8,3.17757005744618,0.2505607505121529,0.19142734809484388,0.15270707468910122,4.0,4.0,1.0,5.0
2026,5000149,8,0.06692588432093707,32.1022475177272,0.19142734809484388,0.15270707468910122,1.0,2.0,1.0,2.0
2026,5000150,8,1.9613298802253096,-21.947340108027714,0.19142734809484388,0.15270707468910122,5.0,6.0,5.0,6.0
2026,5000151,8,-5.217372422999534,10.614361202099829,0.19142734809484388,0.15270707468910122,1.0,6.0,1.0,0.0
2026,5000152,8,2.9957649838029208,-9.846684732296032,0.19142734809484388,0.15270707468910122,3.0,7.0,2.0,6.0
2026,5000153,8,0.03132389888291093,0.4468987822796009,0.19142734809484388,0.15270707468910122,0.0,0.0,1.0,7.0
2026,5000154,8,0.2448208070257307,7.1092567393569785,0.19142734809484388,0.15270707468910122,2.0,5.0,2.0,5.0
2026,5000155,8,10.321559230763906,12.746639151552417,0.19142734809484388,0.15270707468910122,3.0,0.0,6.0,6.0
2026,5000156,8,-5.312889945986971,2.4583463166403288,0.19142734809484388,0.15270707468910122,0.0,3.0,1.0,1.0
2026,5000157,8,1.4020395967204526,-18.79265177351754,0.19142734809484388,0.15270707468910122,6.0,4.0,6.0,2.0
2026,5000158,8,-9.827500883323598,-9.081453367195948,0.19142734809484388,0.15270707468910122,5.0,4.0,5.0,0.0
2026,5000159,8,11.996059654956822,12.060285081700185,0.19142734809484388,0.15270707468910122,3.0,0.0,7.0,4.0
2026,5000160,8,-2.7211159852294267,38.2593839141956,0.19142734809484388,0.15270707468910122,0.0,1.0,5.0,3.0
2026,5000161,8,-4.237313339998196,17.7502469999886,0.19142734809484388,0.15270707468910122,4.0,1.0,1.0,0.0
2026,5000162,8,8.432134551275086,7.374329470661475,0.19142734809484388,0.15270707468910122,4.0,1.0,5.0,5.0
2026,5000163,8,-6.71492518504138,-13.476407910576835,0.19142734809484388,0.15270707468910122,3.0,7.0,2.0,0.0
2026,5000164,8,-0.30608926360653094,5.523738275255094,0.19142734809484388,0.15270707468910122,5.0,2.0,2.0,5.0
2026,5000165,8,-0.09992633957501434,-22.65344153265938,0.19142734809484388,0.15270707468910122,5.0,6.0,7.0,4.0
2026,5000166,8,-6.9777574571378755,3.6058799374726096,0.19142734809484388,0.15270707468910122,5.0,2.0,0.0,6.0
2026,5000167,8,3.3494329256851505,4.860098618706417,0.19142734809484388,0.15270707468910122,6.0,1.0,0.0,3.0
2026,5000168,8,6.6895380292838755,-3.8774051760671053,0.19142734809484388,0.15270707468910122,1.0,7.0,6.0,5.0
2026,5000169,8,-6.115058780689817,-13.535858640684598,0.19142734809484388,0.15270707468910122,6.0,3.0,2.0,1.0
2026,5000170,8,0.8834634945641859,27.108069687222443,0.19142734809484388,0.15270707468910122,0.0,5.0,2.0,1.0
2026,5000171,8,3.3494329256851505,4.860098618706417,0.19142734809484388,0.15270707468910122,4.0,1.0,0.0,0.0
2026,5000172,8,-7.059134252714883,-8.794109270434825,0.19142734809484388,0.15270707468910122,7.0,0.0,1.0,7.0
2026,5000173,8,-9.392695947536156,3.926560464095531,0.19142734809484388,0.15270707468910122,0.0,4.0,1.0,0.0
2026,5000174,8,-5.918925919732434,-1.1838386915893473,0.19142734809484388,0.15270707468910122,0.0,5.0,7.0,3.0
2026,5000175,8,-6.141548292874152,20.429593558734155,0.19142734809484388,0.15270707468910122,1.0,5.0,7.0,4.0
2026,5000176,8,-0.48995549064871746,-0.4589930195484674,0.19142734809484388,0.15270707468910122,4.0,3.0,7.0,6.0
2026,5000177,8,-5.275367149952381,33.732432986731844,0.19142734809484388,0.15270707468910122,0.0,3.0,4.0,7.0
2026,5000178,8,-5.702549864996901,-16.856566630415927,0.19142734809484388,0.15270707468910122,7.0,2.0,4.0,1.0
2026,5000179,8,3.1681550742937743,-14.604303767814216,0.19142734809484388,0.15270707468910122,6.0,3.0,4.0,3.0
2026,5000180,8,10.797693292207246,20.704820058145412,0.19142734809484388,0.15270707468910122,2.0,1.0,4.0,4.0
2026,5000181,8,-3.671872434880007,-7.383976218892947,0.19142734809484388,0.15270707468910122,6.0,2.0,1.0,0.0
2026,5000182,8,10.228781034689987,13.051598585231872,0.19142734809484388,0.15270707468910122,4.0,0.0,3.0,3.0
2026,5000183,8,-11.860671511182511,-26.540324176791813,0.19142734809484388,0.15270707468910122,7.0,6.0,2.0,1.0
2026,5000184,8,-7.637580456352525,-31.71316406437442,0.19142734809484388,0.15270707468910122,7.0,6.0,4.0,6.0
2026,5000185,8,1.4572584786060419,-14.50539636617795,0.19142734809484388,0.15270707468910122,6.0,3.0,4.0,6.0
2026,5000186,8,-1.9886065875655152,-18.98107782595041,0.19142734809484388,0.15270707468910122,7.0,2.0,3.0,0.0
2026,5000187,8,10.218993313797524,14.94951273938149,0.19142734809484388,0.15270707468910122,3.0,0.0,4.0,6.0
2026,5000188,8,19.53051803211393,12.513696227664871,0.19142734809484388,0.15270707468910122,3.0,1.0,5.0,4.0
2026,5000189,8,0.30630107833884407,0.37559055989863244,0.19142734809484388,0.15270707468910122,4.0,4.0,2.0,7.0
2026,5000190,8,-1.8540803106779686,19.08944157929202,0.19142734809484388,0.15270707468910122,2.0,2.0,2.0,0.0
2026,5000191,8,3.80303199368368,-22.53695193601125,0.19142734809484388,0.15270707468910122,7.0,3.0,4.0,4.0
2026,5000192,8,8.256507549670204,13.973350592602337,0.19142734809484388,0.15270707468910122,0.0,5.0,5.0,2.0
2026,5000193,8,-2.9124252381500817,2.685209582193515,0.19142734809484388,0.15270707468910122,5.0,2.0,0.0,7.0
2026,5000194,8,-9.010304235267293,-11.302641175177353,0.19142734809484388,0.15270707468910122,3.0,7.0,2.0,6.0
2026,5000195,8,-15.074734870920098,-35.616811324805894,0.19142734809484388,0.15270707468910122,7.0,6.0,5.0,1.0
2026,5000196,8,4.127510433113852,-2.886835010300211,0.19142734809484388,0.15270707468910122,2.0,6.0,7.0,7.0
2026,5000197,8,-11.452429896808708,-8.213192304682346,0.19142734809484388,0.15270707468910122,5.0,4.0,2.0,1.0
2026,5000198,8,-5.573452212289196,-13.841153602020501,0.19142734809484388,0.15270707468910122,5.0,5.0,5.0,7.0
2026,5000199,8,-5.462657918256128,-28.951452107835813,0.19142734809484388,0.15270707468910122,7.0,7.0,2.0,7.0
2026,5000200,8,1.0678446386981977,-29.184997445371742,0.19142734809484388,0.15270707468910122,7.0,4.0,7.0,4.0
2026,5000201,8,12.82203222054669,12.142618841476715,0.19142734809484388,0.15270707468910122,3.0,0.0,7.0,3.0
2026,5000202,8,-7.135779825826204,-12.817178382523222,0.19142734809484388,0.15270707468910122,6.0,3.0,6.0,3.0
2026,5000203,8,11.661543740293439,-2.9808164778729687,0.19142734809484388,0.15270707468910122,3.0,5.0,7.0,7.0
2026,5000204,8,4.637895611294567,18.39127717634106,0.19142734809484388,0.15270707468910122,1.0,4.0,0.0,4.0
2026,5000205,8,4.697431310407372,-1.5201869071742373,0.19142734809484388,0.15270707468910122,6.0,0.0,3.0,1.0
2026,5000206,8,-5.935997455378307,25.53974965291163,0.19142734809484388,0.15270707468910122,2.0,1.0,0.0,0.0
2026,5000207,8,-5.399129130720526,-0.08972577018648631,0.19142734809484388,0.15270707468910122,4.0,4.0,7.0,0.0
2026,5000208,8,-15.08330809500243,-18.695676844785332,0.19142734809484388,0.15270707468910122,7.0,3.0,1.0,6.0
2026,5000209,8,6.706526553401456,28.96720246694425,0.19142734809484388,0.15270707468910122,0.0,3.0,0.0,6.0
2026,5000210,8,-6.377233099871163,3.3146355381419266,0.19142734809484388,0.15270707468910122,7.0,1.0,4.0,2.0
2026,5000211,8,-2.1878036523303814,-0.26712837449319665,0.19142734809484388,0.15270707468910122,0.0,5.0,7.0,4.0
2026,5000212,8,-7.6159540653574975,11.850732699115598,0.19142734809484388,0.15270707468910122,2.0,5.0,3.0,4.0
2026,5000213,8,-3.7482376946329716,14.855652077259782,0.19142734809484388,0.15270707468910122,4.0,0.0,1.0,0.0
2026,5000214,8,14.986485200073517,0.43335793000629386,0.19142734809484388,0.15270707468910122,4.0,2.0,7.0,3.0
2026,5000215,8,-2.177497515271388,-1.424246136626712,0.19142734809484388,0.15270707468910122,5.0,1.0,4.0,2.0
2026,5000216,8,5.941966903170457,6.057489216692883,0.19142734809484388,0.15270707468910122,1.0,5.0,7.0,5.0
2026,5000217,8,-8.935695167030747,-32.584242103016635,0.19142734809484388,0.15270707468910122,6.0,6.0,4.0,0.0
2026,5000218,8,-10.929269922361371,-13.396947724452934,0.19142734809484388,0.15270707468910122,5.0,5.0,1.0,0.0
2026,5000219,8,-10.731680173269735,2.634179587778153,0.19142734809484388,0.15270707468910122,6.0,0.0,4.0,2.0
2026,5000220,8,4.336743423702028,34.47422192387067,0.19142734809484388,0.15270707468910122,1.0,1.0,3.0,1.0
2026,5000221,8,-18.220749766832675,-17.51708650972002,0.19142734809484388,0.15270707468910122,6.0,6.0,0.0,4.0
2026,5000222,8,4.846916611158863,3.1253021345917875,0.19142734809484388,0.15270707468910122,4.0,3.0,4.0,7.0
2026,5000223,8,5.905550036152561,25.841774873607182,0.19142734809484388,0.15270707468910122,0.0,3.0,3.0,4.0
2026,5000224,8,5.021244068667487,-0.32871974800679804,0.19142734809484388,0.15270707468910122,2.0,5.0,7.0,0.0
2026,5000225,8,-9.613586016211581,-11.381125702356197,0.19142734809484388,0.15270707468910122,3.0,7.0,0.0,2.0
2026,5000226,8,4.6466514192297375,-22.847431369344815,0.19142734809484388,0.15270707468910122,7.0,3.0,3.0,5.0
2026,5000227,8,0.3232046095708504,-34.660689559689075,0.19142734809484388,0.15270707468910122,7.0,6.0,5.0,6.0
2026,5000228,8,-1.3692850767886675,-11.595771365246076,0.19142734809484388,0.15270707468910122,3.0,7.0,5.0,0.0
2026,5000229,8,1.2275345752317572,28.065589062866028,0.19142734809484388,0.15270707468910122,1.0,3.0,5.0,0.0
2026,5000230,8,-6.618282286715511,-31.896812074461465,0.19142734809484388,0.15270707468910122,6.0,7.0,7.0,2.0
2026,5000231,8,-0.8768467831029341,0.14299434978603082,0.19142734809484388,0.15270707468910122,7.0,5.0,3.0,5.0
2026,5000232,8,4.260941334381533,-5.744851145013289,0.19142734809484388,0.15270707468910122,4.0,4.0,6.0,3.0
2026,5000233,8,-10.354672074014669,-15.414719695954247,0.19142734809484388,0.15270707468910122,5.0,5.0,2.0,6.0
2026,5000234,8,-4.992197206833182,9.363944502476997,0.19142734809484388,0.15270707468910122,4.0,2.0,1.0,6.0
2026,5000235,8,-11.841294956259725,-21.349454334826188,0.19142734809484388,0.15270707468910122,6.0,6.0,2.0,0.0
2026,5000236,8,9.068507145710289,29.257845149175562,0.19142734809484388,0.15270707468910122,1.0,1.0,1.0,5.0
2026,5000237,8,12.050991193081224,12.436078588723134,0.19142734809484388,0.15270707468910122,3.0,1.0,5.0,7.0
2026,5000238,8,6.8134376455369985,11.93512515361824,0.19142734809484388,0.15270707468910122,0.0,6.0,2.0,6.0
2026,5000239,8,-1.2783089467135578,35.39165641883415,0.19142734809484388,0.15270707468910122,0.0,3.0,3.0,4.0
2026,5000240,8,11.310703948051469,17.4958532729178,0.19142734809484388,0.15270707468910122,2.0,1.0,5.0,6.0
2026,5000241,8,-0.38602629305376523,-18.762012233690246,0.19142734809484388,0.15270707468910122,4.0,7.0,3.0,4.0
2026,5000242,8,-6.193186804556774,-29.09960185735781,0.19142734809484388,0.15270707468910122,6.0,6.0,7.0,0.0
2026,5000243,8,-8.978051871775724,-10.38957804550286,0.19142734809484388,0.15270707468910122,7.0,1.0,0.0,1.0
2026,5000244,8,2.82165565359265,20.94020622615608,0.19142734809484388,0.15270707468910122,3.0,0.0,0.0,5.0
2026,5000245,8,4.836391606451585,30.83963211568635,0.19142734809484388,0.15270707468910122,2.0,0.0,2.0,0.0
2026,5000246,8,-5.135496935162884,18.130487818573386,0.19142734809484388,0.15270707468910122,3.0,2.0,0.0,4.0
2026,5000247,8,-3.4093508557288876,-12.11542566173811,0.19142734809484388,0.15270707468910122,7.0,1.0,5.0,7.0
2026,5000248,8,3.8968116077016157,-4.593444580144105,0.19142734809484388,0.15270707468910122,4.0,5.0,2.0,6.0
2026,5000249,8,-11.898016592733116,13.138434581312486,0.19142734809484388,0.15270707468910122,2.0,5.0,5.0,3.0
2026,5000250,8,7.7747435851514055,16.703627328077154,0.19142734809484388,0.15270707468910122,3.0,1.0,2.0,6.0
2026,5000251,8,16.76646442609666,18.557922093742842,0.19142734809484388,0.15270707468910122,2.0,1.0,6.0,2.0
2026,5000252,8,-4.67951041177171,-28.590486204188405,0.19142734809484388,0.15270707468910122,7.0,5.0,6.0,6.0
2026,5000253,8,5.224587079953647,-19.43266457494486,0.19142734809484388,0.15270707468910122,4.0,7.0,6.0,5.0
2026,5000254,8,6.33127523521891,17.353811071884014,0.19142734809484388,0.15270707468910122,0.0,3.0,7.0,6.0
2026,5000255,8,-11.364074917162243,9.163911774418079,0.19142734809484388,0.15270707468910122,0.0,7.0,0.0,1.0
