seed,segment,target,r2,alpha,train_tasks,test_tasks
42,8,key_row,0.9117958722871311,1000.0,64,256
42,8,key_column,0.9131101486907208,1000.0,64,256
42,8,door_row,0.6222753477508749,1000.0,64,256
42,8,door_column,0.610852392618297,1000.0,64,256
100,8,key_row,0.93390027970307,100.0,64,256
100,8,key_column,0.9248167029801976,100.0,64,256
100,8,door_row,0.4246220196557121,100.0,64,256
100,8,door_column,0.6483121591446093,100.0,64,256
2026,8,key_row,0.8521146010885928,1000.0,64,256
2026,8,key_column,0.8954818732368478,1000.0,64,256
2026,8,door_row,0.5443936620310363,1000.0,64,256
2026,8,door_column,0.6002475983953597,1000.0,64,256
