cell,layer,window,centre,estimate,lower,upper,tasks
raw_summary,0,1,250.0,0.4097820059692774,0.39206618719023645,0.42846810624030573,256
raw_summary,0,2,750.0,0.46666358198914293,0.44890791677187664,0.4950113966400735,256
raw_summary,0,3,1250.0,0.467452344865771,0.4504851604546435,0.49421356716183074,256
raw_summary,0,4,1750.0,0.4712400995575979,0.45519177448370174,0.4978952548908506,256
raw_summary,0,5,2250.0,0.47028131410642526,0.4533636943962585,0.4966516369712684,256
raw_summary,0,6,2750.0,0.47154362724414867,0.45448422510788217,0.49863553981737935,256
raw_summary,0,7,3250.0,0.4723501070102211,0.4558101675806684,0.4987015990256157,256
raw_summary,0,8,3750.0,0.4690654437052435,0.45208023579354045,0.49520773047893596,256
raw_summary,1,1,250.0,0.25801237140839883,0.23357935776087332,0.2723934424392041,256
raw_summary,1,2,750.0,0.27451966251044846,0.25513051355350747,0.2942287015387814,256
raw_summary,1,3,1250.0,0.27275964124283925,0.25287098306281774,0.2924839422205368,256
raw_summary,1,4,1750.0,0.2767285958846987,0.25818080970668666,0.2968631759576536,256
raw_summary,1,5,2250.0,0.2736078507285274,0.25470364809138735,0.29332481167930124,256
raw_summary,1,6,2750.0,0.27449889055820675,0.25554138492073364,0.29443331041142734,256
raw_summary,1,7,3250.0,0.2759675291518991,0.25714157863199066,0.29600078868312707,256
raw_summary,1,8,3750.0,0.27109129840548124,0.2519862581477501,0.2905764076873773,256
raw_summary,2,1,250.0,0.24910310589788667,0.2271965973701839,0.28186151259842096,256
raw_summary,2,2,750.0,0.2725641953918409,0.24678093308354584,0.2954778856051911,256
raw_summary,2,3,1250.0,0.27121873192998947,0.24522342810830158,0.2967366026521049,256
raw_summary,2,4,1750.0,0.2749073667285023,0.2489059749777567,0.30079474834297654,256
raw_summary,2,5,2250.0,0.27109250971325677,0.24549771192545305,0.29500917501484003,256
raw_summary,2,6,2750.0,0.27190627159171954,0.24659620493321133,0.2967588451229996,256
raw_summary,2,7,3250.0,0.2736349556580729,0.2478293048003943,0.298604995424,256
raw_summary,2,8,3750.0,0.26875070267047946,0.24227416029439555,0.29332618196088295,256
raw_segment,0,1,250.0,0.06913269479787171,0.06351102764523466,0.0729010119724675,256
raw_segment,0,2,750.0,0.06897087124315052,0.06313403254525893,0.07254653097467144,256
raw_segment,0,3,1250.0,0.06701449576412294,0.06104092576828125,0.07086235121417185,256
raw_segment,0,4,1750.0,0.06921679072834135,0.06366921045519001,0.07287761945078373,256
raw_segment,0,5,2250.0,0.06864322968697283,0.06288913613801488,0.07215414507243777,256
raw_segment,0,6,2750.0,0.06734324632104109,0.06152302711911134,0.07141480089057996,256
raw_segment,0,7,3250.0,0.06922760617673461,0.06352584566428959,0.07279036426608063,256
raw_segment,0,8,3750.0,0.06691163026538198,0.06113649842753785,0.07060131818153159,256
raw_segment,1,1,250.0,0.08656516503810992,0.08079049328399618,0.09293897988516885,256
raw_segment,1,2,750.0,0.08601158177299961,0.08016304828803195,0.0923026248698944,256
raw_segment,1,3,1250.0,0.08319631326430817,0.07735405413876759,0.08942816716686519,256
raw_segment,1,4,1750.0,0.08602681515686543,0.08010425566241779,0.09229682962860639,256
raw_segment,1,5,2250.0,0.08529227148212082,0.07938150856466368,0.09192491041941007,256
raw_segment,1,6,2750.0,0.08374018457376466,0.07756405598897327,0.09013769141371723,256
raw_segment,1,7,3250.0,0.08590327275237936,0.0801107748406095,0.09215390143492178,256
raw_segment,1,8,3750.0,0.08316863634666849,0.07725481600782994,0.08947290849102436,256
raw_segment,2,1,250.0,0.1728956780365467,0.1464749675892577,0.19942936238758957,256
raw_segment,2,2,750.0,0.1705528082823148,0.14433148125506634,0.19649540733279977,256
raw_segment,2,3,1250.0,0.16577366354026404,0.13991267131603727,0.1916156152582309,256
raw_segment,2,4,1750.0,0.1714027502158497,0.14537190790420826,0.1976087210929669,256
raw_segment,2,5,2250.0,0.16885365325224608,0.14284151928013727,0.19511822865447354,256
raw_segment,2,6,2750.0,0.16761406701510714,0.1413932949790733,0.19391060337288032,256
raw_segment,2,7,3250.0,0.17107313685287953,0.1448515986056882,0.19735032197609398,256
raw_segment,2,8,3750.0,0.16504703869950754,0.1388704663266104,0.19112619596112382,256
