history,row,estimate,lower,upper,positive_seeds,every_seed_clears_delta,seed_42,seed_100,seed_2026
retained,raw_summary,26.649739583333332,23.41767578125,29.977897135416665,3,True,26.5703125,25.453125,27.92578125
retained,raw_segment,19.229166666666668,16.232942708333336,22.5380859375,3,True,21.71484375,17.7421875,18.23046875
retained,full_context,0.8216145833333334,0.5013020833333334,1.300813802083333,3,False,1.0859375,0.68359375,0.6953125
retained,raw_window,2.5989583333333335,1.6718424479166667,3.516959635416667,3,True,3.359375,1.58984375,2.84765625
retained,RSM - window,24.05078125,21.21875,27.152701822916665,3,True,23.2109375,23.86328125,25.078125
retained,window - RSM no carry,-16.630208333333332,-19.260514322916666,-14.208007812500002,0,False,-18.35546875,-16.15234375,-15.3828125
retained,full history - window,-1.77734375,-2.587272135416667,-0.9374023437500005,0,False,-2.2734375,-0.90625,-2.15234375
attempt-cleared,raw_summary,22.180989583333332,18.4591796875,25.54700520833333,3,True,24.12109375,18.99609375,23.42578125
attempt-cleared,raw_segment,18.20703125,15.027311197916667,21.383300781249996,3,True,20.3828125,18.734375,15.50390625
attempt-cleared,full_context,0.7369791666666666,0.31640625,1.3828776041666664,3,False,1.3203125,0.31640625,0.57421875
attempt-cleared,raw_window,2.55859375,1.7734375,3.4792317708333327,3,True,3.36328125,1.765625,2.546875
attempt-cleared,RSM - window,19.622395833333332,16.581868489583332,22.547037760416664,3,True,20.7578125,17.23046875,20.87890625
attempt-cleared,window - RSM no carry,-15.6484375,-18.543457031249996,-12.855371093750001,0,False,-17.01953125,-16.96875,-12.95703125
attempt-cleared,full history - window,-1.8216145833333333,-2.3359375,-1.3684244791666669,0,False,-2.04296875,-1.44921875,-1.97265625
