cell,seed,layer,position,summary,buffer,own,uniform_summary,decisions
raw_segment,42,0,1,0.7155867218971252,0.0,0.28441333770751953,0.8,1024
raw_segment,42,0,2,0.45366567373275757,0.2831845283508301,0.26314979791641235,0.6666666666666666,1024
raw_segment,42,0,3,0.3549952805042267,0.4321175813674927,0.21288716793060303,0.5714285714285714,1024
raw_segment,42,0,4,0.3125852942466736,0.511613130569458,0.17580156028270721,0.5,1024
raw_segment,42,0,5,0.2958298921585083,0.5530092716217041,0.1511608064174652,0.4444444444444444,1024
raw_segment,42,0,6,0.28629398345947266,0.578862726688385,0.13484327495098114,0.4,1024
raw_segment,42,0,7,0.2733767628669739,0.6040430068969727,0.12258024513721466,0.36363636363636365,1024
raw_segment,42,0,8,0.2633509933948517,0.6248352527618408,0.11181376129388809,0.3333333333333333,768
raw_segment,42,0,9,0.24690096080303192,0.645892858505249,0.10720618814229965,0.3076923076923077,768
raw_segment,42,0,10,0.24066472053527832,0.656630277633667,0.10270500928163528,0.2857142857142857,768
raw_segment,42,0,11,0.23983924090862274,0.6610496640205383,0.09911105781793594,0.26666666666666666,768
raw_segment,42,0,12,0.24138705432415009,0.6631068587303162,0.09550607204437256,0.25,768
raw_segment,42,0,13,0.24208982288837433,0.6684913635253906,0.08941879123449326,0.23529411764705882,768
raw_segment,42,0,14,0.2360105961561203,0.6785658001899719,0.0854235365986824,0.2222222222222222,768
raw_segment,42,0,15,0.2262837141752243,0.6909170150756836,0.08279921114444733,0.21052631578947367,768
raw_segment,42,0,16,0.21807509660720825,0.700066864490509,0.08185798674821854,0.2,768
raw_segment,42,0,17,0.21394772827625275,0.7045602798461914,0.08149203658103943,0.19047619047619047,768
raw_segment,42,0,18,0.2154303342103958,0.7042667269706726,0.08030302077531815,0.18181818181818182,768
raw_segment,42,0,19,0.21863456070423126,0.7044543623924255,0.07691102474927902,0.17391304347826086,768
raw_segment,42,0,20,0.21746255457401276,0.7087848782539368,0.07375257462263107,0.16666666666666666,768
raw_segment,42,0,21,0.21482433378696442,0.712522566318512,0.07265306264162064,0.16,768
raw_segment,42,0,22,0.2063240259885788,0.720822811126709,0.07285318523645401,0.15384615384615385,768
raw_segment,42,0,23,0.20265662670135498,0.7249423861503601,0.07240098714828491,0.14814814814814814,768
raw_segment,42,0,24,0.19952178001403809,0.7277383804321289,0.0727398470044136,0.14285714285714285,768
raw_segment,42,0,25,0.19866394996643066,0.7305140495300293,0.07082199305295944,0.13793103448275862,768
raw_segment,42,0,26,0.1957470178604126,0.7371828556060791,0.06707010418176651,0.13333333333333333,768
raw_segment,42,0,27,0.18948961794376373,0.74347323179245,0.06703715026378632,0.12903225806451613,768
raw_segment,42,0,28,0.18235987424850464,0.7511832118034363,0.0664568841457367,0.125,768
raw_segment,42,0,29,0.17399366199970245,0.7611619830131531,0.06484437733888626,0.12121212121212122,768
raw_segment,42,0,30,0.16899473965168,0.7665467858314514,0.0644584596157074,0.11764705882352941,768
raw_segment,42,0,31,0.16459426283836365,0.7706448435783386,0.06476085633039474,0.11428571428571428,768
raw_segment,42,0,32,0.15776734054088593,0.7868197560310364,0.055412840098142624,0.1111111111111111,768
raw_segment,42,1,1,0.3894028067588806,0.0,0.6105971336364746,0.8,1024
raw_segment,42,1,2,0.27694588899612427,0.4019525945186615,0.32110151648521423,0.6666666666666666,1024
raw_segment,42,1,3,0.2342757135629654,0.5515565872192383,0.21416769921779633,0.5714285714285714,1024
raw_segment,42,1,4,0.20843839645385742,0.6218725442886353,0.16968905925750732,0.5,1024
raw_segment,42,1,5,0.1914718747138977,0.6624733209609985,0.14605474472045898,0.4444444444444444,1024
raw_segment,42,1,6,0.19061899185180664,0.6745860576629639,0.1347949206829071,0.4,1024
raw_segment,42,1,7,0.17855793237686157,0.6890119314193726,0.13243016600608826,0.36363636363636365,1024
raw_segment,42,1,8,0.18797855079174042,0.6826046109199524,0.129416823387146,0.3333333333333333,768
raw_segment,42,1,9,0.17902064323425293,0.692554771900177,0.12842459976673126,0.3076923076923077,768
raw_segment,42,1,10,0.17219339311122894,0.7046094536781311,0.12319713830947876,0.2857142857142857,768
raw_segment,42,1,11,0.16205914318561554,0.714941680431366,0.12299925088882446,0.26666666666666666,768
raw_segment,42,1,12,0.16162832081317902,0.715521514415741,0.122850202023983,0.25,768
raw_segment,42,1,13,0.1562284380197525,0.7313169836997986,0.1124546006321907,0.23529411764705882,768
raw_segment,42,1,14,0.15443554520606995,0.7301810383796692,0.11538339406251907,0.2222222222222222,768
raw_segment,42,1,15,0.1570744663476944,0.7324232459068298,0.11050227284431458,0.21052631578947367,768
raw_segment,42,1,16,0.1605885773897171,0.7365314364433289,0.10288002341985703,0.2,768
raw_segment,42,1,17,0.16244126856327057,0.7334612011909485,0.10409750789403915,0.19047619047619047,768
raw_segment,42,1,18,0.163380965590477,0.7322476506233215,0.10437140613794327,0.18181818181818182,768
raw_segment,42,1,19,0.16393302381038666,0.7316338419914246,0.10443320125341415,0.17391304347826086,768
raw_segment,42,1,20,0.1582193374633789,0.7357832789421082,0.10599740594625473,0.16666666666666666,768
raw_segment,42,1,21,0.15788887441158295,0.7438110709190369,0.09830006211996078,0.16,768
raw_segment,42,1,22,0.16097517311573029,0.7398037910461426,0.09922099113464355,0.15384615384615385,768
raw_segment,42,1,23,0.16763456165790558,0.7387515902519226,0.09361386299133301,0.14814814814814814,768
raw_segment,42,1,24,0.16911132633686066,0.739281952381134,0.09160671383142471,0.14285714285714285,768
raw_segment,42,1,25,0.16824889183044434,0.7406360507011414,0.0911150872707367,0.13793103448275862,768
raw_segment,42,1,26,0.1681162267923355,0.7483466267585754,0.08353710174560547,0.13333333333333333,768
raw_segment,42,1,27,0.16521036624908447,0.7493279576301575,0.0854615867137909,0.12903225806451613,768
raw_segment,42,1,28,0.16954320669174194,0.7497995495796204,0.0806572362780571,0.125,768
raw_segment,42,1,29,0.16638372838497162,0.7575672268867493,0.07604897767305374,0.12121212121212122,768
raw_segment,42,1,30,0.16253919899463654,0.7596030235290527,0.07785779982805252,0.11764705882352941,768
raw_segment,42,1,31,0.15550599992275238,0.7639349102973938,0.08055902272462845,0.11428571428571428,768
raw_segment,42,1,32,0.13796328008174896,0.7851104736328125,0.07692629098892212,0.1111111111111111,768
raw_segment,42,2,1,0.44844144582748413,0.0,0.5515585541725159,0.8,1024
raw_segment,42,2,2,0.35281822085380554,0.3432080149650574,0.3039737343788147,0.6666666666666666,1024
raw_segment,42,2,3,0.3008815050125122,0.4406377077102661,0.2584807872772217,0.5714285714285714,1024
raw_segment,42,2,4,0.2667911648750305,0.5094445943832397,0.22376428544521332,0.5,1024
raw_segment,42,2,5,0.24269846081733704,0.5637384653091431,0.1935630887746811,0.4444444444444444,1024
raw_segment,42,2,6,0.22159168124198914,0.6043986678123474,0.17400966584682465,0.4,1024
raw_segment,42,2,7,0.20373591780662537,0.6345319747924805,0.16173210740089417,0.36363636363636365,1024
raw_segment,42,2,8,0.1692006140947342,0.6723557114601135,0.1584436297416687,0.3333333333333333,768
raw_segment,42,2,9,0.1532660871744156,0.700408935546875,0.1463249772787094,0.3076923076923077,768
raw_segment,42,2,10,0.1427001953125,0.7139687538146973,0.14333106577396393,0.2857142857142857,768
raw_segment,42,2,11,0.13201062381267548,0.7334442734718323,0.13454513251781464,0.26666666666666666,768
raw_segment,42,2,12,0.12431959062814713,0.7432146072387695,0.13246582448482513,0.25,768
raw_segment,42,2,13,0.11553869396448135,0.755302369594574,0.12915895879268646,0.23529411764705882,768
raw_segment,42,2,14,0.10767630487680435,0.7588770985603333,0.1334466189146042,0.2222222222222222,768
raw_segment,42,2,15,0.10094299167394638,0.7621132731437683,0.13694380223751068,0.21052631578947367,768
raw_segment,42,2,16,0.09541570395231247,0.7733208537101746,0.13126349449157715,0.2,768
raw_segment,42,2,17,0.08911111205816269,0.7782313227653503,0.13265763223171234,0.19047619047619047,768
raw_segment,42,2,18,0.08167106658220291,0.7901816368103027,0.12814736366271973,0.18181818181818182,768
raw_segment,42,2,19,0.07613221555948257,0.8022043704986572,0.12166342884302139,0.17391304347826086,768
raw_segment,42,2,20,0.06848844885826111,0.8073975443840027,0.12411405891180038,0.16666666666666666,768
raw_segment,42,2,21,0.06111103668808937,0.8154342770576477,0.12345466017723083,0.16,768
raw_segment,42,2,22,0.05516321584582329,0.8245803713798523,0.12025638669729233,0.15384615384615385,768
raw_segment,42,2,23,0.0508023202419281,0.8321385383605957,0.11705917865037918,0.14814814814814814,768
raw_segment,42,2,24,0.046325284987688065,0.8383219838142395,0.11535275727510452,0.14285714285714285,768
raw_segment,42,2,25,0.04153645411133766,0.8450438976287842,0.11341959983110428,0.13793103448275862,768
raw_segment,42,2,26,0.038740675896406174,0.8541010022163391,0.10715828090906143,0.13333333333333333,768
raw_segment,42,2,27,0.034990157932043076,0.8609144687652588,0.10409539937973022,0.12903225806451613,768
raw_segment,42,2,28,0.03316643834114075,0.8666439652442932,0.10018956661224365,0.125,768
raw_segment,42,2,29,0.03260621055960655,0.8701654076576233,0.09722834080457687,0.12121212121212122,768
raw_segment,42,2,30,0.031812891364097595,0.8737501502037048,0.09443696588277817,0.11764705882352941,768
raw_segment,42,2,31,0.03167233243584633,0.8743316531181335,0.09399602562189102,0.11428571428571428,768
raw_segment,42,2,32,0.03817075118422508,0.8540952205657959,0.10773400217294693,0.1111111111111111,768
raw_segment,100,0,1,0.6731542348861694,0.0,0.3268457353115082,0.8,1024
raw_segment,100,0,2,0.42330652475357056,0.3294662833213806,0.2472272366285324,0.6666666666666666,1024
raw_segment,100,0,3,0.3412731885910034,0.4545517563819885,0.20417502522468567,0.5714285714285714,1024
raw_segment,100,0,4,0.31701990962028503,0.508520245552063,0.17445982992649078,0.5,1024
raw_segment,100,0,5,0.30912283062934875,0.5342347621917725,0.15664240717887878,0.4444444444444444,1024
raw_segment,100,0,6,0.305123507976532,0.5476951003074646,0.14718136191368103,0.4,1024
raw_segment,100,0,7,0.29227763414382935,0.5704242587089539,0.13729813694953918,0.36363636363636365,1024
raw_segment,100,0,8,0.307181715965271,0.5744989514350891,0.11831938475370407,0.3333333333333333,768
raw_segment,100,0,9,0.2860802114009857,0.6007848381996155,0.11313492804765701,0.3076923076923077,768
raw_segment,100,0,10,0.2588679790496826,0.6253559589385986,0.11577606201171875,0.2857142857142857,768
raw_segment,100,0,11,0.23988468945026398,0.643237829208374,0.1168774962425232,0.26666666666666666,768
raw_segment,100,0,12,0.24665695428848267,0.641140878200531,0.11220220476388931,0.25,768
raw_segment,100,0,13,0.24756212532520294,0.6443086266517639,0.10812921077013016,0.23529411764705882,768
raw_segment,100,0,14,0.2503547668457031,0.6434924006462097,0.10615282505750656,0.2222222222222222,768
raw_segment,100,0,15,0.24336855113506317,0.6543056964874268,0.10232573747634888,0.21052631578947367,768
raw_segment,100,0,16,0.23397789895534515,0.6678828597068787,0.09813931584358215,0.2,768
raw_segment,100,0,17,0.23098449409008026,0.6732501983642578,0.09576531499624252,0.19047619047619047,768
raw_segment,100,0,18,0.22891837358474731,0.6775050759315491,0.09357655793428421,0.18181818181818182,768
raw_segment,100,0,19,0.23342426121234894,0.6787310242652893,0.08784467726945877,0.17391304347826086,768
raw_segment,100,0,20,0.22477476298809052,0.6888067126274109,0.08641853928565979,0.16666666666666666,768
raw_segment,100,0,21,0.23375360667705536,0.6766524314880371,0.08959390968084335,0.16,768
raw_segment,100,0,22,0.2373134344816208,0.673353374004364,0.08933316916227341,0.15384615384615385,768
raw_segment,100,0,23,0.23455415666103363,0.6792090535163879,0.08623677492141724,0.14814814814814814,768
raw_segment,100,0,24,0.2326723337173462,0.6818423271179199,0.08548539876937866,0.14285714285714285,768
raw_segment,100,0,25,0.23628592491149902,0.6794196963310242,0.08429444581270218,0.13793103448275862,768
raw_segment,100,0,26,0.23704783618450165,0.682171642780304,0.08078053593635559,0.13333333333333333,768
raw_segment,100,0,27,0.23241442441940308,0.6877023577690125,0.07988319545984268,0.12903225806451613,768
raw_segment,100,0,28,0.23532454669475555,0.6836495399475098,0.0810258686542511,0.125,768
raw_segment,100,0,29,0.23769120872020721,0.6824458241462708,0.07986291497945786,0.12121212121212122,768
raw_segment,100,0,30,0.2335236817598343,0.6879444122314453,0.0785318911075592,0.11764705882352941,768
raw_segment,100,0,31,0.2330733984708786,0.6864302754402161,0.08049629628658295,0.11428571428571428,768
raw_segment,100,0,32,0.23634760081768036,0.6933331489562988,0.0703192800283432,0.1111111111111111,768
raw_segment,100,1,1,0.3630974590778351,0.0,0.6369025707244873,0.8,1024
raw_segment,100,1,2,0.2526588439941406,0.4670749008655548,0.2802662253379822,0.6666666666666666,1024
raw_segment,100,1,3,0.20307385921478271,0.6088204383850098,0.1881057471036911,0.5714285714285714,1024
raw_segment,100,1,4,0.17207905650138855,0.6792510747909546,0.14866986870765686,0.5,1024
raw_segment,100,1,5,0.15312573313713074,0.719363808631897,0.12751054763793945,0.4444444444444444,1024
raw_segment,100,1,6,0.14451691508293152,0.7388816475868225,0.11660142987966537,0.4,1024
raw_segment,100,1,7,0.14529719948768616,0.7432140707969666,0.1114887222647667,0.36363636363636365,1024
raw_segment,100,1,8,0.13083647191524506,0.7604119181632996,0.10875161737203598,0.3333333333333333,768
raw_segment,100,1,9,0.13154193758964539,0.770778477191925,0.09767955541610718,0.3076923076923077,768
raw_segment,100,1,10,0.1365620642900467,0.7737132906913757,0.08972465991973877,0.2857142857142857,768
raw_segment,100,1,11,0.13468743860721588,0.7800662517547607,0.08524628728628159,0.26666666666666666,768
raw_segment,100,1,12,0.1347639113664627,0.7761280536651611,0.08910807967185974,0.25,768
raw_segment,100,1,13,0.13534890115261078,0.7826992869377136,0.08195178955793381,0.23529411764705882,768
raw_segment,100,1,14,0.1328427940607071,0.7806491255760193,0.08650805801153183,0.2222222222222222,768
raw_segment,100,1,15,0.13158021867275238,0.7860434055328369,0.0823763906955719,0.21052631578947367,768
raw_segment,100,1,16,0.1292078047990799,0.7937186360359192,0.07707356661558151,0.2,768
raw_segment,100,1,17,0.12482351809740067,0.7999212145805359,0.07525531202554703,0.19047619047619047,768
raw_segment,100,1,18,0.1215316653251648,0.8002808690071106,0.07818743586540222,0.18181818181818182,768
raw_segment,100,1,19,0.12157876044511795,0.8033826351165771,0.0750386118888855,0.17391304347826086,768
raw_segment,100,1,20,0.12235784530639648,0.8036934733390808,0.07394874095916748,0.16666666666666666,768
raw_segment,100,1,21,0.12030761688947678,0.8081951141357422,0.07149729877710342,0.16,768
raw_segment,100,1,22,0.11929801106452942,0.8073873519897461,0.07331464439630508,0.15384615384615385,768
raw_segment,100,1,23,0.12213627249002457,0.8098590970039368,0.06800458580255508,0.14814814814814814,768
raw_segment,100,1,24,0.12153211236000061,0.8126225471496582,0.06584525853395462,0.14285714285714285,768
raw_segment,100,1,25,0.12131045013666153,0.8148968815803528,0.0637926235795021,0.13793103448275862,768
raw_segment,100,1,26,0.12367010116577148,0.8156490921974182,0.06068079173564911,0.13333333333333333,768
raw_segment,100,1,27,0.12340687960386276,0.8133509755134583,0.063242107629776,0.12903225806451613,768
raw_segment,100,1,28,0.1239733174443245,0.8157715797424316,0.06025509536266327,0.125,768
raw_segment,100,1,29,0.11970067024230957,0.8214072585105896,0.05889207497239113,0.12121212121212122,768
raw_segment,100,1,30,0.11759233474731445,0.8255562782287598,0.05685143545269966,0.11764705882352941,768
raw_segment,100,1,31,0.12078070640563965,0.8205086588859558,0.05871060490608215,0.11428571428571428,768
raw_segment,100,1,32,0.1539163440465927,0.7882957458496094,0.057787906378507614,0.1111111111111111,768
raw_segment,100,2,1,0.42795783281326294,0.0,0.5720421671867371,0.8,1024
raw_segment,100,2,2,0.3587169647216797,0.33380743861198425,0.30747562646865845,0.6666666666666666,1024
raw_segment,100,2,3,0.3244735896587372,0.41446059942245483,0.2610657811164856,0.5714285714285714,1024
raw_segment,100,2,4,0.30164608359336853,0.46988222002983093,0.22847169637680054,0.5,1024
raw_segment,100,2,5,0.27797698974609375,0.5148558616638184,0.20716716349124908,0.4444444444444444,1024
raw_segment,100,2,6,0.2593507170677185,0.5487501621246338,0.1918991506099701,0.4,1024
raw_segment,100,2,7,0.2354099005460739,0.5787988901138306,0.1857912242412567,0.36363636363636365,1024
raw_segment,100,2,8,0.19058774411678314,0.6247876286506653,0.18462465703487396,0.3333333333333333,768
raw_segment,100,2,9,0.16777567565441132,0.6525557041168213,0.1796686202287674,0.3076923076923077,768
raw_segment,100,2,10,0.1522362232208252,0.6689467430114746,0.1788170337677002,0.2857142857142857,768
raw_segment,100,2,11,0.1451750248670578,0.6842117309570312,0.17061328887939453,0.26666666666666666,768
raw_segment,100,2,12,0.13799220323562622,0.6928549408912659,0.16915281116962433,0.25,768
raw_segment,100,2,13,0.12759529054164886,0.7001709938049316,0.1722337007522583,0.23529411764705882,768
raw_segment,100,2,14,0.11914652585983276,0.6990475654602051,0.18180590867996216,0.2222222222222222,768
raw_segment,100,2,15,0.11352028697729111,0.7046683430671692,0.1818113774061203,0.21052631578947367,768
raw_segment,100,2,16,0.1065228283405304,0.7148156762123108,0.1786615401506424,0.2,768
raw_segment,100,2,17,0.10139486193656921,0.7217972874641418,0.17680783569812775,0.19047619047619047,768
raw_segment,100,2,18,0.10145661979913712,0.7243709564208984,0.17417244613170624,0.18181818181818182,768
raw_segment,100,2,19,0.10024189203977585,0.7321107983589172,0.16764725744724274,0.17391304347826086,768
raw_segment,100,2,20,0.10025795549154282,0.7290132641792297,0.17072875797748566,0.16666666666666666,768
raw_segment,100,2,21,0.09455042332410812,0.740523636341095,0.16492588818073273,0.16,768
raw_segment,100,2,22,0.09239014983177185,0.7488390803337097,0.15877081453800201,0.15384615384615385,768
raw_segment,100,2,23,0.09319009631872177,0.745819091796875,0.16099078953266144,0.14814814814814814,768
raw_segment,100,2,24,0.09057354927062988,0.7549077868461609,0.1545187383890152,0.14285714285714285,768
raw_segment,100,2,25,0.08910629898309708,0.7570545077323914,0.15383917093276978,0.13793103448275862,768
raw_segment,100,2,26,0.08840920776128769,0.7600975036621094,0.15149329602718353,0.13333333333333333,768
raw_segment,100,2,27,0.0874960646033287,0.7610287070274353,0.15147526562213898,0.12903225806451613,768
raw_segment,100,2,28,0.08534220606088638,0.7632816433906555,0.15137609839439392,0.125,768
raw_segment,100,2,29,0.08536243438720703,0.7700387835502625,0.14459878206253052,0.12121212121212122,768
raw_segment,100,2,30,0.0853392705321312,0.7780871987342834,0.13657350838184357,0.11764705882352941,768
raw_segment,100,2,31,0.0865347757935524,0.7833730578422546,0.13009211421012878,0.11428571428571428,768
raw_segment,100,2,32,0.09883709996938705,0.7736671566963196,0.127495676279068,0.1111111111111111,768
raw_segment,2026,0,1,0.6953444480895996,0.0,0.3046555817127228,0.8,1024
raw_segment,2026,0,2,0.4528160095214844,0.30128341913223267,0.24590060114860535,0.6666666666666666,1024
raw_segment,2026,0,3,0.3551735281944275,0.43535783886909485,0.20946861803531647,0.5714285714285714,1024
raw_segment,2026,0,4,0.31424516439437866,0.5075644850730896,0.17819038033485413,0.5,1024
raw_segment,2026,0,5,0.3032841086387634,0.5447515249252319,0.15196433663368225,0.4444444444444444,1024
raw_segment,2026,0,6,0.295975923538208,0.5675806999206543,0.13644331693649292,0.4,1024
raw_segment,2026,0,7,0.2769770324230194,0.595382034778595,0.1276409924030304,0.36363636363636365,1024
raw_segment,2026,0,8,0.2579325735569,0.6267934441566467,0.11527391523122787,0.3333333333333333,768
raw_segment,2026,0,9,0.23616473376750946,0.6573551297187805,0.10648012161254883,0.3076923076923077,768
raw_segment,2026,0,10,0.23241440951824188,0.6704632639884949,0.09712234884500504,0.2857142857142857,768
raw_segment,2026,0,11,0.22774983942508698,0.6777984499931335,0.09445168823003769,0.26666666666666666,768
raw_segment,2026,0,12,0.23191173374652863,0.6778128743171692,0.09027538448572159,0.25,768
raw_segment,2026,0,13,0.23471321165561676,0.6798815727233887,0.08540526777505875,0.23529411764705882,768
raw_segment,2026,0,14,0.23217391967773438,0.6848775744438171,0.08294844627380371,0.2222222222222222,768
raw_segment,2026,0,15,0.22608023881912231,0.6942747235298157,0.07964498549699783,0.21052631578947367,768
raw_segment,2026,0,16,0.22051191329956055,0.7014713287353516,0.07801679521799088,0.2,768
raw_segment,2026,0,17,0.21693746745586395,0.7058541178703308,0.07720846682786942,0.19047619047619047,768
raw_segment,2026,0,18,0.2213628888130188,0.7030048370361328,0.07563234120607376,0.18181818181818182,768
raw_segment,2026,0,19,0.21908581256866455,0.7084662318229675,0.07244795560836792,0.17391304347826086,768
raw_segment,2026,0,20,0.21785549819469452,0.71238112449646,0.06976336240768433,0.16666666666666666,768
raw_segment,2026,0,21,0.2156006097793579,0.712929904460907,0.07146941125392914,0.16,768
raw_segment,2026,0,22,0.20777352154254913,0.720317542552948,0.07190889865159988,0.15384615384615385,768
raw_segment,2026,0,23,0.206938698887825,0.722273051738739,0.07078833132982254,0.14814814814814814,768
raw_segment,2026,0,24,0.20490054786205292,0.726412296295166,0.06868711113929749,0.14285714285714285,768
raw_segment,2026,0,25,0.21002453565597534,0.7231504321098328,0.06682514399290085,0.13793103448275862,768
raw_segment,2026,0,26,0.2096835970878601,0.7272022366523743,0.06311413645744324,0.13333333333333333,768
raw_segment,2026,0,27,0.2061319351196289,0.7296077609062195,0.06426029652357101,0.12903225806451613,768
raw_segment,2026,0,28,0.19833366572856903,0.7362468838691711,0.06541942805051804,0.125,768
raw_segment,2026,0,29,0.19583065807819366,0.7392699718475342,0.06489938497543335,0.12121212121212122,768
raw_segment,2026,0,30,0.19909055531024933,0.7374832034111023,0.0634261965751648,0.11764705882352941,768
raw_segment,2026,0,31,0.20416252315044403,0.7338988184928894,0.06193866953253746,0.11428571428571428,768
raw_segment,2026,0,32,0.20362715423107147,0.7449448704719543,0.05142790079116821,0.1111111111111111,768
raw_segment,2026,1,1,0.42604899406433105,0.0,0.573951005935669,0.8,1024
raw_segment,2026,1,2,0.3235420882701874,0.3889574110507965,0.2875005006790161,0.6666666666666666,1024
raw_segment,2026,1,3,0.2615947723388672,0.5141350030899048,0.2242702841758728,0.5714285714285714,1024
raw_segment,2026,1,4,0.22886621952056885,0.5842405557632446,0.1868932545185089,0.5,1024
raw_segment,2026,1,5,0.21462327241897583,0.6342759132385254,0.15110081434249878,0.4444444444444444,1024
raw_segment,2026,1,6,0.21044057607650757,0.6664203405380249,0.12313912063837051,0.4,1024
raw_segment,2026,1,7,0.20868118107318878,0.6807519197463989,0.11056692898273468,0.36363636363636365,1024
raw_segment,2026,1,8,0.19791410863399506,0.6980981826782227,0.10398765653371811,0.3333333333333333,768
raw_segment,2026,1,9,0.19507141411304474,0.7088050842285156,0.09612353891134262,0.3076923076923077,768
raw_segment,2026,1,10,0.19229786098003387,0.7159793376922607,0.09172278642654419,0.2857142857142857,768
raw_segment,2026,1,11,0.1835390329360962,0.7266881465911865,0.08977284282445908,0.26666666666666666,768
raw_segment,2026,1,12,0.17632679641246796,0.7350379824638367,0.08863520622253418,0.25,768
raw_segment,2026,1,13,0.174936905503273,0.7431246638298035,0.08193840831518173,0.23529411764705882,768
raw_segment,2026,1,14,0.17520631849765778,0.741316556930542,0.08347710222005844,0.2222222222222222,768
raw_segment,2026,1,15,0.1727019101381302,0.7451955676078796,0.08210255950689316,0.21052631578947367,768
raw_segment,2026,1,16,0.1699247509241104,0.7524482607841492,0.07762696593999863,0.2,768
raw_segment,2026,1,17,0.1654411405324936,0.7602605819702148,0.07429825514554977,0.19047619047619047,768
raw_segment,2026,1,18,0.16248469054698944,0.7608173489570618,0.07669798284769058,0.18181818181818182,768
raw_segment,2026,1,19,0.15944916009902954,0.7635266184806824,0.07702427357435226,0.17391304347826086,768
raw_segment,2026,1,20,0.15375226736068726,0.7668492197990417,0.0793985053896904,0.16666666666666666,768
raw_segment,2026,1,21,0.15887399017810822,0.7660530209541321,0.07507294416427612,0.16,768
raw_segment,2026,1,22,0.15389008820056915,0.7704623341560364,0.07564755529165268,0.15384615384615385,768
raw_segment,2026,1,23,0.1567804366350174,0.7704599499702454,0.07275951653718948,0.14814814814814814,768
raw_segment,2026,1,24,0.15218184888362885,0.7771096229553223,0.0707084909081459,0.14285714285714285,768
raw_segment,2026,1,25,0.1494387835264206,0.7807286381721497,0.06983257085084915,0.13793103448275862,768
raw_segment,2026,1,26,0.14341865479946136,0.7926517128944397,0.06392961740493774,0.13333333333333333,768
raw_segment,2026,1,27,0.1384284943342209,0.7970430254936218,0.0645284429192543,0.12903225806451613,768
raw_segment,2026,1,28,0.13525360822677612,0.8025968670845032,0.06214948371052742,0.125,768
raw_segment,2026,1,29,0.12706048786640167,0.8164200782775879,0.05651937797665596,0.12121212121212122,768
raw_segment,2026,1,30,0.12386829406023026,0.8196484446525574,0.05648330971598625,0.11764705882352941,768
raw_segment,2026,1,31,0.12436792999505997,0.8196074366569519,0.056024711579084396,0.11428571428571428,768
raw_segment,2026,1,32,0.13042894005775452,0.8239241242408752,0.04564695432782173,0.1111111111111111,768
raw_segment,2026,2,1,0.417629212141037,0.0,0.5823708176612854,0.8,1024
raw_segment,2026,2,2,0.3404823839664459,0.3454088568687439,0.3141087591648102,0.6666666666666666,1024
raw_segment,2026,2,3,0.2959132492542267,0.44060587882995605,0.26348090171813965,0.5714285714285714,1024
raw_segment,2026,2,4,0.25453218817710876,0.50144362449646,0.24402424693107605,0.5,1024
raw_segment,2026,2,5,0.2193126082420349,0.5541305541992188,0.22655686736106873,0.4444444444444444,1024
raw_segment,2026,2,6,0.19258195161819458,0.5995618104934692,0.20785623788833618,0.4,1024
raw_segment,2026,2,7,0.17224375903606415,0.6293449401855469,0.19841130077838898,0.36363636363636365,1024
raw_segment,2026,2,8,0.10589470714330673,0.6886284947395325,0.2054768055677414,0.3333333333333333,768
raw_segment,2026,2,9,0.09396619349718094,0.7131285667419434,0.1929052323102951,0.3076923076923077,768
raw_segment,2026,2,10,0.0806904211640358,0.731757640838623,0.18755190074443817,0.2857142857142857,768
raw_segment,2026,2,11,0.07382316142320633,0.7488681674003601,0.1773086041212082,0.26666666666666666,768
raw_segment,2026,2,12,0.06799257546663284,0.7579336762428284,0.1740737408399582,0.25,768
raw_segment,2026,2,13,0.06533507257699966,0.761929452419281,0.1727355271577835,0.23529411764705882,768
raw_segment,2026,2,14,0.06296892464160919,0.7684710025787354,0.16856007277965546,0.2222222222222222,768
raw_segment,2026,2,15,0.06169150397181511,0.7739724516868591,0.16433604061603546,0.21052631578947367,768
raw_segment,2026,2,16,0.05968217924237251,0.7790915369987488,0.161226287484169,0.2,768
raw_segment,2026,2,17,0.05766907334327698,0.7861621379852295,0.1561688333749771,0.19047619047619047,768
raw_segment,2026,2,18,0.05554124712944031,0.7904725670814514,0.15398617088794708,0.18181818181818182,768
raw_segment,2026,2,19,0.05355304479598999,0.7950379252433777,0.1514091044664383,0.17391304347826086,768
raw_segment,2026,2,20,0.05172232910990715,0.7939813733100891,0.15429626405239105,0.16666666666666666,768
raw_segment,2026,2,21,0.04910166934132576,0.797318696975708,0.15357965230941772,0.16,768
raw_segment,2026,2,22,0.04657185077667236,0.80757737159729,0.14585080742835999,0.15384615384615385,768
raw_segment,2026,2,23,0.043277863413095474,0.819401204586029,0.13732099533081055,0.14814814814814814,768
raw_segment,2026,2,24,0.04255278408527374,0.8257829546928406,0.13166429102420807,0.14285714285714285,768
raw_segment,2026,2,25,0.04085446894168854,0.8291415572166443,0.13000400364398956,0.13793103448275862,768
raw_segment,2026,2,26,0.04085240140557289,0.8327822089195251,0.12636537849903107,0.13333333333333333,768
raw_segment,2026,2,27,0.037900928407907486,0.8387594223022461,0.12333957105875015,0.12903225806451613,768
raw_segment,2026,2,28,0.035542409867048264,0.8444294333457947,0.12002819776535034,0.125,768
raw_segment,2026,2,29,0.03401685878634453,0.850355327129364,0.11562789231538773,0.12121212121212122,768
raw_segment,2026,2,30,0.03218088299036026,0.8614147305488586,0.10640432685613632,0.11764705882352941,768
raw_segment,2026,2,31,0.03215280547738075,0.8645723462104797,0.10327478498220444,0.11428571428571428,768
raw_segment,2026,2,32,0.037443116307258606,0.8438960909843445,0.1186608299612999,0.1111111111111111,768
raw_summary,42,0,1,0.7604036927223206,0.0,0.23959630727767944,0.8,1024
raw_summary,42,0,2,0.6351200342178345,0.17958475649356842,0.1852951943874359,0.6666666666666666,1024
raw_summary,42,0,3,0.5523365139961243,0.2952069640159607,0.15245649218559265,0.5714285714285714,1024
raw_summary,42,0,4,0.49024081230163574,0.3803529143333435,0.12940624356269836,0.5,1024
raw_summary,42,0,5,0.44105520844459534,0.4454902410507202,0.11345455795526505,0.4444444444444444,1024
raw_summary,42,0,6,0.40135979652404785,0.4974799156188965,0.10116028040647507,0.4,1024
raw_summary,42,0,7,0.36471784114837646,0.5430418252944946,0.09224039316177368,0.36363636363636365,1024
raw_summary,42,0,8,0.34251198172569275,0.5734338164329529,0.08405417203903198,0.3333333333333333,768
raw_summary,42,0,9,0.31943753361701965,0.603453516960144,0.0771089568734169,0.3076923076923077,768
raw_summary,42,0,10,0.30089572072029114,0.6275604367256165,0.07154381275177002,0.2857142857142857,768
raw_summary,42,0,11,0.2841317355632782,0.6488869190216064,0.06698135286569595,0.26666666666666666,768
raw_summary,42,0,12,0.2695442736148834,0.6683409810066223,0.06211471185088158,0.25,768
raw_summary,42,0,13,0.25478944182395935,0.6868599057197571,0.05835061892867088,0.23529411764705882,768
raw_summary,42,0,14,0.24182479083538055,0.702698290348053,0.055476922541856766,0.2222222222222222,768
raw_summary,42,0,15,0.23068690299987793,0.7172248959541321,0.052088260650634766,0.21052631578947367,768
raw_summary,42,0,16,0.22004568576812744,0.7302297949790955,0.0497245229780674,0.2,768
raw_summary,42,0,17,0.21131372451782227,0.7410799860954285,0.047606319189071655,0.19047619047619047,768
raw_summary,42,0,18,0.20334596931934357,0.7511069178581238,0.04554714262485504,0.18181818181818182,768
raw_summary,42,0,19,0.19560551643371582,0.7610673904418945,0.043327104300260544,0.17391304347826086,768
raw_summary,42,0,20,0.18844930827617645,0.7699490189552307,0.041601598262786865,0.16666666666666666,768
raw_summary,42,0,21,0.1826304942369461,0.7773687243461609,0.0400007925927639,0.16,768
raw_summary,42,0,22,0.17693984508514404,0.7846786379814148,0.03838154673576355,0.15384615384615385,768
raw_summary,42,0,23,0.1714145541191101,0.791041374206543,0.03754401579499245,0.14814814814814814,768
raw_summary,42,0,24,0.16628007590770721,0.7973549962043762,0.03636493533849716,0.14285714285714285,768
raw_summary,42,0,25,0.16032657027244568,0.8045551180839539,0.03511836752295494,0.13793103448275862,768
raw_summary,42,0,26,0.15619508922100067,0.8099668622016907,0.03383810445666313,0.13333333333333333,768
raw_summary,42,0,27,0.15063440799713135,0.816150963306427,0.03321462497115135,0.12903225806451613,768
raw_summary,42,0,28,0.14623716473579407,0.8214883804321289,0.03227442875504494,0.125,768
raw_summary,42,0,29,0.14235268533229828,0.8264191150665283,0.031228234991431236,0.12121212121212122,768
raw_summary,42,0,30,0.13826309144496918,0.8314576745033264,0.03027922846376896,0.11764705882352941,768
raw_summary,42,0,31,0.1341187208890915,0.8362826704978943,0.02959860861301422,0.11428571428571428,768
raw_summary,42,0,32,0.12918631732463837,0.842110812664032,0.02870291657745838,0.1111111111111111,768
raw_summary,42,1,1,0.765783429145813,0.0,0.23421654105186462,0.8,1024
raw_summary,42,1,2,0.6919211149215698,0.15431280434131622,0.15376603603363037,0.6666666666666666,1024
raw_summary,42,1,3,0.6499693989753723,0.23366880416870117,0.11636179685592651,0.5714285714285714,1024
raw_summary,42,1,4,0.6155424118041992,0.2863742411136627,0.09808334708213806,0.5,1024
raw_summary,42,1,5,0.5930955410003662,0.3198895752429962,0.08701488375663757,0.4444444444444444,1024
raw_summary,42,1,6,0.5653102397918701,0.3531613349914551,0.08152841031551361,0.4,1024
raw_summary,42,1,7,0.5457006692886353,0.3783707618713379,0.07592859864234924,0.36363636363636365,1024
raw_summary,42,1,8,0.50334233045578,0.4190850555896759,0.07757259905338287,0.3333333333333333,768
raw_summary,42,1,9,0.4849930703639984,0.44132092595100403,0.07368602603673935,0.3076923076923077,768
raw_summary,42,1,10,0.4620462656021118,0.4648955762386322,0.07305816560983658,0.2857142857142857,768
raw_summary,42,1,11,0.4516911506652832,0.47599878907203674,0.07231003791093826,0.26666666666666666,768
raw_summary,42,1,12,0.4383498728275299,0.48898252844810486,0.07266759127378464,0.25,768
raw_summary,42,1,13,0.4211346209049225,0.5045604109764099,0.07430500537157059,0.23529411764705882,768
raw_summary,42,1,14,0.4072050154209137,0.5173754096031189,0.07541962713003159,0.2222222222222222,768
raw_summary,42,1,15,0.38855382800102234,0.5341293811798096,0.07731682807207108,0.21052631578947367,768
raw_summary,42,1,16,0.37425729632377625,0.5475415587425232,0.07820112258195877,0.2,768
raw_summary,42,1,17,0.3649321496486664,0.5581777691841125,0.07689007371664047,0.19047619047619047,768
raw_summary,42,1,18,0.3498441278934479,0.5749500393867493,0.07520581781864166,0.18181818181818182,768
raw_summary,42,1,19,0.3413471281528473,0.585688054561615,0.07296480983495712,0.17391304347826086,768
raw_summary,42,1,20,0.34063729643821716,0.5894808769226074,0.06988180428743362,0.16666666666666666,768
raw_summary,42,1,21,0.3248198330402374,0.605131208896637,0.07004895061254501,0.16,768
raw_summary,42,1,22,0.31414687633514404,0.6157500147819519,0.07010312378406525,0.15384615384615385,768
raw_summary,42,1,23,0.3148617744445801,0.6165094375610352,0.06862884014844894,0.14814814814814814,768
raw_summary,42,1,24,0.30539020895957947,0.6258355379104614,0.0687742531299591,0.14285714285714285,768
raw_summary,42,1,25,0.30084070563316345,0.6301875710487366,0.06897171586751938,0.13793103448275862,768
raw_summary,42,1,26,0.29693761467933655,0.6350364089012146,0.06802599877119064,0.13333333333333333,768
raw_summary,42,1,27,0.2949928939342499,0.6386032700538635,0.066403828561306,0.12903225806451613,768
raw_summary,42,1,28,0.28403791785240173,0.651110827922821,0.06485124677419662,0.125,768
raw_summary,42,1,29,0.27580034732818604,0.6641557812690735,0.060043882578611374,0.12121212121212122,768
raw_summary,42,1,30,0.2681410312652588,0.6759288311004639,0.055930137634277344,0.11764705882352941,768
raw_summary,42,1,31,0.2631930112838745,0.6840636134147644,0.052743393927812576,0.11428571428571428,768
raw_summary,42,1,32,0.2626892626285553,0.6884098052978516,0.04890096187591553,0.1111111111111111,768
raw_summary,42,2,1,0.6888046264648438,0.0,0.311195433139801,0.8,1024
raw_summary,42,2,2,0.5789800882339478,0.2095046043395996,0.21151527762413025,0.6666666666666666,1024
raw_summary,42,2,3,0.5148956775665283,0.3110957741737366,0.1740085482597351,0.5714285714285714,1024
raw_summary,42,2,4,0.4677206873893738,0.3759211003780365,0.15635821223258972,0.5,1024
raw_summary,42,2,5,0.434459924697876,0.42319488525390625,0.14234519004821777,0.4444444444444444,1024
raw_summary,42,2,6,0.4039902985095978,0.4662271738052368,0.1297825425863266,0.4,1024
raw_summary,42,2,7,0.37863674759864807,0.5039113759994507,0.11745184659957886,0.36363636363636365,1024
raw_summary,42,2,8,0.31462112069129944,0.573693573474884,0.11168533563613892,0.3333333333333333,768
raw_summary,42,2,9,0.2983212471008301,0.5955832004547119,0.1060955598950386,0.3076923076923077,768
raw_summary,42,2,10,0.28300705552101135,0.6141770482063293,0.10281584411859512,0.2857142857142857,768
raw_summary,42,2,11,0.27526915073394775,0.6240897178649902,0.1006411537528038,0.26666666666666666,768
raw_summary,42,2,12,0.2652101516723633,0.635736882686615,0.09905292838811874,0.25,768
raw_summary,42,2,13,0.2553512156009674,0.6491363644599915,0.09551242738962173,0.23529411764705882,768
raw_summary,42,2,14,0.24685758352279663,0.6619056463241577,0.09123677015304565,0.2222222222222222,768
raw_summary,42,2,15,0.23764993250370026,0.6744074821472168,0.08794262260198593,0.21052631578947367,768
raw_summary,42,2,16,0.229684516787529,0.6852112412452698,0.08510417491197586,0.2,768
raw_summary,42,2,17,0.22641582787036896,0.6902629733085632,0.08332120627164841,0.19047619047619047,768
raw_summary,42,2,18,0.21917490661144257,0.6979674696922302,0.08285767585039139,0.18181818181818182,768
raw_summary,42,2,19,0.21376483142375946,0.7044405937194824,0.08179459720849991,0.17391304347826086,768
raw_summary,42,2,20,0.20968572795391083,0.7104704976081848,0.07984372228384018,0.16666666666666666,768
raw_summary,42,2,21,0.20309503376483917,0.7168881297111511,0.08001687377691269,0.16,768
raw_summary,42,2,22,0.19658946990966797,0.7238795161247253,0.07953096181154251,0.15384615384615385,768
raw_summary,42,2,23,0.19441282749176025,0.7264824509620667,0.07910468429327011,0.14814814814814814,768
raw_summary,42,2,24,0.18943701684474945,0.7310255169868469,0.07953748852014542,0.14285714285714285,768
raw_summary,42,2,25,0.18515880405902863,0.7354781031608582,0.07936318218708038,0.13793103448275862,768
raw_summary,42,2,26,0.18078391253948212,0.7403756976127625,0.0788404643535614,0.13333333333333333,768
raw_summary,42,2,27,0.18008089065551758,0.7415235638618469,0.07839557528495789,0.12903225806451613,768
raw_summary,42,2,28,0.17585086822509766,0.7438817620277405,0.08026739209890366,0.125,768
raw_summary,42,2,29,0.17347697913646698,0.7456250190734863,0.08089800924062729,0.12121212121212122,768
raw_summary,42,2,30,0.17125731706619263,0.7449443936347961,0.08379825949668884,0.11764705882352941,768
raw_summary,42,2,31,0.1712731122970581,0.7441182136535645,0.08460869640111923,0.11428571428571428,768
raw_summary,42,2,32,0.17098326981067657,0.7450389862060547,0.08397764712572098,0.1111111111111111,768
raw_summary,100,0,1,0.7866241335868835,0.0,0.21337586641311646,0.8,1024
raw_summary,100,0,2,0.6504418849945068,0.17354422807693481,0.17601394653320312,0.6666666666666666,1024
raw_summary,100,0,3,0.5557584166526794,0.29398420453071594,0.15025734901428223,0.5714285714285714,1024
raw_summary,100,0,4,0.48802754282951355,0.38174331188201904,0.1302291452884674,0.5,1024
raw_summary,100,0,5,0.4327518939971924,0.45177507400512695,0.11547303199768066,0.4444444444444444,1024
raw_summary,100,0,6,0.39181604981422424,0.5055602788925171,0.10262369364500046,0.4,1024
raw_summary,100,0,7,0.3554859459400177,0.5513761639595032,0.09313791245222092,0.36363636363636365,1024
raw_summary,100,0,8,0.32806769013404846,0.5870014429092407,0.08493086695671082,0.3333333333333333,768
raw_summary,100,0,9,0.3025556802749634,0.619221031665802,0.07822329550981522,0.3076923076923077,768
raw_summary,100,0,10,0.2828541696071625,0.6446625590324402,0.07248332351446152,0.2857142857142857,768
raw_summary,100,0,11,0.26401495933532715,0.6678181290626526,0.06816688925027847,0.26666666666666666,768
raw_summary,100,0,12,0.24961048364639282,0.6870713829994202,0.06331812590360641,0.25,768
raw_summary,100,0,13,0.2357466220855713,0.7048096656799316,0.05944371595978737,0.23529411764705882,768
raw_summary,100,0,14,0.2227979451417923,0.7209699749946594,0.05623200535774231,0.2222222222222222,768
raw_summary,100,0,15,0.2119205743074417,0.7350866198539734,0.05299285054206848,0.21052631578947367,768
raw_summary,100,0,16,0.2009381502866745,0.7483484148979187,0.0507134385406971,0.2,768
raw_summary,100,0,17,0.19185049831867218,0.759821891784668,0.04832761362195015,0.19047619047619047,768
raw_summary,100,0,18,0.18412351608276367,0.7696962952613831,0.04618018865585327,0.18181818181818182,768
raw_summary,100,0,19,0.17646145820617676,0.7798706889152527,0.04366791248321533,0.17391304347826086,768
raw_summary,100,0,20,0.16868610680103302,0.7892041206359863,0.04210970923304558,0.16666666666666666,768
raw_summary,100,0,21,0.1626901477575302,0.7968680262565613,0.04044182971119881,0.16,768
raw_summary,100,0,22,0.1571214646100998,0.8041899800300598,0.03868858143687248,0.15384615384615385,768
raw_summary,100,0,23,0.15121006965637207,0.8112280964851379,0.03756175562739372,0.14814814814814814,768
raw_summary,100,0,24,0.14630351960659027,0.8174846768379211,0.03621179237961769,0.14285714285714285,768
raw_summary,100,0,25,0.1414199322462082,0.8235909342765808,0.03498917818069458,0.13793103448275862,768
raw_summary,100,0,26,0.1374453753232956,0.8289964199066162,0.03355814516544342,0.13333333333333333,768
raw_summary,100,0,27,0.13289447128772736,0.8343014717102051,0.03280409052968025,0.12903225806451613,768
raw_summary,100,0,28,0.1290045827627182,0.8392288684844971,0.031766537576913834,0.125,768
raw_summary,100,0,29,0.1254095882177353,0.8437728881835938,0.030817560851573944,0.12121212121212122,768
raw_summary,100,0,30,0.121554434299469,0.8487000465393066,0.02974552847445011,0.11764705882352941,768
raw_summary,100,0,31,0.11814982444047928,0.8527856469154358,0.02906445972621441,0.11428571428571428,768
raw_summary,100,0,32,0.1147017702460289,0.8568719029426575,0.028426289558410645,0.1111111111111111,768
raw_summary,100,1,1,0.7530580759048462,0.0,0.246941938996315,0.8,1024
raw_summary,100,1,2,0.6666750907897949,0.15931475162506104,0.17401020228862762,0.6666666666666666,1024
raw_summary,100,1,3,0.6167023181915283,0.2430776059627533,0.140220046043396,0.5714285714285714,1024
raw_summary,100,1,4,0.5775166153907776,0.30113649368286133,0.1213468462228775,0.5,1024
raw_summary,100,1,5,0.5549558401107788,0.3411274254322052,0.10391674935817719,0.4444444444444444,1024
raw_summary,100,1,6,0.530802309513092,0.37649834156036377,0.09269934892654419,0.4,1024
raw_summary,100,1,7,0.5184963941574097,0.39713719487190247,0.08436641842126846,0.36363636363636365,1024
raw_summary,100,1,8,0.49550676345825195,0.418692022562027,0.08580124378204346,0.3333333333333333,768
raw_summary,100,1,9,0.4838511645793915,0.43293797969818115,0.08321087062358856,0.3076923076923077,768
raw_summary,100,1,10,0.4664595127105713,0.4523952901363373,0.08114520460367203,0.2857142857142857,768
raw_summary,100,1,11,0.460085391998291,0.4638333320617676,0.076081283390522,0.26666666666666666,768
raw_summary,100,1,12,0.4489818513393402,0.4788760244846344,0.0721421167254448,0.25,768
raw_summary,100,1,13,0.4360370934009552,0.4940439760684967,0.0699189081788063,0.23529411764705882,768
raw_summary,100,1,14,0.4252939224243164,0.5077264904975891,0.06697963923215866,0.2222222222222222,768
raw_summary,100,1,15,0.40761303901672363,0.5275235772132874,0.06486339122056961,0.21052631578947367,768
raw_summary,100,1,16,0.3949306011199951,0.541780412197113,0.06328903883695602,0.2,768
raw_summary,100,1,17,0.3838232457637787,0.5548928380012512,0.06128397211432457,0.19047619047619047,768
raw_summary,100,1,18,0.3672294616699219,0.571649432182312,0.06112109497189522,0.18181818181818182,768
raw_summary,100,1,19,0.3543767035007477,0.5848142504692078,0.06080904230475426,0.17391304347826086,768
raw_summary,100,1,20,0.351569801568985,0.5887463688850403,0.059683799743652344,0.16666666666666666,768
raw_summary,100,1,21,0.3325760066509247,0.6083922982215881,0.0590316541492939,0.16,768
raw_summary,100,1,22,0.31694209575653076,0.623996376991272,0.05906148627400398,0.15384615384615385,768
raw_summary,100,1,23,0.31468725204467773,0.6279527544975281,0.057359982281923294,0.14814814814814814,768
raw_summary,100,1,24,0.30012813210487366,0.6409479975700378,0.05892384052276611,0.14285714285714285,768
raw_summary,100,1,25,0.2898602783679962,0.6505334377288818,0.05960625782608986,0.13793103448275862,768
raw_summary,100,1,26,0.2809114158153534,0.6583583354949951,0.060730259865522385,0.13333333333333333,768
raw_summary,100,1,27,0.2772286832332611,0.6604391932487488,0.06233208253979683,0.12903225806451613,768
raw_summary,100,1,28,0.2641206681728363,0.6707665324211121,0.06511277705430984,0.125,768
raw_summary,100,1,29,0.25383877754211426,0.681577742099762,0.06458347290754318,0.12121212121212122,768
raw_summary,100,1,30,0.24285979568958282,0.695704460144043,0.06143572926521301,0.11764705882352941,768
raw_summary,100,1,31,0.23028866946697235,0.7143325805664062,0.05537876486778259,0.11428571428571428,768
raw_summary,100,1,32,0.2206927388906479,0.7319555878639221,0.04735163226723671,0.1111111111111111,768
raw_summary,100,2,1,0.7066829204559326,0.0,0.29331710934638977,0.8,1024
raw_summary,100,2,2,0.5860446691513062,0.20946313440799713,0.2044922113418579,0.6666666666666666,1024
raw_summary,100,2,3,0.5126303434371948,0.3242037892341614,0.1631658673286438,0.5714285714285714,1024
raw_summary,100,2,4,0.4632531404495239,0.3961401879787445,0.14060670137405396,0.5,1024
raw_summary,100,2,5,0.42688465118408203,0.44680923223495483,0.12630613148212433,0.4444444444444444,1024
raw_summary,100,2,6,0.39794817566871643,0.48644042015075684,0.11561138927936554,0.4,1024
raw_summary,100,2,7,0.37401485443115234,0.5207899808883667,0.10519516468048096,0.36363636363636365,1024
raw_summary,100,2,8,0.34338095784187317,0.5555228590965271,0.10109613090753555,0.3333333333333333,768
raw_summary,100,2,9,0.3265397250652313,0.5786123871803284,0.09484792500734329,0.3076923076923077,768
raw_summary,100,2,10,0.31106504797935486,0.5986234545707703,0.09031146764755249,0.2857142857142857,768
raw_summary,100,2,11,0.2971249520778656,0.6164400577545166,0.08643502742052078,0.26666666666666666,768
raw_summary,100,2,12,0.28694507479667664,0.6301801800727844,0.08287470787763596,0.25,768
raw_summary,100,2,13,0.2768712043762207,0.6439785957336426,0.07915017008781433,0.23529411764705882,768
raw_summary,100,2,14,0.26772770285606384,0.65651935338974,0.07575293630361557,0.2222222222222222,768
raw_summary,100,2,15,0.2597008943557739,0.6657608151435852,0.07453825324773788,0.21052631578947367,768
raw_summary,100,2,16,0.25204727053642273,0.6744804978370667,0.07347225397825241,0.2,768
raw_summary,100,2,17,0.24381202459335327,0.6837202906608582,0.07246775925159454,0.19047619047619047,768
raw_summary,100,2,18,0.2354803830385208,0.6932881474494934,0.0712314024567604,0.18181818181818182,768
raw_summary,100,2,19,0.22600157558918,0.7053212523460388,0.06867716461420059,0.17391304347826086,768
raw_summary,100,2,20,0.21825267374515533,0.7150490880012512,0.06669824570417404,0.16666666666666666,768
raw_summary,100,2,21,0.21023207902908325,0.7253479361534119,0.06442002207040787,0.16,768
raw_summary,100,2,22,0.20310650765895844,0.7330513000488281,0.06384221464395523,0.15384615384615385,768
raw_summary,100,2,23,0.19824248552322388,0.7372224926948547,0.06453496962785721,0.14814814814814814,768
raw_summary,100,2,24,0.19403429329395294,0.7418289184570312,0.06413684785366058,0.14285714285714285,768
raw_summary,100,2,25,0.19033671915531158,0.7471811771392822,0.06248211860656738,0.13793103448275862,768
raw_summary,100,2,26,0.18670479953289032,0.7518194317817688,0.06147576868534088,0.13333333333333333,768
raw_summary,100,2,27,0.1826428323984146,0.7569169998168945,0.06044016405940056,0.12903225806451613,768
raw_summary,100,2,28,0.17689645290374756,0.7611770629882812,0.061926454305648804,0.125,768
raw_summary,100,2,29,0.1707349270582199,0.7648114562034607,0.0644536092877388,0.12121212121212122,768
raw_summary,100,2,30,0.16534753143787384,0.7693077921867371,0.0653446689248085,0.11764705882352941,768
raw_summary,100,2,31,0.16100408136844635,0.7787396311759949,0.060256242752075195,0.11428571428571428,768
raw_summary,100,2,32,0.15730082988739014,0.7904234528541565,0.052275706082582474,0.1111111111111111,768
raw_summary,2026,0,1,0.7863619923591614,0.0,0.21363800764083862,0.8,1024
raw_summary,2026,0,2,0.6531527042388916,0.1725735366344452,0.17427372932434082,0.6666666666666666,1024
raw_summary,2026,0,3,0.5602531433105469,0.29094958305358887,0.14879734814167023,0.5714285714285714,1024
raw_summary,2026,0,4,0.4920518398284912,0.3784181475639343,0.12953002750873566,0.5,1024
raw_summary,2026,0,5,0.43717288970947266,0.4475671648979187,0.11525993049144745,0.4444444444444444,1024
raw_summary,2026,0,6,0.3960341513156891,0.5007266402244568,0.10323923081159592,0.4,1024
raw_summary,2026,0,7,0.35820645093917847,0.5478347539901733,0.093958780169487,0.36363636363636365,1024
raw_summary,2026,0,8,0.3315542936325073,0.5830321311950684,0.08541357517242432,0.3333333333333333,768
raw_summary,2026,0,9,0.305620402097702,0.6159119606018066,0.07846764475107193,0.3076923076923077,768
raw_summary,2026,0,10,0.2849290072917938,0.642503559589386,0.07256743311882019,0.2857142857142857,768
raw_summary,2026,0,11,0.2657845616340637,0.6661536693572998,0.06806176900863647,0.26666666666666666,768
raw_summary,2026,0,12,0.2507290542125702,0.6857684254646301,0.0635024905204773,0.25,768
raw_summary,2026,0,13,0.23688362538814545,0.7034304738044739,0.05968591570854187,0.23529411764705882,768
raw_summary,2026,0,14,0.22409115731716156,0.7192163467407227,0.05669249966740608,0.2222222222222222,768
raw_summary,2026,0,15,0.21372945606708527,0.7327221035957336,0.05354844406247139,0.21052631578947367,768
raw_summary,2026,0,16,0.20423944294452667,0.7444553971290588,0.05130511522293091,0.2,768
raw_summary,2026,0,17,0.1956349015235901,0.755662739276886,0.04870234802365303,0.19047619047619047,768
raw_summary,2026,0,18,0.1884579211473465,0.7648455500602722,0.046696603298187256,0.18181818181818182,768
raw_summary,2026,0,19,0.1814807504415512,0.774465799331665,0.04405347630381584,0.17391304347826086,768
raw_summary,2026,0,20,0.1733008623123169,0.7842786908149719,0.042420465499162674,0.16666666666666666,768
raw_summary,2026,0,21,0.16726727783679962,0.7920768857002258,0.040655795484781265,0.16,768
raw_summary,2026,0,22,0.16175039112567902,0.7992580533027649,0.038991473615169525,0.15384615384615385,768
raw_summary,2026,0,23,0.15654221177101135,0.8054991364479065,0.03795861825346947,0.14814814814814814,768
raw_summary,2026,0,24,0.15187205374240875,0.8114330172538757,0.0366949699819088,0.14285714285714285,768
raw_summary,2026,0,25,0.14653635025024414,0.8180279731750488,0.03543560579419136,0.13793103448275862,768
raw_summary,2026,0,26,0.14229115843772888,0.8236744999885559,0.034034330397844315,0.13333333333333333,768
raw_summary,2026,0,27,0.13772159814834595,0.8291428685188293,0.03313552960753441,0.12903225806451613,768
raw_summary,2026,0,28,0.13414131104946136,0.833865225315094,0.031993478536605835,0.125,768
raw_summary,2026,0,29,0.13031701743602753,0.8387674689292908,0.030915535986423492,0.12121212121212122,768
raw_summary,2026,0,30,0.1267252415418625,0.8434144854545593,0.029860317707061768,0.11764705882352941,768
raw_summary,2026,0,31,0.12344980239868164,0.8473677635192871,0.02918245457112789,0.11428571428571428,768
raw_summary,2026,0,32,0.11935380846261978,0.8521707653999329,0.028475431725382805,0.1111111111111111,768
raw_summary,2026,1,1,0.7234318256378174,0.0,0.27656814455986023,0.8,1024
raw_summary,2026,1,2,0.6006560325622559,0.203504279255867,0.19583973288536072,0.6666666666666666,1024
raw_summary,2026,1,3,0.5286597013473511,0.325096994638443,0.14624330401420593,0.5714285714285714,1024
raw_summary,2026,1,4,0.4753844738006592,0.4052174985408783,0.11939803510904312,0.5,1024
raw_summary,2026,1,5,0.4362980127334595,0.46094760298728943,0.1027543842792511,0.4444444444444444,1024
raw_summary,2026,1,6,0.3996323049068451,0.5041983723640442,0.09616933763027191,0.4,1024
raw_summary,2026,1,7,0.3758862614631653,0.5327876806259155,0.09132611751556396,0.36363636363636365,1024
raw_summary,2026,1,8,0.3683145046234131,0.5514023303985596,0.08028317242860794,0.3333333333333333,768
raw_summary,2026,1,9,0.3522450029850006,0.569206178188324,0.0785488411784172,0.3076923076923077,768
raw_summary,2026,1,10,0.332778662443161,0.5894132852554321,0.07780808210372925,0.2857142857142857,768
raw_summary,2026,1,11,0.3237649202346802,0.5999209880828857,0.07631406933069229,0.26666666666666666,768
raw_summary,2026,1,12,0.3103954493999481,0.6163997650146484,0.07320479303598404,0.25,768
raw_summary,2026,1,13,0.29585355520248413,0.6313095092773438,0.07283692806959152,0.23529411764705882,768
raw_summary,2026,1,14,0.28633323311805725,0.6401939392089844,0.07347284257411957,0.2222222222222222,768
raw_summary,2026,1,15,0.27430498600006104,0.6531280279159546,0.07256700843572617,0.21052631578947367,768
raw_summary,2026,1,16,0.26938214898109436,0.6586427092552185,0.07197513431310654,0.2,768
raw_summary,2026,1,17,0.26795244216918945,0.6621448397636414,0.06990274786949158,0.19047619047619047,768
raw_summary,2026,1,18,0.25872910022735596,0.6696555614471436,0.07161533087491989,0.18181818181818182,768
raw_summary,2026,1,19,0.2515961825847626,0.6724737286567688,0.07593006640672684,0.17391304347826086,768
raw_summary,2026,1,20,0.2555607259273529,0.6665174961090088,0.0779217854142189,0.16666666666666666,768
raw_summary,2026,1,21,0.24295319616794586,0.6742551922798157,0.08279160410165787,0.16,768
raw_summary,2026,1,22,0.23206192255020142,0.6829407215118408,0.08499729633331299,0.15384615384615385,768
raw_summary,2026,1,23,0.23137407004833221,0.6850411891937256,0.08358476310968399,0.14814814814814814,768
raw_summary,2026,1,24,0.21900244057178497,0.6986247897148132,0.08237270265817642,0.14285714285714285,768
raw_summary,2026,1,25,0.21306157112121582,0.7070941925048828,0.07984421402215958,0.13793103448275862,768
raw_summary,2026,1,26,0.20724909007549286,0.7168992161750793,0.07585173845291138,0.13333333333333333,768
raw_summary,2026,1,27,0.20757734775543213,0.7217564582824707,0.07066617906093597,0.12903225806451613,768
raw_summary,2026,1,28,0.20161771774291992,0.7301319241523743,0.06825034320354462,0.125,768
raw_summary,2026,1,29,0.1968022584915161,0.7351805567741394,0.06801723688840866,0.12121212121212122,768
raw_summary,2026,1,30,0.1902955323457718,0.7409887313842773,0.06871580332517624,0.11764705882352941,768
raw_summary,2026,1,31,0.18248116970062256,0.7452712655067444,0.07224754989147186,0.11428571428571428,768
raw_summary,2026,1,32,0.18089406192302704,0.7463529109954834,0.07275305688381195,0.1111111111111111,768
raw_summary,2026,2,1,0.7493058443069458,0.0,0.2506941556930542,0.8,1024
raw_summary,2026,2,2,0.6294844746589661,0.17905890941619873,0.19145655632019043,0.6666666666666666,1024
raw_summary,2026,2,3,0.5574950575828552,0.28420889377593994,0.15829604864120483,0.5714285714285714,1024
raw_summary,2026,2,4,0.5110739469528198,0.3515571355819702,0.137368842959404,0.5,1024
raw_summary,2026,2,5,0.478622704744339,0.39842525124549866,0.12295205891132355,0.4444444444444444,1024
raw_summary,2026,2,6,0.4533711075782776,0.4346407651901245,0.1119881346821785,0.4,1024
raw_summary,2026,2,7,0.43151360750198364,0.4638737738132477,0.10461264848709106,0.36363636363636365,1024
raw_summary,2026,2,8,0.3664321005344391,0.5251877903938293,0.10838005691766739,0.3333333333333333,768
raw_summary,2026,2,9,0.3472626507282257,0.5475617051124573,0.10517564415931702,0.3076923076923077,768
raw_summary,2026,2,10,0.33094701170921326,0.5681837201118469,0.10086923092603683,0.2857142857142857,768
raw_summary,2026,2,11,0.3192591369152069,0.5822104811668396,0.0985303744673729,0.26666666666666666,768
raw_summary,2026,2,12,0.31041160225868225,0.5940003395080566,0.09558800607919693,0.25,768
raw_summary,2026,2,13,0.3027489483356476,0.6064147353172302,0.09083632379770279,0.23529411764705882,768
raw_summary,2026,2,14,0.2979850769042969,0.615216076374054,0.08679884672164917,0.2222222222222222,768
raw_summary,2026,2,15,0.293086975812912,0.6238858103752136,0.083027184009552,0.21052631578947367,768
raw_summary,2026,2,16,0.2875293493270874,0.6327856779098511,0.07968495041131973,0.2,768
raw_summary,2026,2,17,0.2811969220638275,0.6404730677604675,0.07833003252744675,0.19047619047619047,768
raw_summary,2026,2,18,0.27504149079322815,0.6478506922721863,0.07710785418748856,0.18181818181818182,768
raw_summary,2026,2,19,0.26886245608329773,0.6556763648986816,0.07546120136976242,0.17391304347826086,768
raw_summary,2026,2,20,0.26193493604660034,0.6630077958106995,0.07505721598863602,0.16666666666666666,768
raw_summary,2026,2,21,0.25445905327796936,0.6709763407707214,0.074564628303051,0.16,768
raw_summary,2026,2,22,0.24730002880096436,0.6795684695243835,0.0731315091252327,0.15384615384615385,768
raw_summary,2026,2,23,0.2428228110074997,0.6854842305183411,0.07169290632009506,0.14814814814814814,768
raw_summary,2026,2,24,0.23904334008693695,0.6917527318000793,0.06920389086008072,0.14285714285714285,768
raw_summary,2026,2,25,0.2363172322511673,0.6972295641899109,0.06645325571298599,0.13793103448275862,768
raw_summary,2026,2,26,0.23361057043075562,0.7026078104972839,0.06378164887428284,0.13333333333333333,768
raw_summary,2026,2,27,0.22989153861999512,0.7083671689033508,0.06174134090542793,0.12903225806451613,768
raw_summary,2026,2,28,0.224947988986969,0.7159515023231506,0.05910046026110649,0.125,768
raw_summary,2026,2,29,0.22066758573055267,0.7205815315246582,0.05875089392066002,0.12121212121212122,768
raw_summary,2026,2,30,0.21775798499584198,0.7244556546211243,0.05778639391064644,0.11764705882352941,768
raw_summary,2026,2,31,0.21787798404693604,0.7270593047142029,0.05506275221705437,0.11428571428571428,768
raw_summary,2026,2,32,0.21691663563251495,0.7332803606987,0.04980303719639778,0.1111111111111111,768
