target,beta,label,primary,primary_lower,primary_upper,difference,difference_lower,difference_upper,difference_per_seed,summary_mass_layer0,summary_mass_layer1,summary_mass_layer2,buffer_mass_layer0,buffer_mass_layer1,buffer_mass_layer2
none,0.0,retained,29.053385416666668,26.21728515625,32.09817708333333,0.0,0.0,0.0,42: +0.0000; 100: +0.0000; 2026: +0.0000,0.4097820222377777,0.2580123543739319,0.2491031140089035,0.4484846889972687,0.6211830377578735,0.6013224720954895
buffer,1.0,buffer-read-bias-1,23.302083333333332,20.311165364583335,26.2421875,-5.751302083333333,-9.76220703125,-2.284960937500001,42: -3.4219; 100: -9.8477; 2026: -3.9844,0.49445971846580505,0.34772276878356934,0.36287179589271545,0.3008919656276703,0.4747548997402191,0.4227719306945801
buffer,2.0,buffer-read-bias-2,9.71875,5.357779947916668,14.452441406249996,-19.334635416666668,-25.459374999999994,-13.62470703125,42: -18.8945; 100: -25.6719; 2026: -13.4375,0.5679022669792175,0.46700647473335266,0.4900551736354828,0.17619283497333527,0.3118698298931122,0.24677711725234985
buffer,4.0,buffer-read-bias-4,5.115885416666667,2.730078125000001,8.000097656249999,-23.9375,-28.04951171875,-20.11705729166667,42: -23.3477; 100: -27.9805; 2026: -20.4844,0.6493191719055176,0.6002791523933411,0.6047971844673157,0.04895174130797386,0.1008799746632576,0.06343647092580795
buffer,8.0,buffer-read-bias-8,3.9010416666666665,2.1157877604166666,5.949251302083333,-25.15234375,-28.9927734375,-21.734114583333334,42: -23.4961; 100: -28.9258; 2026: -23.0352,0.6793535351753235,0.6611728072166443,0.6427810788154602,0.0024511809460818768,0.004843052476644516,0.0016971997683867812
buffer,inf,buffer-read-bias-inf,3.25390625,1.28515625,5.488704427083331,-25.799479166666668,-30.21494140625,-22.124446614583338,42: -24.2148; 100: -30.0977; 2026: -23.0859,0.6803101897239685,0.6652881503105164,0.6442956328392029,0.0,0.0,0.0
summary,1.0,summary-read-bias-1,29.016927083333332,26.245540364583334,31.80384114583333,-0.036458333333333336,-1.71103515625,1.6837565104166659,42: +0.6211; 100: -0.3359; 2026: -0.3945,0.2901012897491455,0.17861676216125488,0.15355701744556427,0.5394853353500366,0.6841171383857727,0.6753790974617004
summary,2.0,summary-read-bias-2,25.565104166666668,22.43994140625,28.826888020833334,-3.48828125,-5.408854166666667,-1.4100585937500005,42: -4.9258; 100: -3.0000; 2026: -2.5391,0.18842726945877075,0.12092385441064835,0.09515565633773804,0.6162167191505432,0.7314497828483582,0.7210920453071594
summary,4.0,summary-read-bias-4,11.981770833333334,9.677018229166668,14.348177083333331,-17.071614583333332,-19.442740885416665,-14.487500000000004,42: -17.6523; 100: -18.5273; 2026: -15.0352,0.04992545768618584,0.04258096218109131,0.031255900859832764,0.7218639850616455,0.7967286705970764,0.7746253609657288
summary,8.0,summary-read-bias-8,3.1067708333333335,2.1744140625,4.2774414062499995,-25.946614583333332,-28.71888020833333,-23.463476562500002,42: -24.7461; 100: -28.4453; 2026: -24.6484,0.0009929188527166843,0.0029273645486682653,0.0010147495195269585,0.7624964714050293,0.8290891647338867,0.8029707074165344
summary,inf,summary-read-bias-inf,3.0104166666666665,2.0402343750000003,4.263053385416666,-26.04296875,-29.020052083333333,-23.35537109375,42: -25.1523; 100: -28.7383; 2026: -24.2383,0.0,0.0,0.0,0.7642316818237305,0.8312543034553528,0.8037132620811462
