reading,layer,estimate,lower,upper,per_seed,positive_seeds,negative_seeds,tasks,delta,declared_rule_holds
"A1 RSM - w/o memory, summary mass, positions 2-32",0,0.3441704117750047,0.32071893175301464,0.3693213126784378,42: +0.3422; 100: +0.3701; 2026: +0.3202,3,0,256,,
"A1 RSM - w/o memory, summary mass, positions 2-32",1,0.1756367462876859,0.15231052562465977,0.19321293049700797,42: +0.1812; 100: +0.1521; 2026: +0.1936,3,0,256,,
"A1 RSM - w/o memory, summary mass, positions 2-32",2,0.08430038687604545,0.04767831560331216,0.11672042562331793,42: +0.0891; 100: +0.1170; 2026: +0.0469,3,0,256,,
"A3 later-attempt starts - attempt-1 starts, position-adjusted summary mass",0,0.0174907408621835,0.00974048516576777,0.027415088843179516,42: +0.0120; 100: +0.0263; 2026: +0.0142,3,0,256,,
"A3 later-attempt starts - attempt-1 starts, position-adjusted summary mass",1,-0.0069576873019110185,-0.01831963734635588,0.004071898011224621,42: -0.0189; 100: -0.0017; 2026: -0.0003,0,3,256,,
"A3 later-attempt starts - attempt-1 starts, position-adjusted summary mass",2,-0.006959874331327155,-0.01694936278318759,0.003985438299746693,42: +0.0057; 100: -0.0151; 2026: -0.0115,1,2,256,,
B1 summary reads blocked - retained,,-26.04296875,-29.020052083333333,-23.35537109375,42: -25.1523; 100: -28.7383; 2026: -24.2383,0,3,256,1.0,True
B3 buffer reads blocked - retained,,-25.799479166666668,-30.21494140625,-22.124446614583338,42: -24.2148; 100: -30.0977; 2026: -23.0859,0,3,256,1.0,
w/o memory primary (reference),,2.0416666666666665,1.6471354166666667,2.7553385416666663,,,,,,
