history,cell,budget,seed,finished_laps_mean,calls_lap_1,calls_lap_2,calls_lap_3,calls_lap_4,calls_lap_5,calls_lap_6,calls_lap_7,calls_lap_8,calls_lap_9,calls_lap_10,calls_lap_11,calls_lap_12
retained,raw_summary_residual,4000,42,33.46875,214.47265625,240.60546875,250.6328125,257.7265625,261.078125,268.67578125,272.484375,158.10119047619048,137.66666666666666,118.94244604316546,134.0814814814815,129.25384615384615
retained,raw_summary_residual,4000,100,25.2890625,211.53515625,220.734375,237.1953125,245.33984375,253.6875,257.94921875,265.6484375,172.87078651685394,154.55345911949686,156.56953642384107,146.2237762237762,146.91970802919707
retained,raw_summary_residual,4000,2026,29.31640625,230.171875,241.8125,259.6953125,267.02734375,284.7578125,284.76953125,290.97265625,206.01764705882354,179.1456953642384,177.7753623188406,171.015873015873,175.9504132231405
retained,raw_summary,4000,42,71.3046875,194.28515625,186.265625,185.44921875,181.39453125,180.5,190.3671875,185.8125,131.72093023255815,103.78325123152709,92.95408163265306,86.23936170212765,81.80327868852459
retained,raw_summary,4000,100,67.9609375,203.953125,200.82421875,207.08984375,204.96484375,197.703125,206.60546875,196.7890625,148.54502369668248,120.3076923076923,104.22105263157894,92.17127071823204,83.97714285714285
retained,raw_summary,4000,2026,75.5,190.99609375,189.30859375,190.8671875,188.99609375,183.0390625,183.53125,190.8203125,110.02415458937197,99.28426395939087,86.98952879581152,72.97282608695652,71.08791208791209
retained,raw_segment,4000,42,58.3125,217.58984375,214.15234375,218.7265625,215.890625,216.078125,214.29296875,213.1484375,106.79255319148936,81.86111111111111,84.24137931034483,76.56140350877193,74.55294117647058
retained,raw_segment,4000,100,48.27734375,222.59765625,235.1171875,232.203125,232.15234375,221.828125,226.03515625,225.98828125,147.253807106599,124.45945945945945,114.51412429378531,95.04705882352941,86.2638036809816
retained,raw_segment,4000,2026,50.3359375,248.32421875,266.0625,261.9140625,269.20703125,249.875,268.6484375,251.09375,142.75301204819277,107.89873417721519,103.62091503267973,81.79194630872483,97.67605633802818
retained,full_context,4000,42,11.8984375,269.90625,349.1796875,352.46875,368.61328125,395.328125,404.1796875,409.78125,376.9761904761905,340.63793103448273,349.5217391304348,297.18918918918916,309.6984126984127
retained,full_context,4000,100,13.6875,246.39453125,309.80859375,331.90625,349.3203125,367.734375,384.19921875,398.4140625,350.20958083832335,326.44444444444446,291.18446601941747,283.64367816091954,240.43835616438355
retained,full_context,4000,2026,11.703125,266.06640625,348.0703125,350.39453125,373.87890625,401.1015625,405.42578125,422.4375,365.7866666666667,340.43243243243245,309.0344827586207,304.46666666666664,284.3333333333333
retained,full_gru,4000,42,52.13671875,291.7109375,291.40625,281.5234375,280.734375,288.37890625,272.40234375,289.234375,129.10666666666665,82.07352941176471,79.56296296296296,91.07575757575758,65.47286821705427
retained,full_gru,4000,100,51.453125,297.01953125,274.66015625,280.9765625,284.20703125,277.46875,277.48046875,281.33203125,127.76821192052981,94.16058394160584,79.37593984962406,60.98461538461538,67.64566929133858
retained,full_gru,4000,2026,54.1328125,277.56640625,289.875,279.5078125,282.42578125,276.8046875,278.62109375,276.41015625,135.83870967741936,98.98601398601399,84.125,74.41221374045801,70.2734375
retained,memo,4000,42,16.05859375,152.55859375,213.0546875,257.1171875,280.65234375,313.18359375,331.0859375,337.765625,305.34285714285716,290.61046511627904,284.72847682119203,250.38582677165354,241.4678899082569
retained,memo,4000,100,22.9765625,182.046875,215.21875,235.9921875,254.90234375,250.05078125,265.421875,276.21484375,207.6,191.0632183908046,189.8238993710692,161.43537414965985,147.18571428571428
retained,memo,4000,2026,15.49609375,155.65625,208.05078125,245.27734375,265.24609375,296.5859375,303.734375,312.80078125,295.5933014354067,275.95953757225436,228.47619047619048,237.55725190839695,237.89473684210526
retained,memo_fixed,4000,42,25.1796875,189.3203125,221.484375,230.68359375,239.81640625,240.49609375,261.60546875,263.04296875,212.915,166.80357142857142,153.99354838709678,155.35099337748343,156.17361111111111
retained,memo_fixed,4000,100,23.90234375,155.4921875,198.7421875,246.99609375,262.734375,261.5625,270.82421875,284.12890625,255.8294930875576,237.1216931216931,182.77639751552795,182.52,184.18705035971223
retained,memo_fixed,4000,2026,20.90625,188.16015625,242.125,263.98046875,263.01953125,280.88671875,289.5859375,308.4453125,241.11557788944722,211.4550898203593,168.8639455782313,154.76296296296297,151.192
