protocol,split,checkpoint_rule,panel_role,contrast,contrast_role,left,right,metric,estimate,lower,upper,per_seed,per_seed_task_bootstrap,positive_seeds,seeds,tasks,delta,meets_delta,excludes_zero,disposition
count-recall-medium,confirmation,endpoint,primary,Memo - Memo fixed,companion,memo,memo_fixed,exact_accuracy,0.012161205501618122,0.006825192152103561,0.017787659283980576,"42: +0.016, 100: +0.006, 2026: +0.015","42: [+0.011, +0.020]; 100: [+0.004, +0.008]; 2026: [+0.011, +0.019]",3,3,256,0.05,False,True,inconclusive
count-recall-medium,confirmation,endpoint,primary,GRU - Memo,companion,full_gru,memo,exact_accuracy,-0.025978458737864075,-0.07016080097087378,0.025675060679611644,"42: +0.026, 100: -0.033, 2026: -0.071","42: [+0.023, +0.029]; 100: [-0.037, -0.028]; 2026: [-0.075, -0.067]",1,3,256,0.05,False,False,inconclusive
count-recall-medium,confirmation,endpoint,primary,RSM - RSM no carry,companion,raw_summary,raw_segment,exact_accuracy,0.3094660194174757,0.2922349059466019,0.33032937651699024,"42: +0.295, 100: +0.303, 2026: +0.331","42: [+0.284, +0.305]; 100: [+0.292, +0.313]; 2026: [+0.321, +0.342]",3,3,256,0.05,True,True,consistent practical gain
count-recall-medium,confirmation,endpoint,primary,full history - RSM,companion,full_context,raw_summary,exact_accuracy,0.00929156553398058,0.00670004045307443,0.012338187702265371,"42: +0.010, 100: +0.010, 2026: +0.008","42: [+0.008, +0.012]; 100: [+0.007, +0.014]; 2026: [+0.006, +0.010]",3,3,256,0.05,False,True,inconclusive
count-recall-medium,confirmation,endpoint,primary,RSM - Memo,companion,raw_summary,memo,exact_accuracy,0.03295661407766989,0.024612219356796104,0.04207467384708734,"42: +0.043, 100: +0.032, 2026: +0.024","42: [+0.039, +0.046]; 100: [+0.027, +0.037]; 2026: [+0.022, +0.027]",3,3,256,0.05,False,True,inconclusive
count-recall-medium,confirmation,endpoint,primary,RSM - Memo fixed,companion,raw_summary,memo_fixed,exact_accuracy,0.04511781957928801,0.0365212252224919,0.057270175970873735,"42: +0.058, 100: +0.038, 2026: +0.039","42: [+0.054, +0.063]; 100: [+0.034, +0.042]; 2026: [+0.036, +0.042]",3,3,256,0.05,False,True,inconclusive
count-recall-medium,confirmation,endpoint,primary,RSM - GRU,companion,raw_summary,full_gru,exact_accuracy,0.05893507281553397,0.017103117415048535,0.09485076608009707,"42: +0.016, 100: +0.065, 2026: +0.096","42: [+0.013, +0.020]; 100: [+0.059, +0.070]; 2026: [+0.091, +0.101]",3,3,256,0.05,True,True,consistent practical gain
count-recall-medium,confirmation,endpoint,primary,RSM residual - RSM,companion,raw_summary_residual,raw_summary,exact_accuracy,0.0012768001618122984,-0.0029587631472491886,0.00474154277912621,"42: -0.003, 100: +0.004, 2026: +0.003","42: [-0.006, +0.000]; 100: [+0.001, +0.007]; 2026: [+0.001, +0.004]",2,3,256,0.05,False,False,inconclusive
count-recall-medium,confirmation,endpoint,primary,RSM residual - RSM no carry,companion,raw_summary_residual,raw_segment,exact_accuracy,0.31074281957928795,0.29107156401699025,0.3329035194174757,"42: +0.292, 100: +0.307, 2026: +0.334","42: [+0.281, +0.303]; 100: [+0.296, +0.317]; 2026: [+0.324, +0.344]",3,3,256,0.05,True,True,consistent practical gain
count-recall-medium,confirmation,endpoint,primary,full history - RSM residual,companion,full_context,raw_summary_residual,exact_accuracy,0.00801476537216828,0.004538013248381875,0.012287621359223296,"42: +0.013, 100: +0.006, 2026: +0.005","42: [+0.010, +0.015]; 100: [+0.004, +0.008]; 2026: [+0.004, +0.007]",3,3,256,0.05,False,True,inconclusive
count-recall-medium,confirmation,endpoint,primary,RSM residual - Memo,companion,raw_summary_residual,memo,exact_accuracy,0.03423341423948218,0.02779884708737863,0.04046571601941746,"42: +0.040, 100: +0.036, 2026: +0.027","42: [+0.035, +0.044]; 100: [+0.033, +0.039]; 2026: [+0.025, +0.030]",3,3,256,0.05,False,True,inconclusive
count-recall-medium,confirmation,endpoint,primary,RSM residual - Memo fixed,companion,raw_summary_residual,memo_fixed,exact_accuracy,0.04639461974110031,0.04012407716423947,0.05514259708737862,"42: +0.055, 100: +0.042, 2026: +0.042","42: [+0.051, +0.060]; 100: [+0.039, +0.045]; 2026: [+0.039, +0.045]",3,3,256,0.05,False,True,inconclusive
count-recall-medium,confirmation,endpoint,primary,RSM residual - GRU,companion,raw_summary_residual,full_gru,exact_accuracy,0.06021187297734628,0.014372534890776695,0.09720115291262134,"42: +0.014, 100: +0.069, 2026: +0.098","42: [+0.011, +0.017]; 100: [+0.064, +0.073]; 2026: [+0.093, +0.103]",3,3,256,0.05,True,True,consistent practical gain
